TYPE	PACKAGE	CHAR_KEY	SELF_KEY	NAME	HINT	LINE
SKILL	bingshi		potshanxi		势贺齐	12
SKILL	bingshi		potqizhou		势贺齐	63
SKILL	bingshi		potheyun		势小乔	154
SKILL	bingshi		potyinhui		势小乔	240
SKILL	bingshi		potchiyun		势周瑜	411
SKILL	bingshi		potyanhui		势周瑜	525
SKILL	bingshi		potfentao		势周瑜	760
SKILL	bingshi		potxiongzi		购卡的新巧思-2-3-4-5-6	838
SKILL	bingshi		potduzuo		势程普	881
SKILL	bingshi		potbihan		势程普	911
SKILL	bingshi		potlibing		势夏侯霸	960
SKILL	bingshi		potpoxi		势夏侯霸	1052
SKILL	bingshi		potfaen		势陈群	1092
SKILL	bingshi		potdingpin		势陈群	1183
SKILL	bingshi		potsifeng		势曹真	1229
SKILL	bingshi		pothuilv		势吕壹	1378
SKILL	bingshi		potsongyan		势吕壹	1510
SKILL	bingshi		potshishi		势吕壹	1559
SKILL	bingshi		potdianyi		势曹爽	1650
SKILL	bingshi		potshequan		势曹爽	1744
SKILL	bingshi		potjianzhuan		势曹爽	1819
SKILL	bingshi		potnizun		势曹爽	1946
SKILL	bingshi		potfuan		势张任	2085
SKILL	bingshi		potyinxian		势张任	2247
SKILL	bingshi		potnigu		势孙綝	2291
SKILL	bingshi		potlulian		势孙綝	2381
SKILL	bingshi		pottuntian		势邓艾·重做	2448
SKILL	bingshi		potzaoxian		牢萌最爱的免费鸡蛋	2548
SKILL	bingshi		potjixi		牢萌最爱的免费鸡蛋	2575
SKILL	bingshi		mbsizi		势钟会	2620
SKILL	bingshi		mbxiezhi		势钟会	2752
SKILL	bingshi		mbyunan		势钟会	2792
SKILL	bingshi		mbkechang		势钟会	2820
SKILL	bingshi		pot_liezhi		势臧洪	2865
SKILL	bingshi		pot_jugu		势臧洪	2947
SKILL	bingshi		potqingyan		势陈矫	2967
SKILL	bingshi		potceduan		势陈矫	3049
SKILL	bingshi		old_pottuntian		旧的势邓艾（神笔三技能互绑的三血白）	3131
SKILL	bingshi		old_potjixi		剩下这部分ai直接照抄手杀界屯田力	3281
SKILL	bingshi		old_potzaoxian		剩下这部分ai直接照抄手杀界屯田力	3373
SKILL	bingshi		potgongmou		势桓阶（传奇搅屎棍，新时代鲁大师）	3399
SKILL	bingshi		potzhengshuo		势桓阶（传奇搅屎棍，新时代鲁大师）	3438
SKILL	bingshi		potjiejie		势辛宪英	3483
SKILL	bingshi		potqingshi		await target.viewHandcards(player);	3668
SKILL	bingshi		mbquanchong		陈祇	3708
SKILL	bingshi		mbrenxing		陈祇	3737
SKILL	bingshi		pothaoshi		势鲁肃	3840
SKILL	bingshi		potdimeng		势鲁肃	3992
SKILL	bingshi		mbxiongtu		孙峻	4107
SKILL	bingshi		mbxianshuai		孙峻	4203
SKILL	bingshi		potzhongao		势魏延	4303
SKILL	bingshi		potzhuangshi		势魏延	4380
SKILL	bingshi		potyinzhan		势魏延	4539
SKILL	bingshi		potkuanggu		势魏延	4589
SKILL	bingshi		mbfeijing		张燕	4695
SKILL	bingshi		mbxiaoge		张燕	4886
SKILL	bingshi		mbqingdao		国渊	4941
SKILL	bingshi		mbxiugeng		新函数chooseButtonTarget第一次使用，用法跟chooseCardTarget类似	5099
SKILL	bingshi		mbchenshe		新函数chooseButtonTarget第一次使用，用法跟chooseCardTarget类似	5169
SKILL	bingshi		mbchizhang		手杀黄祖	5216
SKILL	bingshi		mbduanyang		手杀黄祖	5306
SKILL	bingshi		mbganggeng		手杀田丰	5380
SKILL	bingshi		mbsijian		手杀田丰	5449
SKILL	bingshi		mbrunwei		手杀陆郁生	5571
SKILL	bingshi		mbshuanghuai		手杀陆郁生	5743
SKILL	bingshi		potwanglie		势陈到	5845
SKILL	bingshi		pothongyi		势陈到	5940
SKILL	bingshi		mbjianji		用同一张牌拼点神将	6028
SKILL	bingshi		mbyuanmo		其实不用看fixedResult吧，这会看card1，card2应该就可以了	6243
SKILL	bingshi		mbtanfeng		夏侯尚	6275
SKILL	bingshi		mbganjue		孙韶	6350
SKILL	bingshi		mbzhuji		孙韶	6405
SKILL	bingshi		mbxuye		庞羲	6529
SKILL	bingshi		mbkuangxiang		player.logSkill("mbxuye", [target], null, null, !isMax && target.isMaxHandcard() && target.countCards("ej") > 0 ? [1] : [get.rand(2, 3)]);	6558
SKILL	bingshi		potguansha		势娄圭	6661
SKILL	bingshi		potjiyu		势娄圭	6703
SKILL	bingshi		potdaozhuan		势于吉	6789
SKILL	bingshi		potfuji		势于吉	6998
SKILL	bingshi		spmiaolve		势董昭	7270
SKILL	bingshi		spyingjia		势董昭	7325
SKILL	bingshi		potzhanlie		势太史慈 ---	7412
SKILL	bingshi		pothanzhan		player.popup(choice);	7648
SKILL	bingshi		potzhenfeng		player.popup(choice);	7706
SKILL	clan		clankuanqu		族陆昙	7855
SKILL	clan		clananliu		族陆昙	7953
SKILL	clan		clanfuyao		族诸葛果	7992
SKILL	clan		clanfenshi		族诸葛果	8119
SKILL	clan		clanchengwang		族诸葛瞻	8143
SKILL	clan		clanzhuiji		族荀灌	8264
SKILL	clan		clanyunying		族荀灌	8305
SKILL	clan		clanshixi		族陆郁生	8334
SKILL	clan		clanjianbai		族陆郁生	8557
SKILL	clan		clanqingjue		族荀莳（族荀肘）	8729
SKILL	clan		clanxsyingxiang		太棒了，是宝宝标记，我们有救了！	8861
SKILL	clan		clanfenjian		族陈泰	8962
SKILL	clan		clandongxu		族陈泰	9079
SKILL	clan		clangezhi		族陈群	9247
SKILL	clan		clanmingdian		族陈群	9451
SKILL	clan		clanshize		重铸时手牌中有所有基本牌牌名且重铸后手牌中有缺少的基本牌牌名	9529
SKILL	clan		clandingan		族荀彧	9601
SKILL	clan		clanfuning		族荀彧	9729
SKILL	clan		clanheta		族韩馥	9803
SKILL	clan		clanyingxiang		族韩馥	9904
SKILL	clan		clangailan		族陆绩	10016
SKILL	clan		huntianyi_skill		族陆绩	10060
SKILL	clan		clanfennu		族陆绩	10131
SKILL	clan		clanzelie		lose_list.push([current, cards2]);	10257
SKILL	clan		clantanfeng		族陆景	10333
SKILL	clan		clanjuewei		族陆景	10401
SKILL	clan		clanjiannan		族杨彪	10510
SKILL	clan		clanyichi		族杨彪	10699
SKILL	clan		clanjuetu		族杨众	10772
SKILL	clan		clankudu		修复有些角色的牌不能在弃牌阶段弃置的bug	10851
SKILL	clan		clanyangji		族荀爽	10909
SKILL	clan		clandandao		族荀爽	10992
SKILL	clan		clanqingli		族荀爽	11015
SKILL	clan		clanjiewu		族杨修	11027
SKILL	clan		clangaoshi		族杨修	11137
SKILL	clan		clanqieyi		族杨赐	11238
SKILL	clan		clanjianzhi		族杨赐	11317
SKILL	clan		clanquhuo		族杨赐	11461
SKILL	clan		clangaojin		族吴懿	11544
SKILL	clan		old_clangaojin		距离变化后神将	11621
SKILL	clan		clanpoxi		i到j的距离	11687
SKILL	clan		clananran		族王沈	11759
SKILL	clan		clangaobian		族王沈	11845
SKILL	clan		clankaiji		族王昶	11907
SKILL	clan		clanchengqi		族钟繇	11982
SKILL	clan		clanjieli		族钟繇	12159
SKILL	clan		clantanque		族王明山	12233
SKILL	clan		clanshengmo		族王明山	12354
SKILL	clan		clanlilun		族贝斯塔[doge]	12526
SKILL	clan		clanjianji		族贝斯塔[doge]	12606
SKILL	clan		clanqiajue		族吴乔	12694
SKILL	clan		clanbaichu		族荀攸	12753
SKILL	clan		clanqiuxin		族王沦	12928
SKILL	clan		clanjianyuan		族王沦	13105
SKILL	clan		clanjiejian		族钟毓	13163
SKILL	clan		clanhuanghan		族钟毓	13230
SKILL	clan		clanyuzhi		族钟会	13295
SKILL	clan		clanxieshu		族钟会	13405
SKILL	clan		clanfuxun		族王浑	13460
SKILL	clan		clanchenya		族王浑	13681
SKILL	clan		clanjiexuan		族王允	13730
SKILL	clan		clanmingjie		族王允	13785
SKILL	clan		clanguangu		族钟琰	14026
SKILL	clan		clanxiaoyong		族钟琰	14225
SKILL	clan		clanbaozu		族钟琰	14363
SKILL	clan		clanbolong		族王凌	14387
SKILL	clan		clanzhongliu		族王凌	14482
SKILL	clan		clanlianzhu		族吴匡	14507
SKILL	clan		clanfangzhen		族韩韶	14741
SKILL	clan		clanliuju		族韩韶	14882
SKILL	clan		clanxumin		族韩韶	14981
SKILL	clan		clanlianhe		我们连和！（？）	15014
SKILL	clan		clanhuanjia		我们连和！（？）	15118
SKILL	clan		clansankuang		族荀谌	15248
SKILL	clan		clanbeishi		族荀谌	15342
SKILL	clan		clanshenjun		族荀淑	15393
SKILL	clan		clanbalong		族荀淑	15532
SKILL	clan		clanyunshen		族荀粲	15571
SKILL	clan		clanshangshen		族荀粲	15626
SKILL	clan		clanfenchai		族荀粲	15657
SKILL	clan		clanlieshi		族荀采	15749
SKILL	clan		clandianzhan		族荀采	15965
SKILL	clan		clanhuanyin		族荀采	16054
SKILL	clan		clandaojie		族荀采	16066
SKILL	clan		clanzhanding		族吴班	16154
SKILL	clan		clanyirong		族吴苋	16212
SKILL	clan		clanguixiang		族吴苋	16302
SKILL	clan		clanmuyin		族吴苋	16319
SKILL	clan		chenliuwushi		族吴苋	16354
SKILL	collab		oldianbu		OL牛马	16409
SKILL	collab		oljuhun		OL牛马	16412
SKILL	collab		boxue		博学曹冲	16416
SKILL	collab		zhizhong		博学曹冲	16560
SKILL	collab		haoxue		好学吕蒙	16641
SKILL	collab		qiongshe		好学吕蒙	16667
SKILL	collab		xiangxue		想学刘禅	16710
SKILL	collab		zhiyong		想学刘禅	16781
SKILL	collab		natulie		那兔	16925
SKILL	collab		natuheng		return player.countCards("h") != num;	16972
SKILL	collab		natuxing		return player.countCards("h") != num;	17084
SKILL	collab		natufu		return player.countCards("h") != num;	17175
SKILL	collab		natuyi		return player.countCards("h") != num;	17279
SKILL	collab		olweidai		乐曹丕	17566
SKILL	collab		olliangzi		乐曹丕	17603
SKILL	collab		yiran		魔周瑜	17673
SKILL	collab		olsuizhong		粘兽	17695
SKILL	collab		olnianyi		粘兽	17725
SKILL	collab		olfuyou		粘兽	17778
SKILL	collab		oljiangwu		乐诸葛亮	17808
SKILL	collab		olxinghan		适配单人控制（）	18278
SKILL	collab		dchaoshi		宫百万	18335
SKILL	collab		dcshentui		美腿之神	18380
SKILL	collab		dcxurui		美腿之神	18451
SKILL	collab		dcfanzhuan		逆转之神	18464
SKILL	collab		dcniyun		逆转之神	18482
SKILL	collab		dckeshui		睡眠之神	18496
SKILL	collab		dcbaibian		变幻之神	18552
SKILL	collab		dchuibian		抉择之神	18571
SKILL	collab		dcweiqu		委屈之神	18628
SKILL	collab		dcmaimeng		可爱之神	18697
SKILL	collab		dcgunyuan		体重之神	18776
SKILL	collab		dczuandai		体重之神	18797
SKILL	collab		mbjunkui		赤兔	18819
SKILL	collab		mbchiyuan		赤兔	18854
SKILL	collab		mbjiguan		绝影	18945
SKILL	collab		mbzhengpeng		绝影	18979
SKILL	collab		mbyuetan		的卢	19053
SKILL	collab		mbshezi		高达木牛流马	19138
SKILL	collab		mbyixing		刘巴！刘巴！刘巴！	19190
SKILL	collab		mbjimi		哈基术	19280
SKILL	collab		mbmaodie		哈基术	19360
SKILL	collab		dmchongqi		魔白马	19425
SKILL	collab		dmfanquan		魔白马	19452
SKILL	collab		bachiqionggouyu_skill		魔白马	19502
SKILL	collab		bazhijing_skill		魔白马	19524
SKILL	collab		olmojin		魔白马	19562
SKILL	collab		oldingbao		魔白马	19911
SKILL	collab		luoyangchan_skill		魔白马	19958
SKILL	collab		oltuoquan		乐刘禅 ————蜀十头	19993
SKILL	collab		oldianzan		乐刘禅 ————蜀十头	20131
SKILL	collab		olxianglv		乐刘禅 ————蜀十头	20179
SKILL	collab		olanle		乐刘禅 ————蜀十头	20225
SKILL	collab		dcyingyou		有诸葛亮 ————我才是奶龙！	20275
SKILL	collab		real_zhuge_skill		有诸葛亮 ————我才是奶龙！	20410
SKILL	collab		olandu		谋谋邓艾	20480
SKILL	collab		olqiqi		谋谋邓艾	20574
SKILL	collab		olhuaquan		狂李儒	20609
SKILL	collab		olsanou		狂李儒	20670
SKILL	collab		renhuoluan		忍邓艾&姜维	20780
SKILL	collab		renguxing		忍邓艾&姜维	20931
SKILL	collab		renneyan		忍邓艾&姜维	21014
SKILL	collab		renqianyao		忍邓艾&姜维	21100
SKILL	collab		strongduanti		健美圈冲儿	21203
SKILL	collab		stronglianwu		健美圈冲儿	21247
SKILL	collab		oltiangong		张角三兄弟	21287
SKILL	collab		oldigong		张角三兄弟	21323
SKILL	collab		olrengong		张角三兄弟	21399
SKILL	collab		dclieti		烈袁绍袁术	21466
SKILL	collab		dcshigong		因为需要兼容联机，所以加上replaceHandcards的时机，该事件是联机时的手气卡事件	21556
SKILL	collab		dcluankui		为false则表示不是第一次使用手牌，因为考虑到技能可能被失效导致第一张手牌受到限制所以用的false来赋值	21615
SKILL	collab		dcweiji		田忌	21688
SKILL	collab		dcsaima		田忌	21747
SKILL	collab		olyinfeng		夏侯恩	21790
SKILL	collab		olfulu		夏侯恩	21858
SKILL	collab		oljuejue		韩氏芜湖	21974
SKILL	collab		olpimi		韩氏芜湖	22007
SKILL	collab		dcbaoshi		食岑昏	22073
SKILL	collab		dcxinggong		食岑昏	22099
SKILL	collab		olsuichong		年兽	22149
SKILL	collab		olshouhun		年兽	22337
SKILL	collab		olzishu		十二生肖	22418
SKILL	collab		olchouniu		十二生肖	22456
SKILL	collab		olyinhu		十二生肖	22467
SKILL	collab		olmaotu		十二生肖	22521
SKILL	collab		olchenlong		十二生肖	22546
SKILL	collab		olsishe		十二生肖	22595
SKILL	collab		olwuma		十二生肖	22623
SKILL	collab		olweiyang		十二生肖	22659
SKILL	collab		olshenhou		十二生肖	22707
SKILL	collab		olyouji		十二生肖	22732
SKILL	collab		olxugou		十二生肖	22743
SKILL	collab		olhaizhu		十二生肖	22796
SKILL	collab		olfengzhu		战神吕布	22841
SKILL	collab		olyuyu		战神吕布	22892
SKILL	collab		ollbzhiji		战神吕布	22961
SKILL	collab		oljiejiu		战神吕布	23007
SKILL	collab		dcbeijin		卫青	23154
SKILL	collab		xingzhou		姜子牙	23256
SKILL	collab		lieshen		姜子牙	23307
SKILL	collab		zhuzhou		申公豹	23445
SKILL	collab		yaoxian		申公豹	23468
SKILL	collab		xwshoufa		寿星	23537
SKILL	collab		fuzhao		寿星	23620
SKILL	collab		oldingxi		江山如故二代目	23650
SKILL	collab		olnengchen		江山如故二代目	23736
SKILL	collab		olhuojie		江山如故二代目	23752
SKILL	collab		dcjuanlv		我们意念合一×2	23781
SKILL	collab		dcqixin		我们意念合一×2	23789
SKILL	collab		olhuyi		是的孩子们，我们意念合一	23921
SKILL	collab		dcchushan		无名	24118
SKILL	collab		dchuiwan		会玩孙权	24215
SKILL	collab		dchuanli		会玩孙权	24274
SKILL	collab		dcqiusuo		屈原	24430
SKILL	collab		dclisao		屈原	24444
SKILL	collab		dcbenxi		名将吴懿	24655
SKILL	collab		dclonghun		打赢复活赛的牢达[哭]	24770
SKILL	collab		dczhanjiang		打赢复活赛的牢达[哭]	24979
SKILL	collab		dcshuangbi		双壁=100%技能周瑜+100%原画孙策	24999
SKILL	collab		dcsantou		哪吒	25089
SKILL	collab		dcfaqi		哪吒	25187
SKILL	collab		dcjianxiong		隅泣曹操	25240
SKILL	collab		dcrende		缺德刘备	25299
SKILL	collab		dczhiheng		会玩孙权	25360
SKILL	collab		dcbianzhuang		朱铁雄	25483
SKILL	collab		dctongliao		小约翰可汗	25578
SKILL	collab		dcwudao		小约翰可汗	25683
SKILL	collab		clbjisu		叶诗文	25735
SKILL	collab		clbshuiyong		叶诗文	25763
SKILL	collab		clbshuijian		孙杨	25784
SKILL	collab		dclbjiuxian		李白	25796
SKILL	collab		dcshixian		李白	25842
SKILL	collab		dclonggong		龙王	25937
SKILL	collab		dcsitian		龙王	25965
SKILL	collab		dcjinjing		美猴王	26212
SKILL	collab		dccibei		美猴王	26224
SKILL	collab		dcruyi		美猴王	26251
SKILL	collab		ruyijingubang_skill		美猴王	26332
SKILL	collab		ruyijingubang_effect		美猴王	26445
SKILL	collab		dcnutao		涛神	26506
SKILL	collab		spduanzhi		铜雀台	26569
SKILL	collab		spduyi		铜雀台	26611
SKILL	collab		spduyi2		铜雀台	26653
SKILL	collab		spcangni		铜雀台	26666
SKILL	collab		spmixin		铜雀台	26741
SKILL	collab		spfengyin		铜雀台	26819
SKILL	collab		spchizhong		铜雀台	26868
SKILL	collab		fenxin_old		铜雀台	26880
SKILL	collab		quanjia		波仔	26960
SKILL	collab		xiaomian		香蕉端午	27017
SKILL	collab		xuyuan		香蕉端午	27037
SKILL	diy		noname_gongchuang		幻小无	27091
SKILL	diy		huan_duocai		幻小无	27256
SKILL	diy		noname_changeGroup		幻小无	27361
SKILL	diy		nspianwu		诗笺	27390
SKILL	diy		nsxingyun		派对浪客	29239
SKILL	diy		nshanlang		派对浪客	29390
SKILL	diy		nskuanhuai		钟离牧	29468
SKILL	diy		nsdingbian		钟离牧	29547
SKILL	diy		nstuilun		李密	29658
SKILL	diy		nsshizui		阮籍	29812
SKILL	diy		nsxiaoye		阮籍	29864
SKILL	diy		nsshimeng		臧洪	29937
SKILL	diy		nsqiyue		step 1	30015
SKILL	diy		nsxuezhu		step 1	30024
SKILL	diy		noname_zhuyuan		step 1	30038
SKILL	diy		noname_retieji		step 1	30157
SKILL	diy		noname_jiang		step 1	30166
SKILL	diy		noname_duocai		step 1	30175
SKILL	diy		nsbizhao		step 1	30253
SKILL	diy		nsqingde		step 1	30281
SKILL	diy		nsyidi		step 1	30387
SKILL	diy		nsfuzhou		step 1	30459
SKILL	diy		nsfuzhou_num		step 1	30509
SKILL	diy		nsguidao		step 1	30523
SKILL	diy		nstaiping		step 1	30593
SKILL	diy		nsweiyuan		step 1	30632
SKILL	diy		nsweiyuan_use		step 2	30702
SKILL	diy		nsjuxian		step 2	30808
SKILL	diy		nsjuxian2		step 2	30829
SKILL	diy		nsdiewu		step 2	30840
SKILL	diy		nslingying		step 2	30928
SKILL	diy		nspojian		step 2	30942
SKILL	diy		nsliegong		step 2	30963
SKILL	diy		nsguolie		step 2	30966
SKILL	diy		nsguolie2		step 2	30985
SKILL	diy		nslongyue		step 2	31041
SKILL	diy		nslongyue_ai		step 2	31065
SKILL	diy		nszhenyin		step 2	31089
SKILL	diy		nsxianhai		step 2	31201
SKILL	diy		nsxingchu		step 3	31273
SKILL	diy		nsshengyan		step 3	31303
SKILL	diy		nsdaizhan		step 3	31347
SKILL	diy		nsjiquan		step 3	31435
SKILL	diy		nsjiquan_mark		step 3	31483
SKILL	diy		nsfuwei		step 3	31490
SKILL	diy		nsdiemou		step 3	31508
SKILL	diy		nszhihuang		step 3	31527
SKILL	diy		nszhihuang_damage		step 1	31583
SKILL	diy		junksijun		OL神张角	31596
SKILL	diy		junkshicai		手杀削弱版许攸	31653
SKILL	diy		junklangmie		削弱版段煨	31731
SKILL	diy		junkwangxi		李典光速通渠传说	31842
SKILL	diy		junkjizhi		2013标准包双蜀黑	31854
SKILL	diy		junkqicai		step 2	31890
SKILL	diy		junkrende		step 2	31905
SKILL	diy		junktaoluan		十周年削弱版张让	31967
SKILL	diy		junktaoluan2		十周年削弱版张让	32120
SKILL	diy		junktaoluan3		十周年削弱版张让	32178
SKILL	diy		nshuaishuang		十周年削弱版张让	32190
SKILL	diy		nsfengli		十周年削弱版张让	32204
SKILL	diy		nsfengli_draw		十周年削弱版张让	32239
SKILL	diy		nsfengli_clear		十周年削弱版张让	32306
SKILL	diy		nsfengli2		十周年削弱版张让	32321
SKILL	diy		nsfengli_use		十周年削弱版张让	32331
SKILL	diy		ns_xiandao		十周年削弱版张让	32435
SKILL	diy		ns_chuanshu		十周年削弱版张让	32482
SKILL	diy		ns_chuanshu2		十周年削弱版张让	32508
SKILL	diy		ns_chuanshu3		十周年削弱版张让	32535
SKILL	diy		ns_xiuzheng		十周年削弱版张让	32556
SKILL	diy		nsanruo		十周年削弱版张让	32614
SKILL	diy		nsxunshan		十周年削弱版张让	32650
SKILL	diy		nskaicheng		十周年削弱版张让	32674
SKILL	diy		nsjuanli		step 3	32757
SKILL	diy		nsyuanchou		step 3	32879
SKILL	diy		nsguhuo		step 3	32902
SKILL	diy		nsbaiyi		step 3	32981
SKILL	diy		nsqinxue		step 3	33033
SKILL	diy		nsfuge		step 3	33084
SKILL	diy		nsbaiming		step 3	33117
SKILL	diy		nsxinzhan		step 3	33241
SKILL	diy		nstanbing		step 3	33315
SKILL	diy		nswangfeng		step 1	33357
SKILL	diy		nsfuhuo		step 1	33420
SKILL	diy		nsfuhuo2		step 1	33484
SKILL	diy		nshunji		step 1	33534
SKILL	diy		nsbaquan		step 1	33581
SKILL	diy		nschangshi		step 1	33621
SKILL	diy		nsjianning		step 1	33697
SKILL	diy		nscuanquan		step 1	33743
SKILL	diy		nstianji		step 1	33787
SKILL	diy		nsbugua		step 1	33808
SKILL	diy		nstuiyan		step 1	33904
SKILL	diy		nsshijun		step 1	34030
SKILL	diy		nszhaoxin		step 1	34054
SKILL	diy		nsxiuxin		step 1	34079
SKILL	diy		nscangxi		step 1	34089
SKILL	diy		nscangxi2		step 1	34105
SKILL	diy		nswulie		step 1	34203
SKILL	diy		nshunyou		step 2	34257
SKILL	diy		nsgongjian		step 2	34339
SKILL	diy		nscaijian		step 1	34374
SKILL	diy		nsdongcha		step 1	34422
SKILL	diy		nsjianxiong		step 1	34483
SKILL	diy		nsxionglue		step 1	34528
SKILL	diy		nshuanhuo		step 1	34571
SKILL	diy		nsyaowang		step 2	34627
SKILL	diy		nsjianshu		step 2	34708
SKILL	diy		nscangjian		step 2	34723
SKILL	diy		nsyunxing		step 2	34739
SKILL	diy		nsguanxing		step 1	34840
SKILL	diy		nshaoling		step 1	34943
SKILL	diy		nsgefa		step 1	35003
SKILL	diy		nscaiyi		step 1	35024
SKILL	diy		nspinmin		step 1	35060
SKILL	diy		nsshishou		step 1	35103
SKILL	diy		nsduijue		step 1	35140
SKILL	diy		nsshuangxiong		step 1	35203
SKILL	diy		nsguanyong		step 1	35213
SKILL	diy		nsjihui		step 1	35239
SKILL	diy		nsmouyun		step 1	35276
SKILL	diy		nscongjun		step 1	35297
SKILL	diy		nstaiping_nh		step 2	35356
SKILL	diy		nsshoudao		step 2	35440
SKILL	diy		nshuanxian		step 2	35534
SKILL	diy		nsnongquan		理论上我可以不改，但我不想格式化后还得正则替换，于是交给GPT-5 mini了，因为免费	35813
SKILL	diy		nsdufu		理论上我可以不改，但我不想格式化后还得正则替换，于是交给GPT-5 mini了，因为免费	35832
SKILL	diy		liangji		step 1	35862
SKILL	diy		jugong		step 1	35929
SKILL	diy		chengmou		step 2	36026
SKILL	diy		nsxinsheng		step 2	36055
SKILL	diy		nsdunxing		step 2	36066
SKILL	diy		tiangong		step 2	36077
SKILL	diy		tiangong2		step 2	36103
SKILL	diy		nsdingzhou		step 2	36118
SKILL	diy		junkyuheng		比原版更令人难以吐槽的神孙权	36155
SKILL	diy		junkdili		比原版更令人难以吐槽的神孙权	36225
SKILL	diy		junkshengzhi		比原版更令人难以吐槽的神孙权	36320
SKILL	diy		junkquandao		比原版更令人难以吐槽的神孙权	36365
SKILL	diy		junkchigang		比原版更令人难以吐槽的神孙权	36391
SKILL	diy		nsmanzhi		比原版更令人难以吐槽的神孙权	36422
SKILL	extra		jilin		应天司马懿！别肘	36558
SKILL	extra		yingyou		应天司马懿！别肘	36723
SKILL	extra		yingtian		应天司马懿！别肘	36814
SKILL	extra		changandajian_equip5		应天司马懿！别肘	36839
SKILL	extra		changandajian_destroy		应天司马懿！别肘	36843
SKILL	extra		dili		@ts-expect-error 神秘类型	36956
SKILL	extra		yuheng		让神山识能够获得东吴命运线	37335
SKILL	extra		new_wuhun		在已经发动过其他非锁定技时抽选技能	37472
SKILL	extra		new_guixin		在已经发动过其他非锁定技时抽选技能	37585
SKILL	extra		ol_shenfen		在已经发动过其他非锁定技时抽选技能	37705
SKILL	extra		ol_wuqian		在已经发动过其他非锁定技时抽选技能	37750
SKILL	extra		wumou		game.log(player,'获得了技能','#g【无双】');	37812
SKILL	extra		qinyin		game.log(player,'获得了技能','#g【无双】');	37858
SKILL	extra		lianpo		game.log(player,'获得了技能','#g【无双】');	37945
SKILL	extra		baonu		game.log(player,'获得了技能','#g【无双】');	37957
SKILL	extra		shenfen		game.log(player,'获得了技能','#g【无双】');	37982
SKILL	extra		wuqian		event.targets.sort(lib.sort.seat);	38024
SKILL	extra		renjie		event.targets.sort(lib.sort.seat);	38058
SKILL	extra		renjie2		event.targets.sort(lib.sort.seat);	38099
SKILL	extra		sbaiyin		event.targets.sort(lib.sort.seat);	38135
SKILL	extra		jilue		event.targets.sort(lib.sort.seat);	38153
SKILL	extra		jilue_guicai		event.targets.sort(lib.sort.seat);	38158
SKILL	extra		jilue_fangzhu		event.targets.sort(lib.sort.seat);	38235
SKILL	extra		jilue_wansha		priority:-1,	38300
SKILL	extra		jilue_zhiheng		priority:-1,	38338
SKILL	extra		jilue_jizhi		}	38388
SKILL	extra		wushen		}	38428
SKILL	extra		wuhun		}	38486
SKILL	extra		guixin		}	38528
SKILL	extra		qixing		}	38615
SKILL	extra		qixing2		下面内容直接复制的qixing2，仅ai做了改变	38705
SKILL	extra		dawu		下面内容直接复制的qixing2，仅ai做了改变	38760
SKILL	extra		dawu2		下面内容直接复制的qixing2，仅ai做了改变	38847
SKILL	extra		dawu3		下面内容直接复制的qixing2，仅ai做了改变	38866
SKILL	extra		kuangfeng		下面内容直接复制的qixing2，仅ai做了改变	38887
SKILL	extra		kuangfeng2		下面内容直接复制的qixing2，仅ai做了改变	38941
SKILL	extra		kuangfeng3		下面内容直接复制的qixing2，仅ai做了改变	38958
SKILL	extra		yeyan		下面内容直接复制的qixing2，仅ai做了改变	38979
SKILL	extra		longhun		下面内容直接复制的qixing2，仅ai做了改变	39125
SKILL	extra		longhun1		下面内容直接复制的qixing2，仅ai做了改变	39220
SKILL	extra		longhun2		下面内容直接复制的qixing2，仅ai做了改变	39245
SKILL	extra		longhun3		下面内容直接复制的qixing2，仅ai做了改变	39270
SKILL	extra		longhun4		下面内容直接复制的qixing2，仅ai做了改变	39295
SKILL	extra		juejing		下面内容直接复制的qixing2，仅ai做了改变	39320
SKILL	extra		relonghun		priority:-5,	39346
SKILL	extra		xinjuejing		game.log(trigger.cards)	39614
SKILL	extra		shelie		game.log(trigger.cards)	39648
SKILL	extra		gongxin		game.log(trigger.cards)	39682
SKILL	extra		nzry_longnu		神刘备	39750
SKILL	extra		nzry_jieying		神刘备	39869
SKILL	extra		nzry_junlve		神刘备	39967
SKILL	extra		nzry_cuike		神刘备	39983
SKILL	extra		nzry_dinghuo		神刘备	40027
SKILL	extra		drlt_duorui		神刘备	40094
SKILL	extra		duorui_clear		神刘备	40180
SKILL	extra		drlt_duorui1		神刘备	40197
SKILL	extra		drlt_zhiti		神刘备	40227
SKILL	extra		g_drlt_zhiti		神刘备	40279
SKILL	extra		drlt_poxi		神刘备	40293
SKILL	extra		drlt_poxi1		弃牌	40446
SKILL	extra		drlt_jieying		弃牌	40453
SKILL	huicui		dcqiansu		新杀费祎	40638
SKILL	huicui		dcxingbang		新杀费祎	40665
SKILL	huicui		dcfanhuo		新杀费祎	40708
SKILL	huicui		dcfuyue		乐曹植	40749
SKILL	huicui		dcwenlan		添加临时标记翻译，着重用于重连显示	40881
SKILL	huicui		dczhoufa		木鹿大王	41050
SKILL	huicui		dcshouqun		木鹿大王	41119
SKILL	huicui		dcyuxiang		木鹿大王	41209
SKILL	huicui		dchuozhong		魏讽	41237
SKILL	huicui		dczhuguo		让这些角色依次弃置与展示牌类型相同的所有牌（包括手牌和装备区）	41369
SKILL	huicui		dcbinji		张世平	41394
SKILL	huicui		dczangmao		张世平	41494
SKILL	huicui		dczhangguan		马邈	41613
SKILL	huicui		dccongfeng		player.addTempSkill("dczhangguan_effect");	41701
SKILL	huicui		dczouyi		吉吉国王	41755
SKILL	huicui		dcyanxi		吉吉国王	41920
SKILL	huicui		dcgengdu		新杀诸葛均	41975
SKILL	huicui		dcgumai		新杀诸葛均	42179
SKILL	huicui		dcguying		新杀向宠	42245
SKILL	huicui		dcmuzhen		新杀向宠	42331
SKILL	huicui		dcboxuan		新杀夏侯玄	42425
SKILL	huicui		dcboxuan_rewrite		新杀夏侯玄	42497
SKILL	huicui		dcyizheng		空技能，博玄修改后	42500
SKILL	huicui		dcguilin		先选牌	42592
SKILL	huicui		dcxianniang		侯成	42624
SKILL	huicui		dcmurui		张翼	42770
SKILL	huicui		dcaoren		direct打赢复活赛力	42815
SKILL	huicui		dcpingzhi		庞宏	42841
SKILL	huicui		dcgangjian		庞宏	42932
SKILL	huicui		dcguyin		乐周瑜	42961
SKILL	huicui		dcpinglu		乐周瑜	43007
SKILL	huicui		dctanban		乐貂蝉	43065
SKILL	huicui		dcdiou		乐貂蝉	43112
SKILL	huicui		dcshuangrui		黄舞蝶	43177
SKILL	huicui		dcfuxie		黄舞蝶	43234
SKILL	huicui		dcshouxing		黄舞蝶	43345
SKILL	huicui		dcshaxue		黄舞蝶	43387
SKILL	huicui		dcxiongyi		马腾	43408
SKILL	huicui		dcremanhou		群祝融	43458
SKILL	huicui		dcretanluan		await player.loseHp();	43542
SKILL	huicui		dcmanhou		await player.loseHp();	43643
SKILL	huicui		dctanluan		await player.loseHp();	43703
SKILL	huicui		dcxidi		乐诸葛果	43794
SKILL	huicui		dcchengyan		乐诸葛果	43849
SKILL	huicui		dcyunzheng		乐邹氏	43897
SKILL	huicui		dchuoxin		乐邹氏	44043
SKILL	huicui		dcjigu		乐祢衡	44123
SKILL	huicui		dcsirui		乐祢衡	44195
SKILL	huicui		dctunchu		李丰	44299
SKILL	huicui		dcshuliang		李丰	44391
SKILL	huicui		dcduanti		吴普	44479
SKILL	huicui		dcshicao		吴普	44533
SKILL	huicui		dcjianzhuan		新杀曹爽	44641
SKILL	huicui		dcfanshi		新杀曹爽	44848
SKILL	huicui		dcfudou		新杀曹爽	44881
SKILL	huicui		dcsanshi		司马师	44922
SKILL	huicui		dczhenrao		司马师	45056
SKILL	huicui		dcchenlve		司马师	45113
SKILL	huicui		dcjichou		王凌	45188
SKILL	huicui		dcmouli		王凌	45285
SKILL	huicui		dczifu		王凌	45316
SKILL	huicui		dcshiju		蒋济	45364
SKILL	huicui		dcyingshi		蒋济	45485
SKILL	huicui		dcgangu		公孙修	45559
SKILL	huicui		dckuizhen		公孙修	45578
SKILL	huicui		dcfuli		刘理	45689
SKILL	huicui		dcdehua		刘理	45831
SKILL	huicui		dcshoucheng		蒋琬费祎	45928
SKILL	huicui		dczixi		乐大乔	45988
SKILL	huicui		dckrmingshi		孔融	46292
SKILL	huicui		dcmanwang		新服SP孟获	46346
SKILL	huicui		dcpanqin		新服SP孟获	46392
SKILL	huicui		dcqiqin		小乔	46449
SKILL	huicui		dcweiwan		小乔	46499
SKILL	huicui		dcyijia		董昭	46636
SKILL	huicui		dcdingji		董昭	46690
SKILL	huicui		dcliangxiu		蒯祺	46788
SKILL	huicui		dcxunjie		蒯祺	46932
SKILL	huicui		dcjiaowei		乐蔡邕	47059
SKILL	huicui		dcfeibai		乐蔡邕	47128
SKILL	huicui		dccaisi		庞山民	47177
SKILL	huicui		dczhuoli		庞山民	47216
SKILL	huicui		dcbeini		魏贾充	47231
SKILL	huicui		dcshizong		魏贾充	47347
SKILL	huicui		dclvecheng		张曼成	47543
SKILL	huicui		dczhongji		张曼成	47691
SKILL	huicui		dclingkong		乐周妃	47767
SKILL	huicui		dcxianshu		乐周妃	47836
SKILL	huicui		dcyouzhan		吴班	47937
SKILL	huicui		dcshuangjia		乐蔡文姬	48032
SKILL	huicui		dcbeifen		乐蔡文姬	48080
SKILL	huicui		dcmanzhi		孟优	48156
SKILL	huicui		dczigu		孙綝	48302
SKILL	huicui		dczuowei		step 2	48383
SKILL	huicui		dcminze		刘宠骆俊	48520
SKILL	huicui		dcjini		刘宠骆俊	48582
SKILL	huicui		dcporui		乐綝	48643
SKILL	huicui		dcgonghu		乐綝	48742
SKILL	huicui		dcxiangshu		张闿	48875
SKILL	huicui		dcmoyu		裴元绍	48957
SKILL	huicui		oldmoyu		裴元绍	49107
SKILL	huicui		dcjizhong		张楚	49273
SKILL	huicui		dcrihui		张楚	49320
SKILL	huicui		dcguangshi		张楚	49376
SKILL	huicui		dcshengdu		董绾	49393
SKILL	huicui		dcjieling		董绾	49445
SKILL	huicui		dcmoshou		袁胤	49536
SKILL	huicui		dcyunjiu		袁胤	49582
SKILL	huicui		dcchiying		高翔	49651
SKILL	huicui		dcgue		霍峻	49711
SKILL	huicui		dcsigong		霍峻	49800
SKILL	huicui		dchuiling		孙寒华	49890
SKILL	huicui		dcchongxu		孙寒华	50081
SKILL	huicui		dctaji		孙寒华	50125
SKILL	huicui		dcqinghuang		孙寒华	50237
SKILL	huicui		dcyinlu		孟节	50269
SKILL	huicui		dcyouqi		孟节	50692
SKILL	huicui		dcqinshen		孙资刘放	50715
SKILL	huicui		dcweidang		孙资刘放	50735
SKILL	huicui		dcneifa		三袁	50779
SKILL	huicui		dcneifa_basic		三袁	50860
SKILL	huicui		dcneifa_trick		三袁	50917
SKILL	huicui		dcaishou		桥蕤	50997
SKILL	huicui		dcsaowei		桥蕤	51079
SKILL	huicui		dckanji		向朗	51158
SKILL	huicui		dcqianzheng		向朗	51214
SKILL	huicui		dchaochong		秦朗	51265
SKILL	huicui		dcjinjin		秦朗	51334
SKILL	huicui		dcxuewei		二傅	51426
SKILL	huicui		dcyuguan		二傅	51483
SKILL	huicui		dcqiangzhi		郑浑	51534
SKILL	huicui		dcpitian		郑浑	51657
SKILL	huicui		dcqingren		新服二赵	51728
SKILL	huicui		dclongyuan		新服二赵	51742
SKILL	huicui		dcqinqing		黄皓	51762
SKILL	huicui		dccunwei		黄皓	51817
SKILL	huicui		dcjuying		刘辟	51834
SKILL	huicui		dcjianshu		新服加强魏贾诩	51962
SKILL	huicui		dcyongdi		新服加强魏贾诩	52047
SKILL	huicui		dcsilve		雷普	52100
SKILL	huicui		dcshuaijie		雷普	52245
SKILL	huicui		dcyiyong		庞会	52344
SKILL	huicui		dcsuchou		usable:2,	52445
SKILL	huicui		dccuijin		乐就	52497
SKILL	huicui		dcxieshou		陈矫	52683
SKILL	huicui		dcxieshoux		step 2	52747
SKILL	huicui		dcqingyan		step 2	52762
SKILL	huicui		dcqizi		step 2	52793
SKILL	huicui		dczhenze		公孙度	52806
SKILL	huicui		dcanliao		公孙度	52867
SKILL	huicui		dcchongwang		王烈	52912
SKILL	huicui		dchuagui		王烈	52996
SKILL	huicui		dcyingtu		陈珪	53148
SKILL	huicui		dccongshi		陈珪	53218
SKILL	huicui		dcquanjian		黄权	53230
SKILL	huicui		dctujue		黄权	53416
SKILL	huicui		dcyingyu		尹夫人	53454
SKILL	huicui		dcyongbi		尹夫人	53519
SKILL	huicui		dcshuhe		吕旷吕翔	53620
SKILL	huicui		dcliehou		吕旷吕翔	53732
SKILL	huicui		suoliang		管亥	53779
SKILL	huicui		qinbao		管亥	53810
SKILL	huicui		midu		胡昭	53846
SKILL	huicui		xianwang		胡昭	53987
SKILL	huicui		dczhubi		刘巴	54008
SKILL	huicui		dcliuzhuan		刘巴	54036
SKILL	huicui		suizheng		张勋	54185
SKILL	huicui		dcshuangren		纪灵	54277
SKILL	huicui		dcdeshao		羊祜	54385
SKILL	huicui		dcmingfa		羊祜	54409
SKILL	huicui		lianzhou		蔡瑁张允	54551
SKILL	huicui		jinglan		step 2	54597
SKILL	huicui		xingchong		滕公主	54616
SKILL	huicui		liunian		滕公主	54736
SKILL	huicui		dcjiezhen		黄承彦	54786
SKILL	huicui		dczecai		黄承彦	54903
SKILL	huicui		dcyinshi		黄承彦	54975
SKILL	huicui		xizhen		高览	55002
SKILL	huicui		dunshi		管宁	55099
SKILL	huicui		xunli		吉本	55399
SKILL	huicui		zhishi		吉本	55482
SKILL	huicui		lieyi		吉本	55564
SKILL	huicui		bingjie		马日磾	55635
SKILL	huicui		zhengding		马日磾	55685
SKILL	huicui		xiecui		孙茹	55711
SKILL	huicui		youxu		孙茹	55774
SKILL	huicui		fuping		夏侯令女	55827
SKILL	huicui		weilie		夏侯令女	55969
SKILL	huicui		yuanyu		Partly powered by 烟雨墨染	56013
SKILL	huicui		xiyan		step 2	56188
SKILL	huicui		chenjian		滕胤	56287
SKILL	huicui		xixiu		滕胤	56459
SKILL	huicui		tongli		张嫙	56506
SKILL	huicui		shezang		return !evtx.card.storage||!evtx.card.storage.tongli;	56601
SKILL	huicui		huguan		王桃王悦	56625
SKILL	huicui		yaopei		王桃王悦	56745
SKILL	huicui		mingluan		王桃王悦	56839
SKILL	huicui		jinhui		赵嫣	56905
SKILL	huicui		qingman		赵嫣	57065
SKILL	huicui		yachai		何晏	57093
SKILL	huicui		qingtan		何晏	57227
SKILL	huicui		jianliang		邓芝	57350
SKILL	huicui		weimeng		邓芝	57376
SKILL	huicui		yusui		冯熙	57423
SKILL	huicui		boyan		step 2	57488
SKILL	huicui		rekuangcai		祢衡	57548
SKILL	huicui		reshejian		祢衡	57606
SKILL	huicui		refuyuan		陈登	57681
SKILL	huicui		reyingshui		陈登	57703
SKILL	huicui		rewangzu		陈登	57750
SKILL	huicui		zhenge		万年公主	57787
SKILL	huicui		xinghan		万年公主	57864
SKILL	huicui		refenglve		荀谌	57908
SKILL	huicui		anyong		step 1	57986
SKILL	huicui		zhuning		刘永	58023
SKILL	huicui		fengxiang		刘永	58120
SKILL	huicui		rekuanshi		阚泽	58229
SKILL	huicui		guowu		吕玲绮	58281
SKILL	huicui		zhuangrong		step 2	58379
SKILL	huicui		llqshenwei		step 2	58400
SKILL	huicui		cuijian		step 2	58412
SKILL	huicui		zhtongyuan		step 2	58482
SKILL	huicui		zhente		陆郁生	58573
SKILL	huicui		zhente2		陆郁生	58624
SKILL	huicui		zhiwei		陆郁生	58648
SKILL	huicui		zhiwei2		陆郁生	58693
SKILL	huicui		spwanggui		华歆	58794
SKILL	huicui		wanggui		华歆	58855
SKILL	huicui		xibing		华歆	58902
SKILL	huicui		remeibu		小虎	58960
SKILL	huicui		remumu		小虎	59017
SKILL	huicui		rezhixi		小虎	59112
SKILL	huicui		relianzhu		董白	59129
SKILL	huicui		rexiahui		董白	59190
SKILL	huicui		dcmiyun		周善	59283
SKILL	huicui		dcdanying		周善	59419
SKILL	huicui		dcxunji		蔡阳	59536
SKILL	huicui		dcjiaofeng		蔡阳	59602
SKILL	huicui		liedan		夏侯杰	59624
SKILL	huicui		zhuangdan		夏侯杰	59662
SKILL	huicui		recangchu		乌巢酒仙	59684
SKILL	huicui		recangchu2		乌巢酒仙	59709
SKILL	huicui		recangchu3		乌巢酒仙	59725
SKILL	huicui		reliangying		乌巢酒仙	59737
SKILL	huicui		reshishou		乌巢酒仙	59826
SKILL	huicui		reshishou2		乌巢酒仙	59845
SKILL	huicui		cxliushi		曹性	59858
SKILL	huicui		cxliushi2		曹性	59926
SKILL	huicui		zhanwan		曹性	59939
SKILL	huicui		xuxie		说出吾名吓汝一跳	59969
SKILL	huicui		chijian		夏侯恩	60089
SKILL	huicui		shiwu		夏侯恩	60123
SKILL	huicui		xinkuangfu		新潘凤	60179
SKILL	jsrg		jsrgqiluan		张举	60316
SKILL	jsrg		jsrgxiangjia		技能收益太低，不写AI了	60407
SKILL	jsrg		jsrggangfen		陈蕃	60468
SKILL	jsrg		jsrgdangren		绝对保守策略：队友数大于来源牌数才发动技能	60538
SKILL	jsrg		jsrgruzong		卢植	60650
SKILL	jsrg		jsrgdaoren		卢植	60711
SKILL	jsrg		jsrgyansha		刘表	60765
SKILL	jsrg		jsrgqingping		}	60825
SKILL	jsrg		jsrgzhushou		张奂	60838
SKILL	jsrg		jsrgyangge		张奂	60907
SKILL	jsrg		jsrgguanshi		董卓	60946
SKILL	jsrg		jsrgcangxiong		董卓	61081
SKILL	jsrg		jsrgjiebing		董卓	61150
SKILL	jsrg		jsrgbaowei		董卓	61190
SKILL	jsrg		jsrgsaojian		阳球	61229
SKILL	jsrg		mbsaojian		血多无所谓	61310
SKILL	jsrg		jsrgxiangru		张角	61518
SKILL	jsrg		jsrgwudao		资敌的代价太大，因此不到万不得已不给牌	61665
SKILL	jsrg		jsrgjinglei		资敌的代价太大，因此不到万不得已不给牌	61682
SKILL	jsrg		jsrgzhongzen		宋皇后	61732
SKILL	jsrg		jsrgxuchong		暂时没有写给牌AI	61795
SKILL	jsrg		jsrgzonghai		曹节王甫	61838
SKILL	jsrg		jsrgjueyin		自救还要挨一刀，最好的反制方法就是跟对面爆了	61953
SKILL	jsrg		jsrgzhimeng		梦袁绍	61982
SKILL	jsrg		jsrgtianyu		展示完了 开始拿牌	62059
SKILL	jsrg		jsrgzhuni		frequent: true,	62093
SKILL	jsrg		jsrghezhi		上Buff	62185
SKILL	jsrg		xumou_jsrg_temp		蓄谋临时禁用	62191
SKILL	jsrg		jsrgwentian		404诸葛亮	62206
SKILL	jsrg		jsrgchushi		404诸葛亮	62339
SKILL	jsrg		jsrgyinlve		听话的主公应该忠臣给啥你亮啥	62458
SKILL	jsrg		jsrgjinfa		姜维	62494
SKILL	jsrg		jsrgfumou		姜维	62587
SKILL	jsrg		jsrgxuanfeng		姜维	62688
SKILL	jsrg		jsrgyoujin		陆逊	62730
SKILL	jsrg		jsrgdailao		陆逊	62791
SKILL	jsrg		jsrgzhubei		陆逊	62817
SKILL	jsrg		jsrglonglin		赵云	62871
SKILL	jsrg		jsrgzhendan		赵云	62967
SKILL	jsrg		jsrgyingshi		司马懿	63094
SKILL	jsrg		jsrgtuigu		司马懿	63152
SKILL	jsrg		jsrgeqian		郭循	63266
SKILL	jsrg		jsrgfusha		郭循	63367
SKILL	jsrg		jsrgdaimou		大小虎	63395
SKILL	jsrg		jsrgfangjie		大小虎	63476
SKILL	jsrg		jsrgzhaotu		曹芳	63514
SKILL	jsrg		jsrgjingju		曹芳	63576
SKILL	jsrg		jsrgweizhui		曹芳	63716
SKILL	jsrg		jsrgyaoyan		孙峻	63746
SKILL	jsrg		jsrgbazheng		孙峻	63936
SKILL	jsrg		jsrgdanxin		刘永	63989
SKILL	jsrg		jsrgfengxiang		刘永	64145
SKILL	jsrg		jsrgfuhai		刘永	64198
SKILL	jsrg		jsrgtongli		张嫙	64292
SKILL	jsrg		jsrgshezang		张嫙	64338
SKILL	jsrg		jsrgchiying		张嫙	64394
SKILL	jsrg		jsrgpianchong		郭照	64449
SKILL	jsrg		jsrgzunwei		郭照	64472
SKILL	jsrg		jsrgqingzi		404郭嘉	64657
SKILL	jsrg		jsrgdingce		404郭嘉	64749
SKILL	jsrg		jsrgzhenfeng		404郭嘉	64815
SKILL	jsrg		jsrgbaohe		张飞	65039
SKILL	jsrg		jsrgxushi		张飞	65132
SKILL	jsrg		jsrgzhuiming		张飞	65216
SKILL	jsrg		jsrgshacheng		娄圭	65339
SKILL	jsrg		jsrgninghan		娄圭	65474
SKILL	jsrg		jsrgfuni		张任	65525
SKILL	jsrg		jsrgchuanxin		张任	65706
SKILL	jsrg		jsrgcuifeng		黄忠	65789
SKILL	jsrg		jsrgdengnan		黄忠	65889
SKILL	jsrg		jsrgfenjian		夏侯荣	65951
SKILL	jsrg		jsrgguiji		孙尚香	66078
SKILL	jsrg		jsrgjiaohao		孙尚香	66169
SKILL	jsrg		jsrgmanjuan		庞统	66252
SKILL	jsrg		jsrgyangming		庞统	66464
SKILL	jsrg		jsrgniluan		韩遂	66556
SKILL	jsrg		jsrghuchou		韩遂	66665
SKILL	jsrg		jsrgjiemeng		韩遂	66765
SKILL	jsrg		jsrghuozhong		张楚	66802
SKILL	jsrg		jsrgrihui		张楚	66865
SKILL	jsrg		jsrghujian		夏侯恩	66920
SKILL	jsrg		jsrgshili		step 1	66994
SKILL	jsrg		jsrgfushan		范疆张达	67014
SKILL	jsrg		jsrgduxing		404孙策	67089
SKILL	jsrg		jsrgzhiheng		404孙策	67170
SKILL	jsrg		jsrgzhasi		404孙策	67190
SKILL	jsrg		jsrgbashi		404孙策	67234
SKILL	jsrg		jsrglipan		许攸	67331
SKILL	jsrg		jsrgqingxi		许攸	67453
SKILL	jsrg		jsrgjinmie		许攸	67529
SKILL	jsrg		jsrgwuchang		吕布	67602
SKILL	jsrg		jsrgqingjiao		吕布	67649
SKILL	jsrg		jsrgchengxu		吕布	67725
SKILL	jsrg		jsrgqiongtu		张郃	67749
SKILL	jsrg		jsrgxianzhu		张郃	67848
SKILL	jsrg		jsrgguyin		邹氏	67961
SKILL	jsrg		jsrgzhangdeng		邹氏	68012
SKILL	jsrg		jsrgguanjue		关羽	68066
SKILL	jsrg		jsrgnianen		关羽	68111
SKILL	jsrg		jsrglunshi		生鱼片	68236
SKILL	jsrg		jsrgguitu		step 1	68281
SKILL	jsrg		jsrgjixiang		甄宓	68432
SKILL	jsrg		jsrgchengxian		甄宓	68615
SKILL	jsrg		jsrgzhengbing		张辽	68733
SKILL	jsrg		jsrgtuwei		张辽	68788
SKILL	jsrg		jsrgbiaozhao		许贡	68869
SKILL	jsrg		jsrgyechou		许贡	68939
SKILL	jsrg		jsrgcangchu		淳于琼	68999
SKILL	jsrg		jsrgshishou		淳于琼	69031
SKILL	jsrg		sbyingmen		江山如故·起	69107
SKILL	jsrg		sbpingjian		lib.skill.rehuashen.createAudio(name,skill,'jsrg_xushao');	69244
SKILL	jsrg		jsrgchaozheng		照抄content.createTrigger的技能提示部分	69380
SKILL	jsrg		jsrgshenchong		照抄content.createTrigger的技能提示部分	69415
SKILL	jsrg		jsrgfeiyang		照抄content.createTrigger的技能提示部分	69455
SKILL	jsrg		jsrgbahu		照抄content.createTrigger的技能提示部分	69505
SKILL	jsrg		jsrgjulian		照抄content.createTrigger的技能提示部分	69519
SKILL	jsrg		jsrgzhaobing		何进	69575
SKILL	jsrg		jsrgzhuhuan		何进	69632
SKILL	jsrg		jsrgyanhuo		何进	69687
SKILL	jsrg		jsrgpingtao		孙坚	69693
SKILL	jsrg		jsrgjuelie		孙坚	69747
SKILL	jsrg		jsrgguanhuo		皇甫嵩	69835
SKILL	jsrg		jsrgjuxia		皇甫嵩	69914
SKILL	jsrg		jsrg_new_juxia		皇甫嵩	69962
SKILL	jsrg		jsrgyingmen		许劭	69987
SKILL	jsrg		jsrgpingjian		if(infox.group) delete infox.group;	70169
SKILL	jsrg		jsrgshichong		董白	70281
SKILL	jsrg		jsrglianzhu		董白	70333
SKILL	jsrg		jsrg_new_lianzhu		董白	70379
SKILL	jsrg		jsrgjuezhi		桥玄	70480
SKILL	jsrg		jsrg_new_juezhi		桥玄	70548
SKILL	jsrg		jsrgjizhao		桥玄	70588
SKILL	jsrg		jsrgzhaohan		杨彪	70734
SKILL	jsrg		jsrgrangjie		locked:false,	70749
SKILL	jsrg		jsrgyizheng		locked:false,	70839
SKILL	jsrg		jsrglirang		孔融	70906
SKILL	jsrg		jsrgzhengyi		孔融	70972
SKILL	jsrg		jsrg_new_lirang		孔融	71018
SKILL	jsrg		jsrg_new_zhengyi		孔融	71080
SKILL	jsrg		jsrgfendi		朱儁	71157
SKILL	jsrg		jsrgjuxiang		朱儁	71265
SKILL	jsrg		jsrgjishan		刘备	71379
SKILL	jsrg		jsrgzhenqiao		刘备	71451
SKILL	jsrg		jsrgshelun		王允	71490
SKILL	jsrg		jsrgfayi		王允	71552
SKILL	jsrg		jsrgtushe		王允	71597
SKILL	jsrg		jsrgtongjue		王允	71715
SKILL	jsrg		jsrgzhenglve		404曹操	71791
SKILL	jsrg		jsrghuilie		404曹操	71909
SKILL	jsrg		jsrgpingrong		404曹操	71929
SKILL	jsrg		jsrgshoushu		南华老仙	71973
SKILL	jsrg		jsrgxundao		return event.name!='phase'||game.phaseNumber==0;	72045
SKILL	jsrg		jsrglinghua		return event.name!='phase'||game.phaseNumber==0;	72167
SKILL	jsrg		jsrgshanzheng		贾南风	72245
SKILL	jsrg		jsrgxiongbao		贾南风	72317
SKILL	jsrg		jsrgliedu		贾南风	72362
SKILL	jsrg		jsrgfuzhen		文鸯	72388
SKILL	jsrg		jsrgbeizhi		诞神	72461
SKILL	jsrg		jsrgshenji		诞神	72547
SKILL	jsrg		jsrgchengliu		王濬	72567
SKILL	jsrg		jsrgjianlou		王濬	72643
SKILL	jsrg		jsrgciyin		李密	72732
SKILL	jsrg		jsrgchendu		李密	72935
SKILL	jsrg		jsrgqiantun		司马昭	73052
SKILL	jsrg		jsrgxiezheng		司马昭	73121
SKILL	jsrg		jsrgzhaoxiong		司马昭	73205
SKILL	jsrg		jsrgweisi		司马昭	73225
SKILL	jsrg		jsrgdangyi		司马昭	73300
SKILL	jsrg		jsrgzuozhan		司马昭	73390
SKILL	jsrg		jsrgcuibing		司马昭	73507
SKILL	jsrg		jsrglangan		司马昭	73578
SKILL	jsrg		jsrgpiqi		邓艾	73595
SKILL	jsrg		jsrgzhoulin		邓艾	73663
SKILL	jsrg		jsrgsheju		司马亮	73696
SKILL	jsrg		jsrgzuwang		司马亮	73736
SKILL	jsrg		jsrgqinrao		秃发树机能	73747
SKILL	jsrg		jsrgfuran		秃发树机能	73825
SKILL	jsrg		jsrgzhuwei		陆抗	73852
SKILL	jsrg		jsrgkuangjian		陆抗	73897
SKILL	jsrg		jsrgfennan		马隆	74085
SKILL	jsrg		jsrgxunji		马隆	74188
SKILL	key		tenzen_fenghuan		加纳天善（改版）	74312
SKILL	key		tenzen_retianquan		加纳天善（改版）	74392
SKILL	key		kyou_zhidian		藤林杏	74473
SKILL	key		kyou_duanfa		藤林杏	74586
SKILL	key		kotarou_aurora		天王寺瑚太朗	74623
SKILL	key		kotarou_rewrite		天王寺瑚太朗	74645
SKILL	key		kotarou_rewrite_damage		天王寺瑚太朗	74813
SKILL	key		kotarou_rewrite_recover		天王寺瑚太朗	74824
SKILL	key		kotarou_rewrite_sha		天王寺瑚太朗	74835
SKILL	key		kotarou_rewrite_block		天王寺瑚太朗	74850
SKILL	key		kyouko_rongzhu		伊座并杏子	74863
SKILL	key		kyouko_gongmian		伊座并杏子	74921
SKILL	key		kyouko_gongmian_use		伊座并杏子	74985
SKILL	key		kyouko_gongmian_discard		伊座并杏子	75053
SKILL	key		yuuki_yicha		冰室忧希	75097
SKILL	key		kud_qiaoshou		库特莉亚芙卡	75298
SKILL	key		kud_buhui		库特莉亚芙卡	75499
SKILL	key		kud_chongzhen		库特莉亚芙卡	75527
SKILL	key		misuzu_hengzhou		神尾观铃	75531
SKILL	key		misuzu_nongyin		神尾观铃	75576
SKILL	key		misuzu_zhongxing		神尾观铃	75611
SKILL	key		kamome_suitcase		久岛鸥	75636
SKILL	key		kamome_yangfan		久岛鸥	75647
SKILL	key		kamome_huanmeng		久岛鸥	75679
SKILL	key		kamome_jieban		久岛鸥	75687
SKILL	key		nao_duyin		友利奈绪	75790
SKILL	key		nao_duyin2		友利奈绪	75826
SKILL	key		nao_wanxin		友利奈绪	75866
SKILL	key		nao_shouqing		友利奈绪	75904
SKILL	key		nao_shouqing2		友利奈绪	75907
SKILL	key		nao_shouqing3		友利奈绪	75955
SKILL	key		minagi_peiquan		远野美凪&远野小满	75975
SKILL	key		minagi_huanliu		远野美凪&远野小满	76107
SKILL	key		michiru_sheyuan		远野美凪&远野小满	76161
SKILL	key		tomoyo_wuwei		坂上智代	76311
SKILL	key		tomoyo_zhengfeng		chooseToUse类技能暂时没办法改	76368
SKILL	key		tomoyo_changshi		chooseToUse类技能暂时没办法改	76484
SKILL	key		kiyu_yuling		天宫希优	76512
SKILL	key		kiyu_rexianyu		天宫希优	76545
SKILL	key		seira_xinghui		樱庭星罗	76716
SKILL	key		seira_yuanying		苏婆神秘扔骰子，不想动	76836
SKILL	key		seira_yinyuan		苏婆神秘扔骰子，不想动	76862
SKILL	key		hina_shenshi		佐藤雏	76901
SKILL	key		hina_shenshi_yingbian		佐藤雏	76936
SKILL	key		hina_xingzhi		佐藤雏	76948
SKILL	key		shiki_omusubi		神山识	76979
SKILL	key		kagari_zongsi		篝	77045
SKILL	key		fuuko_xingdiao		伊吹风子	77177
SKILL	key		fuuko_chuanyuan		伊吹风子	77248
SKILL	key		iriya_yinji		伊莉雅	77361
SKILL	key		iriya_haozhi		伊莉雅	77400
SKILL	key		satomi_luodao		藏里见	78202
SKILL	key		satomi_daohai		藏里见	78221
SKILL	key		erika_shisong		苍井绘梨花	78275
SKILL	key		erika_yousheng		苍井绘梨花	78302
SKILL	key		liyingxia_sanli		李映夏	78413
SKILL	key		liyingxia_zhenjun		李映夏	78445
SKILL	key		liyingxia_wumai		李映夏	78487
SKILL	key		kano_liezhen		雾岛佳乃	78536
SKILL	key		kano_poyu		雾岛佳乃	78595
SKILL	key		mia_shihui		藤川米亚	78641
SKILL	key		mia_qianmeng		藤川米亚	78680
SKILL	key		mia_fengfa		藤川米亚	78774
SKILL	key		kotomi_qinji		一之濑琴美	78795
SKILL	key		kotomi_qinji2		chooseUseTarget也不好改 先放着	78809
SKILL	key		kotomi_chuanxiang		chooseUseTarget也不好改 先放着	78821
SKILL	key		kotomi_chuanxiang2		chooseUseTarget也不好改 先放着	78824
SKILL	key		asara_shelu		井上晶	78899
SKILL	key		asara_yingwei		井上晶	78944
SKILL	key		yukito_kongwu		国崎往人	78956
SKILL	key		yukito_yaxiang		国崎往人	79166
SKILL	key		misuzu_zhongyuan		国崎往人	79229
SKILL	key		chihaya_liewu		凤千早	79391
SKILL	key		chihaya_liewu2		凤千早	79447
SKILL	key		chihaya_huairou		凤千早	79461
SKILL	key		chihaya_youfeng		凤千早	79491
SKILL	key		rumi_shuwu		七濑留美	79738
SKILL	key		rumi_shuwu2		七濑留美	79794
SKILL	key		rumi_shuwu3		七濑留美	79841
SKILL	key		sakuya_junbu		凤咲夜	79850
SKILL	key		hiroto_huyu		铃木央人	79950
SKILL	key		hiroto_huyu2		铃木央人	79987
SKILL	key		hiroto_huyu_gain		铃木央人	80015
SKILL	key		hiroto_zonglve		铃木央人	80025
SKILL	key		hiroto_tuolao		铃木央人	80073
SKILL	key		shizuku_sizhi		水织静久	80094
SKILL	key		shizuku_sizhi2		水织静久	80169
SKILL	key		shizuku_biyi		水织静久	80213
SKILL	key		shizuku_sanhua		水织静久	80285
SKILL	key		shiroha_yuzhao		鸣濑白羽	80319
SKILL	key		shiroha_yuzhao_umi		鸣濑白羽	80359
SKILL	key		shiroha_guying		鸣濑白羽	80398
SKILL	key		shiroha_jiezhao		鸣濑白羽	80446
SKILL	key		jojiro_shensu		高城丈士朗	80522
SKILL	key		jojiro_shensu1		高城丈士朗	80526
SKILL	key		jojiro_shensu2		高城丈士朗	80552
SKILL	key		jojiro_shensu4		高城丈士朗	80595
SKILL	key		jojiro_shunying		高城丈士朗	80621
SKILL	key		kotori_yumo		神户小鸟	80641
SKILL	key		kotori_yumo_damage		神户小鸟	80663
SKILL	key		kotori_yumo_gain		神户小鸟	80679
SKILL	key		kotori_skill_wei		神户小鸟	80742
SKILL	key		kotori_skill_shu		神户小鸟	80778
SKILL	key		kotori_skill_wu		神户小鸟	80799
SKILL	key		kotori_skill_qun		神户小鸟	80809
SKILL	key		kotori_skill_key		神户小鸟	80827
SKILL	key		kotori_skill_jin		神户小鸟	80849
SKILL	key		kotori_qunxin_temp		神户小鸟	80906
SKILL	key		kotori_yumo_wei		神户小鸟	80914
SKILL	key		kotori_yumo_shu		神户小鸟	80921
SKILL	key		kotori_yumo_wu		神户小鸟	80928
SKILL	key		kotori_yumo_qun		神户小鸟	80935
SKILL	key		kotori_yumo_key		神户小鸟	80942
SKILL	key		kotori_yumo_jin		神户小鸟	80949
SKILL	key		kotori_huazhan		神户小鸟	80956
SKILL	key		ryoichi_baoyi		三谷良一	81062
SKILL	key		ryoichi_tuipi		三谷良一	81111
SKILL	key		yuu_lveduo		乙坂有宇	81141
SKILL	key		yuu_lveduo2		乙坂有宇	81195
SKILL	key		yuu_lveduo3		乙坂有宇	81251
SKILL	key		godan_yuanyi		松下五段	81272
SKILL	key		godan_feiqu		松下五段	81283
SKILL	key		godan_xiaoyuan		松下五段	81286
SKILL	key		abyusa_jueqing		游佐	81307
SKILL	key		abyusa_dunying		游佐	81366
SKILL	key		akiko_dongcha		水濑秋子	81383
SKILL	key		kaori_siyuan		美坂香里	81415
SKILL	key		shiori_huijuan		美坂栞	81500
SKILL	key		shiori_huijuan_discard		美坂栞	81574
SKILL	key		miki_shenqiang		野村美希	81613
SKILL	key		miki_huanmeng		野村美希	81634
SKILL	key		miki_zhiluo		野村美希	81637
SKILL	key		miki_hydrogladiator_skill		野村美希	81670
SKILL	key		miki_binoculars		野村美希	81753
SKILL	key		shiorimiyuki_banyin		关根诗织&入江美雪	81765
SKILL	key		shiorimiyuki_tingxian		关根诗织&入江美雪	81787
SKILL	key		shiorimiyuki_tingxian2		关根诗织&入江美雪	81817
SKILL	key		shizuru_nianli		中津静流	81849
SKILL	key		shizuru_benzhan		中津静流	82049
SKILL	key		kyoko_juwu		岬镜子	82127
SKILL	key		kyoko_zhengyi		岬镜子	82175
SKILL	key		kyoko_jingce		岬镜子	82186
SKILL	key		kyoko_shelie		岬镜子	82237
SKILL	key		kyoko_zhiheng		岬镜子	82295
SKILL	key		yuzuru_bujin		音无结弦（3v3）	82353
SKILL	key		yuzuru_bujin2		音无结弦（3v3）	82365
SKILL	key		mio_tuifu		西园美鱼	82378
SKILL	key		mio_tishen		西园美鱼	82388
SKILL	key		midori_nonghuan		西园美鸟	82415
SKILL	key		midori_tishen		西园美鸟	82474
SKILL	key		kanade_mapo		立华奏	82501
SKILL	key		kanade_benzhan		立华奏	82530
SKILL	key		yuzuru_wuxin		音无结弦	82609
SKILL	key		yuzuru_deyi		音无结弦	82671
SKILL	key		yuzuru_kunfen		音无结弦	82685
SKILL	key		yuzuru_quji		音无结弦	82733
SKILL	key		yuzuru_wangsheng		音无结弦	82779
SKILL	key		ao_xishi		空门苍	82823
SKILL	key		ao_kuihun		空门苍	82836
SKILL	key		ao_shixin		空门苍	82894
SKILL	key		ao_diegui		空门苍	82917
SKILL	key		ayato_jianshen		直井文人	82982
SKILL	key		ayato_zonghuan		直井文人	82992
SKILL	key		nagisa_tiandu		古河渚	83132
SKILL	key		nagisa_fuxin		古河渚	83154
SKILL	key		tomoya_shangxian		冈崎朋也	83287
SKILL	key		tomoya_wangjin		冈崎朋也	83308
SKILL	key		noda_fengcheng		野田	83399
SKILL	key		noda_xunxin		野田	83420
SKILL	key		noda_xunxin2		野田	83443
SKILL	key		hinata_qiulve		日向秀树	83461
SKILL	key		hinata_qiulve_clear		日向秀树	83506
SKILL	key		hinata_ehou		日向秀树	83526
SKILL	key		hisako_yinbao		高桥久子	83559
SKILL	key		hisako_zhuanyun		高桥久子	83588
SKILL	key		riki_spwenji		直枝理树	83614
SKILL	key		riki_nvzhuang		直枝理树	83668
SKILL	key		riki_mengzhong		直枝理树	83690
SKILL	key		riki_chongzhen		直枝理树	83715
SKILL	key		yuiko_fenglun		来谷唯湖	83767
SKILL	key		yuiko_fenglun2		来谷唯湖	83793
SKILL	key		yuiko_dilve		来谷唯湖	83803
SKILL	key		doruji_feiqu		多鲁基	83837
SKILL	key		doruji_feiqu_ai		多鲁基	83862
SKILL	key		akane_jugu		千里朱音	83871
SKILL	key		akane_quanqing		千里朱音	83887
SKILL	key		akane_yifu		千里朱音	83970
SKILL	key		akane_yifu2		千里朱音	83974
SKILL	key		sasami_miaobian		笹濑川佐佐美	84039
SKILL	key		sasami_baoqiu		笹濑川佐佐美	84062
SKILL	key		sasami_gongqing		笹濑川佐佐美	84066
SKILL	key		sasami_funan		笹濑川佐佐美	84100
SKILL	key		rin_baoqiu		枣铃	84184
SKILL	key		sunohara_chengshuang		春原阳平&春原芽衣	84239
SKILL	key		sunohara_chengshuang_phase		春原阳平&春原芽衣	84284
SKILL	key		sunohara_tiaoyin		春原阳平&春原芽衣	84324
SKILL	key		sunohara_jianren		春原阳平&春原芽衣	84382
SKILL	key		shiina_qingshen		椎名	84409
SKILL	key		shiina_feiyan		椎名	84454
SKILL	key		shiina_retieji		椎名	84499
SKILL	key		inari_baiwei		稻荷	84542
SKILL	key		inari_baiwei_draw		稻荷	84645
SKILL	key		inari_huhun		稻荷	84656
SKILL	key		saya_powei		朱鹭户沙耶	84669
SKILL	key		saya_nodis		朱鹭户沙耶	84746
SKILL	key		saya_judge		朱鹭户沙耶	84751
SKILL	key		saya_shouji		朱鹭户沙耶	84769
SKILL	key		haruka_shuangche		三枝叶留佳&二木佳奈多	84829
SKILL	key		kanata_shuangche		三枝叶留佳&二木佳奈多	84924
SKILL	key		tsumugi_mugyu		紬文德斯	84950
SKILL	key		tsumugi_huilang		紬文德斯	84961
SKILL	key		tsumugi_huilang2		紬文德斯	84988
SKILL	key		yui_jiang		由依	85021
SKILL	key		yui_lieyin		由依	85053
SKILL	key		yui_lieyin0		由依	85104
SKILL	key		yui_lieyin1		由依	85113
SKILL	key		yui_takaramono		由依	85122
SKILL	key		yui_yinhang		由依	85156
SKILL	key		yoshino_jueyi		吉野晴彦	85176
SKILL	key		yoshino_fail		吉野晴彦	85221
SKILL	key		kengo_weishang		宫泽谦吾	85231
SKILL	key		kengo_weishang_sha		宫泽谦吾	85302
SKILL	key		kengo_weishang_shan		宫泽谦吾	85313
SKILL	key		kengo_guidui		宫泽谦吾	85332
SKILL	key		iwasawa_yinhang		岩泽雅美	85355
SKILL	key		iwasawa_mysong		岩泽雅美	85374
SKILL	key		iwasawa_refenyin		岩泽雅美	85394
SKILL	key		iwasawa_fenyin		岩泽雅美	85470
SKILL	key		masato_baoquan		井之原真人	85510
SKILL	key		yusa_yanyi		西森柚咲&黑羽美砂	85540
SKILL	key		yusa_misa		西森柚咲&黑羽美砂	85597
SKILL	key		misa_yusa		西森柚咲&黑羽美砂	85610
SKILL	key		misa_yehuo		西森柚咲&黑羽美砂	85620
SKILL	key		yukine_wenzhou		宫泽有纪宁	85666
SKILL	key		yukine_magic		宫泽有纪宁	85738
SKILL	key		komari_tiankou		神北小毬	85770
SKILL	key		komari_xueshang		神北小毬	85821
SKILL	key		riki_xueshang		神北小毬	85860
SKILL	key		umi_chaofan		鹰原羽未	85875
SKILL	key		umi_lunhui		鹰原羽未	85922
SKILL	key		umi_shiroha		鹰原羽未	85941
SKILL	key		umi_qihuan		鹰原羽未	85956
SKILL	key		haruko_haofang		神尾晴子	86029
SKILL	key		haruko_zhuishi		神尾晴子	86046
SKILL	key		yuri_xingdong		神尾晴子	86062
SKILL	key		yuri_wangxi		神尾晴子	86170
SKILL	key		nk_shekong		枣恭介	86243
SKILL	key		key_huanjie		枣恭介	86334
SKILL	key		lucia_duqu		此花露西娅	86364
SKILL	key		lucia_zhenren		此花露西娅	86392
SKILL	mobile		mbwumou		神吕布	86442
SKILL	mobile		mbwuqian		神吕布	86509
SKILL	mobile		mbqucheng		手杀小车	86586
SKILL	mobile		mbqiangyong		手杀小车	86673
SKILL	mobile		mbzhaofu		手杀丁尚涴	86700
SKILL	mobile		mbzhaofu_sha		手杀丁尚涴	86838
SKILL	mobile		mbzhaofu_shan		手杀丁尚涴	86860
SKILL	mobile		mbzhaofu_jiu		手杀丁尚涴	86868
SKILL	mobile		mbzhaofu_tao		手杀丁尚涴	86876
SKILL	mobile		mbqiliu		手杀丁尚涴	86884
SKILL	mobile		reqizhi		界王基	86961
SKILL	mobile		rejinqu		界王基	87025
SKILL	mobile		potjiezhu		朱绩	87129
SKILL	mobile		pothuanshi		朱绩	87214
SKILL	mobile		potjianlv		朱绩	87290
SKILL	mobile		reliangyin		界周妃	87351
SKILL	mobile		rekongsheng		界周妃	87487
SKILL	mobile		rejuzhan		界严颜	87629
SKILL	mobile		mbgxchiyuan		高翔	87806
SKILL	mobile		mberdi		高翔	87876
SKILL	mobile		mbzhengbi		崔琰毛玠	87937
SKILL	mobile		mbfengying		崔琰毛玠	87992
SKILL	mobile		mbzuoding		钟繇	88072
SKILL	mobile		mbranshang		兀突骨	88105
SKILL	mobile		mbhanyong		兀突骨	88153
SKILL	mobile		mbshefu		程昱	88203
SKILL	mobile		mbbenyu		程昱	88360
SKILL	mobile		mblianzhu		董白	88419
SKILL	mobile		mbxiahui		@ts-ignore	88545
SKILL	mobile		mbqirang		诸葛果	88652
SKILL	mobile		mbyuhua		诸葛果	88709
SKILL	mobile		mbshanjia		曹纯	88741
SKILL	mobile		mbtongwei		夏侯楙	88863
SKILL	mobile		mbcuguo		夏侯楙	88984
SKILL	mobile		youlve		OP蹋顿	89023
SKILL	mobile		lianxi		OP蹋顿	89072
SKILL	mobile		jujun		OP陈兰	89103
SKILL	mobile		bixian		OP梅成	89118
SKILL	mobile		mbwusheng		OP关羽	89133
SKILL	mobile		mbyijue		OP关羽	89288
SKILL	mobile		mbshizhong		OP孙权	89393
SKILL	mobile		mbcaowei		OP孙权	89446
SKILL	mobile		mbdingzhen		手杀张既	89486
SKILL	mobile		mbyouye		手杀张既	89557
SKILL	mobile		xinrenjie		极略神司马！	89680
SKILL	mobile		xinbaiyin		极略神司马！	89770
SKILL	mobile		xinlianpo		极略神司马！	89784
SKILL	mobile		xinjilve		极略神司马！	89851
SKILL	mobile		mblianzhan		缘檀石槐	89987
SKILL	mobile		mbkoulve		缘檀石槐	90047
SKILL	mobile		mblvezhen		缘吕布	90091
SKILL	mobile		mbhengwei		缘吕布	90152
SKILL	mobile		mbjiren		缘高顺	90243
SKILL	mobile		mbjuezhi		缘高顺	90272
SKILL	mobile		mbweizhan		韩玄	90334
SKILL	mobile		mbyilv		韩玄	90388
SKILL	mobile		hefeichonglei		老友记dlc-合肥	90459
SKILL	mobile		hefeidangshi		老友记dlc-合肥	90633
SKILL	mobile		hefeiheyuzhangliao		老友记dlc-合肥	90829
SKILL	mobile		hefeiduanjin		老友记dlc-合肥	90836
SKILL	mobile		hefeigaigong		老友记dlc-合肥	90878
SKILL	mobile		hefeiheyulidian		老友记dlc-合肥	91054
SKILL	mobile		hefeixianjian		老友记dlc-合肥	91086
SKILL	mobile		hefeizherui		老友记dlc-合肥	91202
SKILL	mobile		hefeiheyuyuejin		老友记dlc-合肥	91310
SKILL	mobile		mbgeyuan		数刘徽	91376
SKILL	mobile		mbchongcha		数刘徽	91476
SKILL	mobile		mbshouyue		乐周瑜	91558
SKILL	mobile		mbdieyin		乐周瑜	91654
SKILL	mobile		mbchongsi		御曹植	91706
SKILL	mobile		mbpeidong		御曹植	91931
SKILL	mobile		cz_liulongcanjia_skill		御曹植	92335
SKILL	mobile		mbshiju		书张芝	92349
SKILL	mobile		mbkubai		书张芝	92495
SKILL	mobile		mbcaiqiu		手杀崔令仪	92613
SKILL	mobile		mbxishang		只要贪不死就往死里贪   孩子你还是不够贪	92665
SKILL	mobile		mbweizhuang		只要贪不死就往死里贪   孩子你还是不够贪	92789
SKILL	mobile		mbbingfa		礼·卢毓	93366
SKILL	mobile		mbshuxing		礼·卢毓	93694
SKILL	mobile		mblingfa		手杀SP曹操	93796
SKILL	mobile		mbyuanhu		手杀曹洪	93897
SKILL	mobile		mbshuyong		三娘	94105
SKILL	mobile		mbxushen		三娘	94129
SKILL	mobile		mbzhennan		三娘	94273
SKILL	mobile		mbfangxu		三娘	94311
SKILL	mobile		mbzhuguan		三娘	94447
SKILL	mobile		mblisuo		三娘	94483
SKILL	mobile		mbfutu		笮融	94583
SKILL	mobile		mbjingtu		笮融	94693
SKILL	mobile		mbjiebian		笮融	94827
SKILL	mobile		mbfozong		牌的检测也得重写，毕竟都选到s区域去了	94963
SKILL	mobile		mbjili		手杀孟达	95012
SKILL	mobile		mbshishu		logAudio客机自己跑没法获取history的	95123
SKILL	mobile		mbjinzu		logAudio客机自己跑没法获取history的	95177
SKILL	mobile		mbanxian		神秘结算之空城即背水	95358
SKILL	mobile		mbxuehen		手杀关银屏	95424
SKILL	mobile		mbhuxiao		手杀关银屏	95537
SKILL	mobile		mbwuji		手杀关银屏	95622
SKILL	mobile		mbkuangwu		手杀邢道荣	95658
SKILL	mobile		mbzhuguo		吴珂	95746
SKILL	mobile		mbanda		吴珂	95822
SKILL	mobile		mbxiezheng		若为？若为！若为~	95868
SKILL	mobile		mbqiantun		若为？若为！若为~	95938
SKILL	mobile		mbzhaoxiong		若为？若为！若为~	96040
SKILL	mobile		mbweisi		player.node.name.dataset.nature = get.groupnature("jin");	96056
SKILL	mobile		mbdangyi		player.node.name.dataset.nature = get.groupnature("jin");	96121
SKILL	mobile		friendshunyi		友崔均	子右：这玩意真有人玩吗	96132
SKILL	mobile		friendbiwei		if (!player.hasCard({ suit: suit }, "h")) return false;	96211
SKILL	mobile		friendgongli_cuijun		if (!player.hasCard({ suit: suit }, "h")) return false;	96254
SKILL	mobile		friendqinying		友石韬	96303
SKILL	mobile		friendlunxiong		友石韬	96427
SKILL	mobile		friendgongli_shitao		友石韬	96507
SKILL	mobile		mbzengou		清河公主	96554
SKILL	mobile		mbfeili		有能用的牌	96913
SKILL	mobile		friendmanjuan		牢又寄 —— 庞统	96983
SKILL	mobile		friendyangming		牢又寄 —— 庞统	97056
SKILL	mobile		friendpangtonggongli		group: "friendyangming_check",	97155
SKILL	mobile		friendxiaxing		牢又寄 —— 徐庶	97161
SKILL	mobile		friendqihui		牢又寄 —— 徐庶	97240
SKILL	mobile		friendxushugongli		牢又寄 —— 徐庶	97401
SKILL	mobile		xuanjian_skill		牢又寄 —— 徐庶	97406
SKILL	mobile		friendyance		牢又寄 —— 诸葛亮	97446
SKILL	mobile		friendfangqiu		牢又寄 —— 诸葛亮	97708
SKILL	mobile		friendzhugelianggongli		牢又寄 —— 诸葛亮	97727
SKILL	mobile		friendgongli		共励	97733
SKILL	mobile		mbfunan		手杀薛综	97745
SKILL	mobile		mbjiexun		手杀薛综	97821
SKILL	mobile		mbzhijie		SP甘夫人	97922
SKILL	mobile		mbshushen		牢骚哥经典发骚	98015
SKILL	mobile		mbbojian		SP甄宓	98067
SKILL	mobile		mbjiwei		SP甄宓	98160
SKILL	mobile		mbquchong		张奋	98300
SKILL	mobile		dagongche_attack_skill		张奋	98579
SKILL	mobile		dagongche_defend_skill		张奋	98612
SKILL	mobile		mbxunjie		张奋	98644
SKILL	mobile		mbbeini		贾充	98695
SKILL	mobile		mbdingfa		贾充	98777
SKILL	mobile		mbbifeng		司马伷	98858
SKILL	mobile		mbsuwang		司马伷	98950
SKILL	mobile		mbbeiming		文钦	99023
SKILL	mobile		mbchoumang		文钦	99066
SKILL	mobile		mbchengxiong		张布	99179
SKILL	mobile		mbwangzhuang		张布	99251
SKILL	mobile		mbzujin		王经	99271
SKILL	mobile		mbjiejian		王经	99386
SKILL	mobile		mbpanxiang		新司马孚	99574
SKILL	mobile		mbchenjie		新司马孚	99761
SKILL	mobile		mbzuoyou		李昭焦伯	99785
SKILL	mobile		mbshishou		李昭焦伯	99846
SKILL	mobile		mbkuangli		成济	99867
SKILL	mobile		mbxiongsi		成济	99973
SKILL	mobile		mbcuizhen		SP母兵脸	100036
SKILL	mobile		mbkuili		SP母兵脸	100118
SKILL	mobile		mbqianlong		曹髦  史?! 我求你别改了	100144
SKILL	mobile		mbweitong		曹髦  史?! 我求你别改了	100245
SKILL	mobile		old_mbcmqingzheng		曹髦  史?! 我求你别改了	100259
SKILL	mobile		mbcmqingzheng		曹髦  史?! 我求你别改了	100420
SKILL	mobile		mbcmjiushi		不添加scroll1和scroll2的类名	100717
SKILL	mobile		mbcmfangzhu		不添加scroll1和scroll2的类名	100877
SKILL	mobile		mbjuejin		不添加scroll1和scroll2的类名	101069
SKILL	mobile		mbxuetu		杨奉	101167
SKILL	mobile		mbweiming		杨奉	101343
SKILL	mobile		sidai		霍骏	101433
SKILL	mobile		jieyu		霍骏	101543
SKILL	mobile		shoufa		木鹿大王	101603
SKILL	mobile		yuxiang		是的孩子们，斗地主和22我就是开了	101759
SKILL	mobile		zhoulin		是的孩子们，斗地主和22我就是开了	101785
SKILL	mobile		guimou		陈珪	101830
SKILL	mobile		zhouxian		陈珪	102081
SKILL	mobile		mbyilie		胡班	102148
SKILL	mobile		mbyilie2		胡班	102187
SKILL	mobile		mbyilie3		胡班	102213
SKILL	mobile		naxue		向朗	102231
SKILL	mobile		yijie		向朗	102326
SKILL	mobile		kujian		阎象	102351
SKILL	mobile		ruilian		阎象	102430
SKILL	mobile		mbmumu		手杀差异化孙鲁育	102538
SKILL	mobile		mbmeibu		手杀差异化孙鲁育	102588
SKILL	mobile		mbzhixi		手杀差异化孙鲁育	102618
SKILL	mobile		xinlianhuan		庞统	102684
SKILL	mobile		xinjintao		吴班	102743
SKILL	mobile		mutao		鲍信	102766
SKILL	mobile		yimou		鲍信	102798
SKILL	mobile		jilun		蒋济	102878
SKILL	mobile		jiaohua		李遗	102949
SKILL	mobile		laishou		来敏	103005
SKILL	mobile		luanqun		来敏	103031
SKILL	mobile		yichong		郭照	103169
SKILL	mobile		wufei		郭照	103322
SKILL	mobile		xinwurong		张嶷	103374
SKILL	mobile		xinkuizhu		孙亮	103447
SKILL	mobile		xinzhizheng		孙亮	103555
SKILL	mobile		xinlijun		孙亮	103596
SKILL	mobile		mbdanggu		十常侍	103634
SKILL	mobile		mbmowang		十常侍	103853
SKILL	mobile		scstaoluan		张让	104024
SKILL	mobile		scschiyan		赵忠	104093
SKILL	mobile		scszimou		孙璋	104185
SKILL	mobile		scspicai		毕岚	104229
SKILL	mobile		scsyaozhuo		夏恽	104298
SKILL	mobile		scsxiaolu		韩悝	104351
SKILL	mobile		scskuiji		栗嵩	104419
SKILL	mobile		scschihe		段珪	104504
SKILL	mobile		scsniqu		郭胜	104637
SKILL	mobile		scsanruo		高望	104658
SKILL	mobile		scsmiaoyu		高望	104894
SKILL	mobile		mbshihe		牵招	105092
SKILL	mobile		mbzhenfu		牵招	105175
SKILL	mobile		xinqingxi		界曹休	105204
SKILL	mobile		xinpingkou		界朱桓	105244
SKILL	mobile		spdaming		彭羕	105286
SKILL	mobile		spxiaoni		彭羕	105421
SKILL	mobile		zhujian		灭霸	105488
SKILL	mobile		duansuo		灭霸	105510
SKILL	mobile		sbanguo		界朱治	105538
SKILL	mobile		sbbenxi		界吴懿	105709
SKILL	mobile		jiebing		杨阜	105914
SKILL	mobile		hannan		杨阜	105974
SKILL	mobile		yijin		曹嵩	106018
SKILL	mobile		guanzong		曹嵩	106366
SKILL	mobile		chengye		马日磾	106443
SKILL	mobile		buxu		马日磾	106612
SKILL	mobile		mingcha		阮慧	106725
SKILL	mobile		jingzhong		阮慧	106768
SKILL	mobile		sbyaoming		全琮	106849
SKILL	mobile		rejieming		手杀界荀彧	107089
SKILL	mobile		xinjianying		沮授	107156
SKILL	mobile		reanxu		步练师	107284
SKILL	mobile		spdaoshu		蒋干	107370
SKILL	mobile		mbdaoshu		蒋干	107475
SKILL	mobile		spdaizui		蒋干	107606
SKILL	mobile		spdaizui2		蒋干	107628
SKILL	mobile		xingtu		裴秀	107648
SKILL	mobile		juezhi		裴秀	107767
SKILL	mobile		reganlu		裴秀	107877
SKILL	mobile		mobilexingxue		孙休	107946
SKILL	mobile		mobileyanzhu		孙休	108005
SKILL	mobile		bingqing		毛玠	108065
SKILL	mobile		yingfeng		毛玠	108242
SKILL	mobile		rezongxuan		虞翻	108300
SKILL	mobile		rezongxuan_place		虞翻	108304
SKILL	mobile		chongxu		孙寒华	108330
SKILL	mobile		miaojian		打击音文件名（默认在audio/effect文件夹下 若要重定向到扩展 请写为'ext:扩展名称'的格式）	108511
SKILL	mobile		shhlianhua		打击音文件名（默认在audio/effect文件夹下 若要重定向到扩展 请写为'ext:扩展名称'的格式）	108683
SKILL	mobile		huantu		阎圃	108738
SKILL	mobile		bihuo		阎圃	108800
SKILL	mobile		jibing		马元义	108834
SKILL	mobile		wangjing		马元义	108947
SKILL	mobile		moucuan		马元义	108984
SKILL	mobile		binghuo		马元义	109002
SKILL	mobile		jueyong		傅佥	109047
SKILL	mobile		poxiang		傅佥	109135
SKILL	mobile		discretesidi		曹真	109210
SKILL	mobile		mbsidi		数学家	109360
SKILL	mobile		xinzenhui		孙鲁班	109511
SKILL	mobile		xinjiaojin		孙鲁班	109578
SKILL	mobile		zhiming		谯周	109608
SKILL	mobile		xingbu		谯周	109652
SKILL	mobile		xinshenxing		顾雍	109766
SKILL	mobile		xinbingyi		顾雍	109793
SKILL	mobile		requanji		钟会	109836
SKILL	mobile		xinqieting		蔡夫人	109928
SKILL	mobile		mobilezhongyong		蔡夫人	110024
SKILL	mobile		rejieyue		蔡夫人	110271
SKILL	mobile		tiansuan		蔡夫人	110397
SKILL	mobile		tiansuan2		蔡夫人	110466
SKILL	mobile		tiansuan2_0		蔡夫人	110476
SKILL	mobile		tiansuan2_1		蔡夫人	110514
SKILL	mobile		tiansuan2_damage		蔡夫人	110567
SKILL	mobile		tiansuan2_2		蔡夫人	110575
SKILL	mobile		tiansuan2_ai		蔡夫人	110604
SKILL	mobile		tiansuan2_fire		蔡夫人	110616
SKILL	mobile		tiansuan2_3		蔡夫人	110628
SKILL	mobile		tiansuan2_4		蔡夫人	110659
SKILL	mobile		relieren		蔡夫人	110702
SKILL	mobile		retiaoxin		priority:5,	110732
SKILL	mobile		yufeng		南华老仙	110795
SKILL	mobile		yufeng_old		Forked from: https://github.com/aaarafat/JS-Flappy-Bird	111316
SKILL	mobile		tianshu		Forked from: https://github.com/aaarafat/JS-Flappy-Bird	111643
SKILL	mobile		xinzhuikong		界伏寿	111698
SKILL	mobile		xinqiuyuan		界伏寿	111743
SKILL	mobile		xinduodao		界潘璋马忠	111772
SKILL	mobile		xinanjian		界潘璋马忠	111810
SKILL	mobile		mobilejingce		界郭笨	111861
SKILL	mobile		mobilejingce_count		界郭笨	111898
SKILL	mobile		juliao		公孙康	111944
SKILL	mobile		taomie		公孙康	111951
SKILL	mobile		taomie1		公孙康	112072
SKILL	mobile		taomie4		公孙康	112147
SKILL	mobile		liyong		铁骑飞	112165
SKILL	mobile		liyong2		铁骑飞	112177
SKILL	mobile		liyong3		铁骑飞	112218
SKILL	mobile		liyong4		铁骑飞	112230
SKILL	mobile		xinniluan		韩遂	112253
SKILL	mobile		xiaoxi_hansui		韩遂	112296
SKILL	mobile		daoji		胡车儿	112323
SKILL	mobile		baiyi		垃圾	112393
SKILL	mobile		jinglve		animationColor:'thunder',	112441
SKILL	mobile		jinglve2		animationColor:'thunder',	112485
SKILL	mobile		jinglve3		animationColor:'thunder',	112518
SKILL	mobile		shanli		animationColor:'thunder',	112554
SKILL	mobile		hongyi		animationColor:'thunder',	112642
SKILL	mobile		requanfeng		animationColor:'thunder',	112689
SKILL	mobile		quanfeng		animationColor:'thunder',	112771
SKILL	mobile		mobiledanshou		设计师你改技能有瘾🐴	112828
SKILL	mobile		beizhu		程序员和设计师至少有一个脑子有坑	112886
SKILL	mobile		beizhu_draw		程序员和设计师至少有一个脑子有坑	112963
SKILL	mobile		xinqiaoshui		新简雍	112977
SKILL	mobile		xinjyzongshi		新简雍	113054
SKILL	mobile		rezhenxing		通渠张恭	113126
SKILL	mobile		rejiangchi		芙蓉，手杀界廖化，手杀界曹彰	113156
SKILL	mobile		rejiangchi3		芙蓉，手杀界廖化，手杀界曹彰	113196
SKILL	mobile		refuli		芙蓉，手杀界廖化，手杀界曹彰	113205
SKILL	mobile		redangxian		芙蓉，手杀界廖化，手杀界曹彰	113241
SKILL	mobile		xuewei		芙蓉，手杀界廖化，手杀界曹彰	113260
SKILL	mobile		xuewei2		芙蓉，手杀界廖化，手杀界曹彰	113287
SKILL	mobile		liechi		芙蓉，手杀界廖化，手杀界曹彰	113307
SKILL	mobile		rejiuchi		芙蓉，手杀界廖化，手杀界曹彰	113318
SKILL	mobile		tongqu		苏飞，新贾逵	113335
SKILL	mobile		tongqu2		苏飞，新贾逵	113394
SKILL	mobile		xinwanlan		苏飞，新贾逵	113493
SKILL	mobile		zhengjian		苏飞，新贾逵	113517
SKILL	mobile		zhengjian_draw		苏飞，新贾逵	113546
SKILL	mobile		zhengjian_mark		苏飞，新贾逵	113580
SKILL	mobile		gaoyuan		苏飞，新贾逵	113600
SKILL	mobile		zhilve		一 将 成 名	113668
SKILL	mobile		xhzhiyan		一 将 成 名	113755
SKILL	mobile		zhengjing		水 果 忍 者	113833
SKILL	mobile		zhengjing2		恁就是仲村由理？	114172
SKILL	mobile		jimeng		邓芝	114193
SKILL	mobile		shuaiyan		邓芝	114235
SKILL	mobile		relihuo		邓芝	114271
SKILL	mobile		relihuo_damage		邓芝	114288
SKILL	mobile		relihuo_baigei		邓芝	114300
SKILL	mobile		gongsun		邓芝	114327
SKILL	mobile		gongsun_shadow		邓芝	114400
SKILL	mobile		gongsun_shadow2		邓芝	114459
SKILL	mobile		duoduan		邓芝	114535
SKILL	mobile		chengzhao		邓芝	114606
SKILL	mobile		rezhengrong		邓芝	114655
SKILL	mobile		rehongju		邓芝	114721
SKILL	mobile		reqingce		no hand cards, skip choose	114808
SKILL	mobile		fengji		no hand cards, skip choose	114888
SKILL	mobile		zhouxuan		no hand cards, skip choose	114923
SKILL	mobile		reshanxi		},	115178
SKILL	mobile		reqizhou		},	115225
SKILL	mobile		zhaohan		},	115245
SKILL	mobile		rangjie		},	115268
SKILL	mobile		yizheng		},	115357
SKILL	mobile		rw_zhuge_skill		},	115416
SKILL	mobile		xinqingjian		},	115464
SKILL	mobile		zhongzuo		},	115607
SKILL	mobile		wanlan		},	115641
SKILL	mobile		rezhiyi		},	115684
SKILL	mobile		zhiyi		},	115786
SKILL	mobile		qiaosi_map		表演测试	115868
SKILL	mobile		qiaosi		表演测试	115872
SKILL	mobile		refuhai		game.print(map);	116156
SKILL	mobile		rebiaozhao		game.print(map);	116211
SKILL	mobile		rebiaozhao2		},	116265
SKILL	mobile		rebiaozhao3		},	116292
SKILL	mobile		reqianxin		},	116323
SKILL	mobile		reqianxin2		},	116366
SKILL	mobile		reqianxin3		},	116424
SKILL	mobile		renshi		},	116432
SKILL	mobile		wuyuan		},	116460
SKILL	mobile		huaizi		},	116529
SKILL	mobile		rexushen		trigger:{player:'phaseDiscardBegin'},	116544
SKILL	mobile		rexushen2		trigger:{player:'phaseDiscardBegin'},	116586
SKILL	mobile		rezhennan		trigger:{player:'phaseDiscardBegin'},	116640
SKILL	mobile		meiyong		trigger:{player:'phaseDiscardBegin'},	116665
SKILL	mobile		relianji		trigger:{player:'phaseDiscardBegin'},	116689
SKILL	mobile		remoucheng		trigger:{player:'phaseDiscardBegin'},	116777
SKILL	mobile		shouye		trigger:{player:'phaseDiscardBegin'},	116796
SKILL	mobile		liezhi		trigger:{player:'phaseDiscardBegin'},	116849
SKILL	mobile		xinzhanyi		trigger:{player:'phaseDiscardBegin'},	116886
SKILL	mobile		xinfu_daigong		trigger:{player:'phaseDiscardBegin'},	117135
SKILL	mobile		xinfu_zhaoxin		trigger:{player:'phaseDiscardBegin'},	117172
SKILL	mobile		xinfu_qianchong		trigger:{player:'phaseDiscardBegin'},	117264
SKILL	mobile		xinfu_shangjian		trigger:{player:'phaseDiscardBegin'},	117371
SKILL	mobile		rw_bagua_skill		trigger:{player:'phaseDiscardBegin'},	117399
SKILL	mobile		rw_baiyin_skill		trigger:{player:'phaseDiscardBegin'},	117418
SKILL	mobile		rw_lanyinjia		trigger:{player:'phaseDiscardBegin'},	117452
SKILL	mobile		rw_minguangkai_cancel		trigger:{player:'phaseDiscardBegin'},	117456
SKILL	mobile		rw_minguangkai_link		trigger:{player:'phaseDiscardBegin'},	117459
SKILL	mobile		rw_renwang_skill		trigger:{player:'phaseDiscardBegin'},	117469
SKILL	mobile		rw_tengjia1		trigger:{player:'phaseDiscardBegin'},	117514
SKILL	mobile		rw_tengjia2		trigger:{player:'phaseDiscardBegin'},	117518
SKILL	mobile		rw_tengjia3		trigger:{player:'phaseDiscardBegin'},	117522
SKILL	mobile		rw_tengjia4		trigger:{player:'phaseDiscardBegin'},	117526
SKILL	mobile		xinfu_pingcai		trigger:{player:'phaseDiscardBegin'},	117530
SKILL	mobile		xinfu_pdgyingshi		event.switchToAuto=switchToAuto;	118061
SKILL	mobile		xinfu_pdgyingshi2		event.switchToAuto=switchToAuto;	118079
SKILL	mobile		pcaudio_wolong_card		event.switchToAuto=switchToAuto;	118091
SKILL	mobile		pcaudio_fengchu_card		event.switchToAuto=switchToAuto;	118094
SKILL	mobile		pcaudio_shuijing_card		event.switchToAuto=switchToAuto;	118097
SKILL	mobile		pcaudio_xuanjian_card		event.switchToAuto=switchToAuto;	118100
SKILL	mobile		yizan_use		event.switchToAuto=switchToAuto;	118103
SKILL	mobile		yizan_respond_shan		event.switchToAuto=switchToAuto;	118276
SKILL	mobile		xinfu_longyuan		event.switchToAuto=switchToAuto;	118279
SKILL	mobile		xinfu_jingxie		event.switchToAuto=switchToAuto;	118296
SKILL	mobile		zhaohuo		event.switchToAuto=switchToAuto;	118409
SKILL	mobile		yixiang		priority:12,	118427
SKILL	mobile		yirang		if(event.targets.length>1) return false;	118470
SKILL	mobile		kuangcai		if(event.targets.length>1) return false;	118513
SKILL	mobile		shejian		ui.auto.show();	118599
SKILL	mobile		shixin		ui.auto.show();	118645
SKILL	mobile		fenyin		ui.auto.show();	118666
SKILL	mobile		dujin		usable:3,	118702
SKILL	mobile		yingjian		usable:3,	118714
SKILL	mobile		tunchu		usable:3,	118727
SKILL	mobile		shuliang		usable:3,	118793
SKILL	mobile		choulve		usable:3,	118820
SKILL	mobile		polu		usable:3,	118936
SKILL	mobile		ly_piliche		usable:3,	118984
SKILL	mobile		mbjieyuan		usable:3,	118998
SKILL	mobile		mbfenxin		usable:3,	119132
SKILL	newjiang		fuyu		☆王朗	119239
SKILL	newjiang		zhanshi		☆王朗	119296
SKILL	newjiang		dczhifeng		威孙策	119356
SKILL	newjiang		dcweijing		, "shan"	119565
SKILL	newjiang		diyin		笛音荀勖	119665
SKILL	newjiang		boqia		笛音荀勖	119723
SKILL	newjiang		youtan		☆法正	119880
SKILL	newjiang		ciren		☆法正	119936
SKILL	newjiang		zhancai		☆法正	120011
SKILL	newjiang		tenggu		☆法正	120074
SKILL	newjiang		dunyong		☆法正	120232
SKILL	newjiang		bingling		☆法正	120274
SKILL	newjiang		renjia		☆法正	120313
SKILL	newjiang		yj_yanyu		☆法正	120386
SKILL	newjiang		biancai		☆法正	120485
SKILL	newjiang		cuiren		☆法正	120503
SKILL	newjiang		shenfeng		☆法正	120619
SKILL	newjiang		pyhuanling		☆法正	120722
SKILL	newjiang		pyshenduan		☆法正	120817
SKILL	newjiang		dcwangyao		爻袁术	120921
SKILL	newjiang		dczengua		爻袁术	121046
SKILL	newjiang		dckanghui		花里胡哨一看战绩0.5	121172
SKILL	newjiang		dcyiju		张奂	121206
SKILL	newjiang		dcshuguo		张奂	121227
SKILL	newjiang		dcqiaolve		张燕	121300
SKILL	newjiang		dchanjie		张燕	121348
SKILL	newjiang		dchuairen		伍孚	121444
SKILL	newjiang		dcchizei		伍孚	121575
SKILL	newjiang		dczhonge		伍孚	121617
SKILL	newjiang		dcjuekai		伍孚	121701
SKILL	newjiang		xjzhitu		修爵裴秀	121773
SKILL	newjiang		dcxiujue		修爵裴秀	121817
SKILL	newjiang		fjzhitu		复爵裴秀	121879
SKILL	newjiang		dcfujue		依旧新杀神秘结算：使用牌指定自己为目标时，可以选择与自己距离为1的其他角色为额外目标。	121925
SKILL	newjiang		chuanxie		传械马钧	121994
SKILL	newjiang		yjqiaosi		传械马钧	122066
SKILL	newjiang		yuliao		奇巧马钧	122097
SKILL	newjiang		qiqiao		奇巧马钧	122154
SKILL	newjiang		yanxie		奇巧马钧	122342
SKILL	newjiang		xiongjin		星董卓	122405
SKILL	newjiang		zhenbian		星董卓	122476
SKILL	newjiang		baoxi		星董卓	122515
SKILL	newjiang		mpmiaoxi		向秀	122606
SKILL	newjiang		mpsijiu		向秀	122649
SKILL	newjiang		gongqiao		马钧	122698
SKILL	newjiang		jingyi		神秘结算	122897
SKILL	newjiang		xianmou		新谋郭嘉	122934
SKILL	newjiang		lunshi		新谋郭嘉	123047
SKILL	newjiang		zhinang		荀彧荀攸 - 想你了	123104
SKILL	newjiang		gouzhu		荀彧荀攸 - 想你了	123193
SKILL	newjiang		xvzhi		令狐愚	123269
SKILL	newjiang		beiyu		司马孚	123347
SKILL	newjiang		duchi		司马孚	123404
SKILL	newjiang		yjqimei		宣公主	123431
SKILL	newjiang		yjzhuiji		宣公主	123515
SKILL	newjiang		fazhu		徐琨（菜不菜我不知道）	123625
SKILL	newjiang		kangli		孙礼	123755
SKILL	newjiang		tongwei		夏侯楙	123776
SKILL	newjiang		cuguo		夏侯楙	123862
SKILL	newjiang		qingbei		陈式	123941
SKILL	newjiang		zhenfeng		费曜	124041
SKILL	newjiang		dcduliang		新杀小加强 李严	124146
SKILL	newjiang		dcduliang2		新杀小加强 李严	124204
SKILL	newjiang		shuojian		苏飞	124220
SKILL	newjiang		shiming		谯周	124292
SKILL	newjiang		jiangxi		谯周	124336
SKILL	newjiang		duwang		韩龙	124393
SKILL	newjiang		cibei		韩龙	124437
SKILL	newjiang		diezhang		武安国	124587
SKILL	newjiang		duanwan		武安国	124706
SKILL	newjiang		liandui		李婉	124732
SKILL	newjiang		biejun		李婉	124771
SKILL	newjiang		sangu		诸葛尚	124876
SKILL	newjiang		yizu		诸葛尚	125118
SKILL	newjiang		kousheng		轲比能	125166
SKILL	newjiang		lkbushi		陆凯	125309
SKILL	newjiang		lkzhongzhuang		陆凯	125486
SKILL	newjiang		xinzhilve		将星独具	125523
SKILL	newjiang		xinxhzhiyan		将星独具	125627
SKILL	newjiang		xinxhzhiyan_used		将星独具	125711
SKILL	newjiang		xinxhzhiyan_false		将星独具	125715
SKILL	newjiang		weifeng		将星独具	125729
SKILL	newjiang		weifeng2		将星独具	125773
SKILL	newjiang		weifeng3		将星独具	125786
SKILL	newjiang		gnjinfan		将星独具	125825
SKILL	newjiang		gnjinfan_gain		将星独具	125927
SKILL	newjiang		gnsheque		将星独具	125968
SKILL	newjiang		spshidi		猩黄忠	126019
SKILL	newjiang		spyishi		猩黄忠	126092
SKILL	newjiang		spqishe		猩黄忠	126118
SKILL	newjiang		mbguli		☆胃炎	126141
SKILL	newjiang		mbaosi		☆胃炎	126243
SKILL	newjiang		mbhuiyao		☆周不疑	126285
SKILL	newjiang		mbquesong		filterTarget:lib.filter.notMe,	126453
SKILL	newjiang		old_mbquesong		filterTarget:lib.filter.notMe,	126527
SKILL	newjiang		mpjianlin		王戎	126588
SKILL	newjiang		mpsixiao		王戎	126648
SKILL	newjiang		mpjiusong		小程序刘伶	126789
SKILL	newjiang		mpmaotao		小程序刘伶	126829
SKILL	newjiang		mpbishi		小程序刘伶	126927
SKILL	offline		pelinjie		PE神钟会	126967
SKILL	offline		peduzhang		PE神钟会	127016
SKILL	offline		pejianghuo		PE神钟会	127034
SKILL	offline		pelishi		PE神钟会	127066
SKILL	offline		mark_shouli		线下标记神马	127158
SKILL	offline		mark_hengwu		线下标记神马	127540
SKILL	offline		sm_tuanlian		SM神马超	127559
SKILL	offline		sm_jingji		SM神马超	127679
SKILL	offline		sm_kuangchi		SM神马超	127959
SKILL	offline		sm_kulian		敌友判定	128164
SKILL	offline		sm_lema		敌友判定	128462
SKILL	offline		sm_chaoxuan		敌友判定	128543
SKILL	offline		sm_wandou		敌友判定	128559
SKILL	offline		sm_mabian_skill		敌友判定	128583
SKILL	offline		jxlianpo		神贾诩	128589
SKILL	offline		jxzhaoluan		神贾诩	128813
SKILL	offline		zc26_cangqiao		26珍藏神黄月英	128931
SKILL	offline		zc26_shenxie		26珍藏神黄月英	128990
SKILL	offline		zc26_huaxiu		26珍藏神黄月英	129093
SKILL	offline		zc26_zhuge_skill		26珍藏神黄月英	129288
SKILL	offline		zc26_bagua_skill		26珍藏神黄月英	129384
SKILL	offline		zc26_lingling_skill		26珍藏神黄月英	129515
SKILL	offline		xinlonghun		神貂蝉&高达一号	129632
SKILL	offline		zhanjiang		神貂蝉&高达一号	129824
SKILL	offline		boss_juejing		神貂蝉&高达一号	129849
SKILL	offline		boss_juejing2		神貂蝉&高达一号	129865
SKILL	offline		meihun		神貂蝉&高达一号	129930
SKILL	offline		huoxin		Connect Mode support after Angel Beats! -2nd beat-	129986
SKILL	offline		huoxin_control		Connect Mode support after Angel Beats! -2nd beat-	130070
SKILL	offline		huoxin2		Connect Mode support after Angel Beats! -2nd beat-	130094
SKILL	offline		psshouli		官盗S特015神马超	130123
SKILL	offline		pshengwu		官盗S特015神马超	130536
SKILL	offline		zybishi		一战成名·群雄逐鹿·长安之战专属神贾诩	130642
SKILL	offline		zyjianbing		一战成名·群雄逐鹿·长安之战专属神贾诩	130670
SKILL	offline		eu_jieyue		于禁张辽乐进	130705
SKILL	offline		eu_tuxi		于禁张辽乐进	130782
SKILL	offline		eu_xiaoguo		于禁张辽乐进	130799
SKILL	offline		eu_xiru		马抗	130831
SKILL	offline		eu_zongma		马抗	130853
SKILL	offline		eu_wanwang		阿尔达希尔	130982
SKILL	offline		eu_sashan		阿尔达希尔	130995
SKILL	offline		eu_nagong		阿尔达希尔	131013
SKILL	offline		eu_dengtian		马克里努斯	131103
SKILL	offline		eu_mingshu		马克里努斯	131187
SKILL	offline		eu_juedou		马克里努斯	131204
SKILL	offline		eu_ducai		欧陆凯撒	131229
SKILL	offline		eu_zhitong		欧陆凯撒	131294
SKILL	offline		eu_jiquan		欧陆凯撒	131339
SKILL	offline		caanchao		汉末神王允	131364
SKILL	offline		cayurong		汉末神王允	131377
SKILL	offline		cadingxi		汉末神王允	131401
SKILL	offline		cazhaoshao		汉末神曹	131557
SKILL	offline		caxiaoxiong		target.setStorage("cazhaoshao_equip", []);	131797
SKILL	offline		caweijue		神李郭	131814
SKILL	offline		cachuxiong		神李郭	131881
SKILL	offline		caxingwei		长安樊稠	131985
SKILL	offline		caqianmu		长安樊稠	132018
SKILL	offline		casilve		长安张济	132141
SKILL	offline		casuibian		长安张济	132203
SKILL	offline		casixi		长安郭汜	132292
SKILL	offline		calvedao		长安郭汜	132384
SKILL	offline		cacuixi		长安李傕	132401
SKILL	offline		cajujun		长安李傕	132515
SKILL	offline		caliyu		长安吕布	132565
SKILL	offline		calianji		长安王允	132617
SKILL	offline		camoucheng		长安王允	132658
SKILL	offline		cajingong		长安王允	132692
SKILL	offline		zombiesangluan		神贾诩	132761
SKILL	offline		zombieshibao		神贾诩	132831
SKILL	offline		zombiechuce		神贾诩	132869
SKILL	offline		zombielongmu		神贾诩	133033
SKILL	offline		zombieshibian		神贾诩	133164
SKILL	offline		zombieganran		实际上只是友方，敌方不用写	133327
SKILL	offline		ymzhuhun		罗贯中	133410
SKILL	offline		ymjingshi		罗贯中	133563
SKILL	offline		ymranhan		如果是没牌的情况则根据numx进行一次随机判定	133673
SKILL	offline		huhaibi_skill		湖海笔	133752
SKILL	offline		ymhengren		张星彩	133838
SKILL	offline		ymdanjue		张星彩	133897
SKILL	offline		ymsaxue		关银屏	133942
SKILL	offline		ymxianfeng		关银屏	134126
SKILL	offline		ymqianling		赵襄	134185
SKILL	offline		ymqueying		赵襄	134244
SKILL	offline		ymdiyu		梦貂蝉	134349
SKILL	offline		ymfuyi		梦貂蝉	134436
SKILL	offline		ymjiuji		梦貂蝉	134478
SKILL	offline		ymfriendzhugelianggongli		线下奶龙	134586
SKILL	offline		ymfriendyance		线下奶龙	134591
SKILL	offline		ymfriendfangqiu		线下奶龙	134709
SKILL	offline		psjuebing		风云际会曹操	134746
SKILL	offline		psfengxie		风云际会曹操	134920
SKILL	offline		pshuji		风云际会刘备	135030
SKILL	offline		pshoufa		风云际会刘备	135093
SKILL	offline		pszhanlun		风云际会孙权	135104
SKILL	offline		psjueyi		风云际会孙权	135168
SKILL	offline		shefujing		蛇吕蒙	135272
SKILL	offline		shefujiang		蛇吕蒙	135363
SKILL	offline		shetonglu		蛇吕蒙	135396
SKILL	offline		dragpojun		龙大宝	135440
SKILL	offline		dragqianxun		龙陆逊	135508
SKILL	offline		draglianying		龙陆逊	135567
SKILL	offline		draglianxiang		申耽申仪	135675
SKILL	offline		dragpingmeng		申耽申仪	135720
SKILL	offline		dragpanfeng		申耽申仪	135792
SKILL	offline		dragzhawang		龙廖化	135882
SKILL	offline		dragxigui		龙廖化	135935
SKILL	offline		dragzhongyong		龙周仓	135967
SKILL	offline		dragxueji		龙关银屏	136013
SKILL	offline		draghuxiao		龙关银屏	136039
SKILL	offline		draglongyin		龙关平	136073
SKILL	offline		dragjiezhong		龙关平	136111
SKILL	offline		dragqianfu		龙关索	136137
SKILL	offline		dragchengyuan		龙关索	136229
SKILL	offline		dragyuxian		龙关索	136257
SKILL	offline		dragyinglong		龙关索	136314
SKILL	offline		dragxiefang		龙关索	136418
SKILL	offline		dragshiyao		华雌	136481
SKILL	offline		dragzuoyu		华雌	136556
SKILL	offline		dragduyi		华雌	136638
SKILL	offline		dragjuliao		华雌	136733
SKILL	offline		hm_zhong_heart_skill		【众】	136782
SKILL	offline		hm_zhong_diamond_skill		【众】	136808
SKILL	offline		hm_zhong_club_skill		【众】	136844
SKILL	offline		hm_zhong_spade_skill		【众】	136865
SKILL	offline		hm_huoyin		白绕	136890
SKILL	offline		hm_jukou		唐周	136919
SKILL	offline		hm_weichenn		唐周	136994
SKILL	offline		hm_shuiqu		浮云	137053
SKILL	offline		hm_yure		浮云	137092
SKILL	offline		hm_zhannei		陶升	137141
SKILL	offline		hm_qianwei		陶升	137164
SKILL	offline		hm_dafu		于毒	137204
SKILL	offline		hm_jipin		于毒	137222
SKILL	offline		hm_tianshu		南华老仙	137254
SKILL	offline		hm_yufeng		南华老仙	137297
SKILL	offline		hm_weiluan		卜巳	137386
SKILL	offline		hm_tianpan		卜巳	137442
SKILL	offline		hm_gaiming		卜巳	137490
SKILL	offline		hm_tuntian		珪固	137520
SKILL	offline		hm_qianjun		珪固	137554
SKILL	offline		hm_cheji		神朱儁	137589
SKILL	offline		hm_daicui		神朱儁	137634
SKILL	offline		hm_kuixiang		神朱儁	137689
SKILL	offline		hm_shice		神朱儁	137741
SKILL	offline		hm_podai		看不懂，破怠了	137817
SKILL	offline		hm_jigan		神卢植	137949
SKILL	offline		hm_weizhu		i到j的距离	138081
SKILL	offline		hm_guiquan		i到j的距离	138180
SKILL	offline		hm_wuxiao		程远志	138265
SKILL	offline		hm_qianhu		程远志	138304
SKILL	offline		hm_xiongshi		高升	138347
SKILL	offline		hm_difeng		高升	138429
SKILL	offline		hm_juedian		何曼	138481
SKILL	offline		hm_nitian		何曼	138537
SKILL	offline		hm_didao		严政	138591
SKILL	offline		hm_xianxiang		严政	138643
SKILL	offline		hm_kunjun		波才	138664
SKILL	offline		hm_yingzhan		波才	138699
SKILL	offline		hm_cuiji		波才	138712
SKILL	offline		hm_houying		邓茂	138774
SKILL	offline		hm_paoxi		邓茂	138816
SKILL	offline		hm_fudao		神张角	138867
SKILL	offline		hm_zongfu		神张角	138892
SKILL	offline		hm_dangjing		神张角	138951
SKILL	offline		hm_zhouyuan		神张宝	138985
SKILL	offline		hm_zhaobing		神张宝	139075
SKILL	offline		hm_jijun		神张梁	139226
SKILL	offline		hm_fengtong		神张梁	139279
SKILL	offline		hm_sanshou		三兄弟都有的玩意	139373
SKILL	offline		jxxiongzi		荆襄风云	139441
SKILL	offline		jxzhanyan		荆襄风云	139463
SKILL	offline		jxwusheng		荆襄风云	139510
SKILL	offline		jxjushou		神曹仁	139597
SKILL	offline		jxtuwei		神曹仁	139654
SKILL	offline		jxxiongju		神刘表	139755
SKILL	offline		jxfujing		神刘表	139792
SKILL	offline		jxyongrong		神刘表	139839
SKILL	offline		jylijun		曹操	139891
SKILL	offline		jytongbei		曹操	139904
SKILL	offline		jybeirong		曹仁	139977
SKILL	offline		jyyujun		曹仁	140002
SKILL	offline		jyqibian		诸葛亮	140018
SKILL	offline		jycailve		诸葛亮	140049
SKILL	offline		jylianhuan		庞统	140145
SKILL	offline		jysuozhou		庞统	140172
SKILL	offline		jyyuhuo		庞统	140191
SKILL	offline		jydimeng		鲁肃	140206
SKILL	offline		jyzhouji		鲁肃	140267
SKILL	offline		jyboyan		张昭	140318
SKILL	offline		jymushi		张昭	140375
SKILL	offline		jysashuang		周瑜	140444
SKILL	offline		jyhuoce		周瑜	140468
SKILL	offline		jyliezhou		黄盖	140532
SKILL	offline		jyzhaxiang		黄盖	140546
SKILL	offline		jdsbduanliang		九鼎-徐晃	140592
SKILL	offline		jdshiren		九鼎-徐晃	140662
SKILL	offline		jdyanxi		九鼎-徐晃	140681
SKILL	offline		jdcaozhao		九鼎-华歆	140787
SKILL	offline		jdmingxuan		九鼎-杨婉	140865
SKILL	offline		jdjizhi		九鼎-黄月英	141004
SKILL	offline		jdqicai		九鼎-黄月英	141029
SKILL	offline		jdlongdan		九鼎-赵云	141108
SKILL	offline		jdjizhu		九鼎-赵云	141271
SKILL	offline		jdqixi		九鼎-甘宁	141279
SKILL	offline		jdfenwei		九鼎-甘宁	141342
SKILL	offline		jdlianhuan		九鼎-庞统	141407
SKILL	offline		jdcibei		九鼎-韩龙	141428
SKILL	offline		jdbaoqie		九鼎-夏侯徽	141487
SKILL	offline		jdjianxiong		九鼎-曹操	141512
SKILL	offline		jdhuoji		九鼎-诸葛亮	141600
SKILL	offline		jdkanpo		九鼎-诸葛亮	141684
SKILL	offline		jdguanxing		九鼎-诸葛亮	141785
SKILL	offline		jdtairan		九鼎-司马师	141834
SKILL	offline		jdsbpaoxiao		九鼎-张飞	141861
SKILL	offline		jdsbxuanhuo		九鼎-法正	141896
SKILL	offline		jdsbenyuan		九鼎-法正	141958
SKILL	offline		jdsbzhangwu		九鼎-刘备	141997
SKILL	offline		jdsbjieyin		九鼎-孙尚香	142057
SKILL	offline		jdsbliangzhu		九鼎-孙尚香	142102
SKILL	offline		jdsbjieyue		九鼎-种地的	142163
SKILL	offline		jdsbluanji		九鼎-高贵名门	142187
SKILL	offline		jdsbxueyi		九鼎-高贵名门	142206
SKILL	offline		jdsbhuoshou		九鼎-孟获	142258
SKILL	offline		jdsbzaiqi		九鼎-孟获	142276
SKILL	offline		jdsbguose		九鼎-大乔	142326
SKILL	offline		jdsbliuli		九鼎-大乔	142360
SKILL	offline		jdsbtiaoxin		九鼎-姜维	142395
SKILL	offline		jdsbzhiji		九鼎-姜维	142469
SKILL	offline		jdsbbeifa		九鼎-姜维	142489
SKILL	offline		jdsbwusheng		九鼎-关羽	142595
SKILL	offline		jdsbyijue		九鼎-关羽	142683
SKILL	offline		jdsbtianxiang		九鼎-小乔	142752
SKILL	offline		jdsbhongyan		九鼎-小乔	142860
SKILL	offline		jdsbzhiheng		九鼎-孙权	142892
SKILL	offline		jdsbtongye		九鼎-孙权	142957
SKILL	offline		jdsbjiuyuan		九鼎-孙权	142972
SKILL	offline		jdfengtu		九鼎-司马炎	142998
SKILL	offline		jdjuqi		if (game.players.includes(event.player)) return false;	143068
SKILL	offline		jdtaishi		if (game.players.includes(event.player)) return false;	143138
SKILL	offline		zj_juxian		---- 文件: offline/skill/offline_juedai.js ----	143167
SKILL	offline		zj_lijun		---- 文件: offline/skill/offline_juedai.js ----	143211
SKILL	offline		zj_duanbing		---- 文件: offline/skill/offline_juedai.js ----	143239
SKILL	offline		zj_fenxun		---- 文件: offline/skill/offline_juedai.js ----	143336
SKILL	offline		zj_dangxian		---- 文件: offline/skill/offline_juedai.js ----	143375
SKILL	offline		zj_fuli		---- 文件: offline/skill/offline_juedai.js ----	143401
SKILL	offline		zj_cuijian		张虎乐綝	143439
SKILL	offline		zj_porui		张虎乐綝	143469
SKILL	offline		zj_chengxi		胡烈	143570
SKILL	offline		zj_zhaoe		胡烈	143618
SKILL	offline		zj_tuizhi		诸葛绪	143697
SKILL	offline		zj_qianjun		诸葛绪	143815
SKILL	offline		zj_guluo		诸葛绪	143861
SKILL	offline		zj_jueyan		陆抗	143875
SKILL	offline		zj_huairou		陆抗	143978
SKILL	offline		zj_yizan		赵统赵广	144038
SKILL	offline		zj_shuge		赵统赵广	144149
SKILL	offline		zj_zhengui		赵统赵广	144173
SKILL	offline		zj_zhongwang		诸葛瞻	144207
SKILL	offline		zj_fuyin		诸葛瞻	144292
SKILL	offline		zj_guguo		柳隐	144337
SKILL	offline		zj_zhongjue		霍弋	144378
SKILL	offline		zj_qingming		霍弋	144436
SKILL	offline		zj_liefa		霍弋	144499
SKILL	offline		zj_qiangdu		姚柯回	144623
SKILL	offline		zj_zhuhui		夏侯含	144699
SKILL	offline		zj_hanci		夏侯含	144758
SKILL	offline		zj_jieyi		夏侯含	144778
SKILL	offline		zj_linei		夏侯含	144824
SKILL	offline		zj_tongxin		夏侯含	144858
SKILL	offline		zj_quanwei		忠会	144904
SKILL	offline		zj_quanshu		忠会	145069
SKILL	offline		zj_quanqing		忠会	145108
SKILL	offline		zj_qiangyi		忠会	145153
SKILL	offline		zj_juta		姜维	145203
SKILL	offline		zj_buji		姜维	145277
SKILL	offline		zj_linze		姜维	145337
SKILL	offline		zj_fuji		姜维	145362
SKILL	offline		zj_jindao		姜维	145419
SKILL	offline		zj_hanshi		姜维	145447
SKILL	offline		zj_wuzhe		姜维	145509
SKILL	offline		zj_jianxi		姜维	145622
SKILL	offline		zj_zhaofu		group: "zj_jianxi_effect",	145860
SKILL	offline		zj_tuicheng		group: "zj_jianxi_effect",	145914
SKILL	offline		lxbeini		甲虫	146032
SKILL	offline		lxdingfa		甲虫	146096
SKILL	offline		lxkuangli		成济	146128
SKILL	offline		lxxiongsi		成济	146164
SKILL	offline		lxzuoyou		李昭焦伯	146194
SKILL	offline		lxshishou		李昭焦伯	146260
SKILL	offline		lxbeiming		文钦	146285
SKILL	offline		lxchoumang		文钦	146456
SKILL	offline		lxcuizhen		毌丘俭	146546
SKILL	offline		lxkuili		毌丘俭	146647
SKILL	offline		lxbifeng		司马伷	146661
SKILL	offline		lxsuwang		司马伷	146712
SKILL	offline		lxpanxiang		司马孚	146775
SKILL	offline		lxchenjie		司马孚	146885
SKILL	offline		lxyuli		神马超 孩子们这次我不是区了	146919
SKILL	offline		lxtingwei		神马超 孩子们这次我不是区了	146970
SKILL	offline		lxjimie		神马超 孩子们这次我不是区了	147000
SKILL	offline		lxqianlong		曹髦	147065
SKILL	offline		lxweitong		本来想用history的  但是这里的本意明显是获得此技能后首次进入濒死干脆加个skill算了	147200
SKILL	offline		lxjuejin		本来想用history的  但是这里的本意明显是获得此技能后首次进入濒死干脆加个skill算了	147214
SKILL	offline		lxwuhui		本来想用history的  但是这里的本意明显是获得此技能后首次进入濒死干脆加个skill算了	147312
SKILL	offline		lxqiantun		司马昭	147417
SKILL	offline		lxxiezheng		司马昭	147453
SKILL	offline		lxweisi		司马昭	147485
SKILL	offline		lxzhaoxiong		司马昭	147860
SKILL	offline		dragtaiguan		龙庞德	147941
SKILL	offline		dragchaojue		界界关羽	147961
SKILL	offline		dragjunshen		界界关羽	148062
SKILL	offline		draglizhong		龙曹仁	148179
SKILL	offline		dragjuesui		撅碎（难视	148350
SKILL	offline		dragjuwu		吕常×SP淳于琼√	148435
SKILL	offline		dragshouxiang		吕常×SP淳于琼√	148454
SKILL	offline		nsyangwu		文和乱武	148630
SKILL	offline		nslulve		文和乱武	148673
SKILL	offline		nsfeixiong		文和乱武	148722
SKILL	offline		nscesuan		文和乱武	148763
SKILL	offline		pegaishi		项羽	148798
SKILL	offline		pefuqin		项羽	148826
SKILL	offline		peyinghao		太监音太难听了   静音了	148892
SKILL	offline		pecaishi		上官婉儿	148903
SKILL	offline		peculv		上官婉儿	149019
SKILL	offline		peersheng		武则天	149151
SKILL	offline		pelinchao		防止ai只杀不酒	149217
SKILL	offline		penvdi		村村的规   有需要自己改	149273
SKILL	offline		pejieshu		PE刘徽	149326
SKILL	offline		pegeyuan		感谢戏佬qwq	149404
SKILL	offline		pegusuan		感谢戏佬qwq	149470
SKILL	offline		pewuan		白起	149541
SKILL	offline		peshashen		白起	149609
SKILL	offline		perongbian		花木兰	149629
SKILL	offline		peliezhan		花木兰	149730
SKILL	offline		petijun		花木兰	149872
SKILL	offline		peyichuan		杨玉环	149932
SKILL	offline		pexiuhua		杨玉环	150042
SKILL	offline		pexunji		夏侯岚	150096
SKILL	offline		peshuangfeng		夏侯岚	150170
SKILL	offline		peguiren		夏侯岚	150209
SKILL	offline		peyichi		夏侯岚	150243
SKILL	offline		pepozhen		天策上将-李世民	150269
SKILL	offline		petaoge		天策上将-李世民	150419
SKILL	offline		pezhenguan		天策上将-李世民	150546
SKILL	offline		pepianchong		e郭照	150593
SKILL	offline		pezunwei		e郭照	150640
SKILL	offline		peqinyi		史阿你看看你教了个什么东西	150761
SKILL	offline		pejixin		武鹿可以直接撕了	150810
SKILL	offline		pejiwei		妈妈再也不用担心我一不小心就摸空牌堆辣！	150925
SKILL	offline		pehuanfu		夏侯玄	150991
SKILL	offline		peyingzhen		曲阿小将	151031
SKILL	offline		peyuanjue		曲阿小将	151110
SKILL	offline		peaoyong		曲阿小将	151174
SKILL	offline		petongkai		曲阿小将	151224
SKILL	offline		yjguibei		曹操＆袁绍	151248
SKILL	offline		yjjiechu		跳过新回合的phaseBefore	151290
SKILL	offline		yjdaojue		跳过新回合的phaseBefore	151473
SKILL	offline		yjzhian		跳过新回合的phaseBefore	151602
SKILL	offline		yjqingzheng		跳过新回合的phaseBefore	151704
SKILL	offline		yjzhuni		跳过新回合的phaseBefore	151771
SKILL	offline		yjtuonan		跳过新回合的phaseBefore	151780
SKILL	offline		psanmou		沟槽的秘密指定还在追我	151825
SKILL	offline		pstousuan		我自己选的我自己会不知道？(doge)	151880
SKILL	offline		psxiaofan		你也有xiaofan？	151904
SKILL	offline		psjiaohu		你也有xiaofan？	151978
SKILL	offline		psquanpan		你也有xiaofan？	151994
SKILL	offline		pshuoluan		你也有xiaofan？	152036
SKILL	offline		yjshuangren		e系列纪灵	152059
SKILL	offline		yjqingjiao		线下幻系列	152150
SKILL	offline		psmouchuan		钟会	152163
SKILL	offline		pszizhong		钟会	152216
SKILL	offline		psjizun		钟会	152240
SKILL	offline		psqingsuan		钟会	152259
SKILL	offline		psdaohe		钟会	152284
SKILL	offline		pszhiyi		钟会	152321
SKILL	offline		psdiwan		鄂焕	152340
SKILL	offline		pssuiluan		鄂焕	152351
SKILL	offline		psconghan		鄂焕	152427
SKILL	offline		psyanmou		肘击	152464
SKILL	offline		pszhanyan		肘击	152538
SKILL	offline		psyuhuo		ui.cardPile.insertBefore(card, ui.cardPile.firstChild);	152617
SKILL	offline		pshuying		田钏	152650
SKILL	offline		psqianjing		田钏	152693
SKILL	offline		psbianchi		田钏	152861
SKILL	offline		xingbian_skill		田钏	152980
SKILL	offline		pewushen		虎牢神关羽	153055
SKILL	offline		pekuangfeng		虎牢神诸葛亮	153147
SKILL	offline		petianlin		虎牢神诸葛亮	153243
SKILL	offline		peshelie		虎牢神吕蒙	153374
SKILL	offline		pegongxin		虎牢神吕蒙	153414
SKILL	offline		peqinyin		虎牢神周瑜	153494
SKILL	offline		peyeyan		虎牢神周瑜	153564
SKILL	offline		peshenwei		虎牢神吕布	153707
SKILL	offline		pexiuluo		虎牢神吕布	153752
SKILL	offline		peduomo		虎牢神吕布	153798
SKILL	offline		pedaojue		虎牢神吕布	153815
SKILL	offline		jun_renwang		君刘备	153946
SKILL	offline		jun_xiongtu		君曹操	154038
SKILL	offline		jun_jiang		君孙策	154073
SKILL	offline		jun_zhiyang		君孙策	154086
SKILL	offline		jun_hefa		君袁绍	154128
SKILL	offline		jun_huanlei		君张角	154218
SKILL	offline		jun_xiandao		君张角	154301
SKILL	offline		jun_cuanzun		君曹丕	154397
SKILL	offline		jun_liufang		君曹丕	154422
SKILL	offline		jun_fuxiang		君刘禅	154509
SKILL	offline		jun_leling		君刘禅	154554
SKILL	offline		jun_henglv		君孙权	154626
SKILL	offline		jun_tianze		君刘协	154722
SKILL	offline		jun_zhaoshou		君刘协	154827
SKILL	offline		jun_gezhi		君刘协	154892
SKILL	offline		jun_julian		君刘协	155032
SKILL	offline		smsibian		神魔孙权（魔不如神这一块）	155068
SKILL	offline		smqihua		神魔孙权（魔不如神这一块）	155103
SKILL	offline		smdue		神魔孙权（魔不如神这一块）	155168
SKILL	offline		smshenjiang		神魔孙权（魔不如神这一块）	155195
SKILL	offline		smshengshou		神魔孙权（魔不如神这一块）	155212
SKILL	offline		smshifeng		神魔孙权（魔不如神这一块）	155278
SKILL	offline		smmobian		小巧思观微	155322
SKILL	offline		smyanshi		小巧思观微	155343
SKILL	offline		smpoyu		小巧思观微	155450
SKILL	offline		xkxijun		祖郎	155628
SKILL	offline		xkhaokou		祖郎	155792
SKILL	offline		xkronggui		祖郎	155828
SKILL	offline		xkjushou		彭绮	155880
SKILL	offline		xkliaoluan		彭绮	155910
SKILL	offline		xkhuaying		彭绮	155953
SKILL	offline		xkjizhong		彭绮	156001
SKILL	offline		xkbimeng		单福	156033
SKILL	offline		xkzhue		单福	156124
SKILL	offline		xkfuzhu		单福	156169
SKILL	offline		xkjuqian		彭虎	156239
SKILL	offline		xkkanpo		彭虎	156269
SKILL	offline		xkyizhong		彭虎	156286
SKILL	offline		xktanlu		崔廉	156300
SKILL	offline		xkjubian		崔廉	156344
SKILL	offline		xkjuluan		罗历	156356
SKILL	offline		xkxianxing		罗历	156403
SKILL	offline		xk_qiyijun		罗历	156459
SKILL	offline		gzsuishi		战役篇田丰	156594
SKILL	offline		gzsuishi2		战役篇田丰	156611
SKILL	offline		zymingshi		战役篇孔融	156625
SKILL	offline		zyshangyi		战役篇蒋钦	156656
SKILL	offline		zyquanji		钟会	156691
SKILL	offline		zypaiyi		钟会	156739
SKILL	offline		zyshilu		孙綝	156808
SKILL	offline		zyxiongnve		content: (storage, player) => `共有${get.cnNumber(storage.length)}张“戮”`,	156896
SKILL	offline		qiuan		孟达	157078
SKILL	offline		liangfan		孟达	157109
SKILL	offline		liangfan2		孟达	157131
SKILL	offline		gzjinfa		文钦	157182
SKILL	offline		zylianji		战役篇改王允	157252
SKILL	offline		zymoucheng		战役篇改王允	157347
SKILL	offline		nskuishe		曹安民	157359
SKILL	offline		pkwuku		官盗K系列杜预	157464
SKILL	offline		pksanchen		官盗K系列杜预	157487
SKILL	offline		pkmiewu		官盗K系列杜预	157508
SKILL	offline		psmeihun		神貂蝉	157614
SKILL	offline		pshuoxin		神貂蝉	157664
SKILL	offline		psguixin		神曹操	157721
SKILL	offline		psshenzun		神曹操	157778
SKILL	offline		psfeiying		神曹操	157817
SKILL	offline		pszhonghun		官盗S系列关羽	157824
SKILL	offline		psqizuo		官盗S系列郭嘉·一版	157844
SKILL	offline		psquanmou		官盗S系列郭嘉·二版	157909
SKILL	offline		pshuiqiang		官盗S赵云·一版	157938
SKILL	offline		pshuntu		官盗S赵云·一版	157965
SKILL	offline		psqijin		官盗S赵云·二版	157992
SKILL	offline		psqichu		官盗S赵云·二版	158047
SKILL	offline		pslongxin		官盗S赵云·二版	158206
SKILL	offline		psoldshiyin		官盗S周瑜·一版	158242
SKILL	offline		psshiyin		官盗S周瑜·二版	158304
SKILL	offline		psquwu		官盗S周瑜·二版	158386
SKILL	offline		psliaozou		官盗S周瑜·二版	158436
SKILL	offline		psquanyi		官盗S武将传晋司马	158489
SKILL	offline		psliushang		官盗S曹植	158588
SKILL	offline		psqibu		官盗S曹植	158689
SKILL	offline		psjianwei		官盗S曹丕	158716
SKILL	offline		pszhonghu		官盗S司马懿	158848
SKILL	offline		pshuxiao		官盗S虎啸龙吟司马懿&诸葛亮	158887
SKILL	offline		psguanxing		官盗S虎啸龙吟司马懿&诸葛亮	158939
SKILL	offline		pslongyin		官盗S虎啸龙吟司马懿&诸葛亮	158955
SKILL	offline		pszhiji		官盗S武将传诸葛亮	159088
SKILL	offline		psjiefeng		官盗S武将传诸葛亮	159140
SKILL	offline		psweihou		官盗S马超	159174
SKILL	offline		psqupo		官盗S1066★贾诩	159215
SKILL	offline		psbaoquan		官盗S1066★贾诩	159346
SKILL	offline		pssheji		官盗S吕布	159369
SKILL	offline		longyi		龙羽飞	159430
SKILL	offline		zhenjue		龙羽飞	159570
SKILL	offline		jsprende		群刘备	159592
SKILL	offline		nsyice		S贾诩	159782
SKILL	offline		psfenzhi		神姜维	159900
SKILL	offline		psjiucheng		神姜维	159942
SKILL	offline		psranjin		神姜维	160101
SKILL	offline		psmoyan		魔姜维	160144
SKILL	offline		psjiusheng		魔姜维	160166
SKILL	offline		pshunjin		魔姜维	160244
SKILL	offline		psjimou		神魏延	160324
SKILL	offline		psyuxue		神魏延	160423
SKILL	offline		pskuifa		神魏延	160603
SKILL	offline		psnimou		魔魏延	160727
SKILL	offline		pskexue		魔魏延	160795
SKILL	offline		psjiefa		魔魏延	160943
SKILL	offline		sm_dayuan		赛马娘	161084
SKILL	offline		sm_tianwu		赛马娘	161169
SKILL	offline		chixia_jipao		赛马娘	161270
SKILL	offline		sm_hualiu		赛马娘	161338
SKILL	offline		sm_dianteng		赛马娘	161359
SKILL	offline		qiulin_jipao		赛马娘	161494
SKILL	offline		sm_feidian		赛马娘	161510
SKILL	offline		sm_xianxing		赛马娘	161586
SKILL	offline		zhuahuang_jipao		赛马娘	161672
SKILL	offline		sm_zixin		赛马娘	161688
SKILL	offline		sm_zhiyin		赛马娘	161727
SKILL	offline		zijian_jipao		赛马娘	161791
SKILL	offline		sm_jueying		赛马娘	161807
SKILL	offline		sm_xuneng		赛马娘	161874
SKILL	offline		jieying_jipao		赛马娘	161927
SKILL	offline		sm_chitu		赛马娘	161943
SKILL	offline		sm_aozhan		赛马娘	161977
SKILL	offline		liaoyuan_jipao		赛马娘	162026
SKILL	offline		sm_dilu		赛马娘	162042
SKILL	offline		sm_boxing		赛马娘	162110
SKILL	offline		sm_chongji		赛马娘	162188
SKILL	offline		dailu_jipao		赛马娘	162255
SKILL	offline		hssifen		青史刘璿	162282
SKILL	offline		hsfunan		青史刘璿	162399
SKILL	offline		hsjunwei		青史曹奂	162519
SKILL	offline		hsmoran		青史曹奂	162588
SKILL	offline		hsjixu		青史刘协	162644
SKILL	offline		hsyouchong		青史刘协	162787
SKILL	offline		hsshezuo		青史孙皓	162889
SKILL	offline		poker_record		用扑克牌打牌神将	163038
SKILL	offline		hschenzhi		用扑克牌打牌神将	163069
SKILL	offline		hsdianmo		第一个元素放获得牌相关的，第二个放弃置牌相关的	163263
SKILL	offline		hszaibi		最后用全局变量存储，就不需要反复执行这个函数了	163431
SKILL	offline		chunqiubi_skill		最后用全局变量存储，就不需要反复执行这个函数了	163475
SKILL	offline		sclfudi		王战张绣	163566
SKILL	offline		sclcongjian		王战张绣	163649
SKILL	offline		sclwansha		王战贾诩	163670
SKILL	offline		scls_zhanshen		SCL	163686
SKILL	offline		scls_yinshi		SCL	163758
SKILL	offline		scls_pingcai		audio: "xinfu_pdgyingshi",	163785
SKILL	offline		scls_chongxu		斗地主有四名角色？	164088
SKILL	offline		scls_miaojian		斗地主有四名角色？	164168
SKILL	offline		scls_lianhua		斗地主有四名角色？	164274
SKILL	offline		scls_kuangcai		斗地主有四名角色？	164312
SKILL	offline		scls_shejian		斗地主有四名角色？	164393
SKILL	offline		scls_juezhi		斗地主有四名角色？	164446
SKILL	offline		scls_lingren		斗地主有四名角色？	164496
SKILL	offline		scls_qinzheng		斗地主有四名角色？	164575
SKILL	offline		pschangshi		十常侍共用技能	164631
SKILL	offline		pstaoluan		张让	164787
SKILL	offline		pschiyan		赵忠	164852
SKILL	offline		pszimou		孙璋	164949
SKILL	offline		psbicai		毕岚	164986
SKILL	offline		psyaozhuo		夏恽	165048
SKILL	offline		psxiaolu		韩悝	165170
SKILL	offline		pskuiji		栗嵩	165283
SKILL	offline		pschihe		段珪	165370
SKILL	offline		psniqu		郭胜	165411
SKILL	offline		psmiaoyu		高望	165432
SKILL	offline		goblin_yibao		哥布林	165482
SKILL	offline		goblin_rulin		哥布林	165525
SKILL	offline		goblin_kuangbao		哥布林	165541
SKILL	offline		goblin_feisheng		哥布林	165568
SKILL	offline		goblin_shiqiang		哥布林	165585
SKILL	offline		goblin_lingruo		哥布林	165606
SKILL	offline		dongwan_moli		董绾	165620
SKILL	offline		shinin_shengyan		董绾	165775
SKILL	offline		shinin_gongming		董绾	165836
SKILL	offline		lvlingqi_moli		吕玲绮	165874
SKILL	offline		shinin_henghui		吕玲绮	166037
SKILL	offline		shinin_moqi		吕玲绮	166137
SKILL	offline		ruiji_moli		芮姬	166198
SKILL	offline		shinin_shengcai		芮姬	166359
SKILL	offline		shinin_guanghui		芮姬	166410
SKILL	offline		wuguotai_moli		吴国太	166456
SKILL	offline		shinin_fengshou		吴国太	166617
SKILL	offline		shinin_susheng		吴国太	166741
SKILL	offline		shinin_luoshen		甄姬	166835
SKILL	offline		zhenji_moli		甄姬	166879
SKILL	offline		shinin_jinghong		甄姬	167031
SKILL	offline		shinin_youlong		甄姬	167117
SKILL	offline		shinin_haiyou		甄姬	167277
SKILL	offline		xinfu_yanyu		---- 文件: offline/skill/offline_star.js ----	167314
SKILL	offline		xinfu_yanyu2		---- 文件: offline/skill/offline_star.js ----	167407
SKILL	offline		xinfu_xiaode		---- 文件: offline/skill/offline_star.js ----	167479
SKILL	offline		chixin		---- 文件: offline/skill/offline_star.js ----	167531
SKILL	offline		chixin1		---- 文件: offline/skill/offline_star.js ----	167548
SKILL	offline		chixin2		---- 文件: offline/skill/offline_star.js ----	167562
SKILL	offline		suiren		---- 文件: offline/skill/offline_star.js ----	167584
SKILL	offline		xinmanjuan		---- 文件: offline/skill/offline_star.js ----	167613
SKILL	offline		manjuan		---- 文件: offline/skill/offline_star.js ----	167663
SKILL	offline		zuixiang		---- 文件: offline/skill/offline_star.js ----	167719
SKILL	offline		zuixiang2		---- 文件: offline/skill/offline_star.js ----	167748
SKILL	offline		yanxiao		---- 文件: offline/skill/offline_star.js ----	167820
SKILL	offline		yanxiao_global		---- 文件: offline/skill/offline_star.js ----	167866
SKILL	offline		anxian		---- 文件: offline/skill/offline_star.js ----	167885
SKILL	offline		junwei		---- 文件: offline/skill/offline_star.js ----	167940
SKILL	offline		junwei2		---- 文件: offline/skill/offline_star.js ----	168040
SKILL	offline		yinling		---- 文件: offline/skill/offline_star.js ----	168066
SKILL	offline		fenyong		---- 文件: offline/skill/offline_star.js ----	168147
SKILL	offline		xuehen		---- 文件: offline/skill/offline_star.js ----	168188
SKILL	offline		mouduan		---- 文件: offline/skill/offline_star.js ----	168253
SKILL	offline		mouduan2		---- 文件: offline/skill/offline_star.js ----	168294
SKILL	offline		tanhu		priority:5,	168326
SKILL	offline		tanhu2		priority:5,	168359
SKILL	offline		tanhu3		priority:5,	168365
SKILL	offline		jie		priority:5,	168379
SKILL	offline		dahe		priority:5,	168390
SKILL	offline		shichou		priority:5,	168476
SKILL	offline		zhaolie		priority:5,	168636
SKILL	offline		fulu		priority:5,	168735
SKILL	offline		fuji		priority:5,	168766
SKILL	offline		spyinzhi		桌游志贴纸	168807
SKILL	offline		spmingjian		桌游志贴纸	168847
SKILL	offline		spmingjian_charlotte		桌游志贴纸	168904
SKILL	offline		spshude		桌游志贴纸	168932
SKILL	offline		spfuluan		桌游志贴纸	168942
SKILL	offline		spfuluan2		桌游志贴纸	168976
SKILL	offline		spzhaoxin		桌游志贴纸	168985
SKILL	offline		splanggu		桌游志贴纸	169001
SKILL	offline		splanggu_rewrite		桌游志贴纸	169025
SKILL	offline		sphantong		桌游志贴纸	169080
SKILL	offline		sphantong_gain		桌游志贴纸	169106
SKILL	offline		sphuangen		护驾	169176
SKILL	offline		spyicong		护驾	169249
SKILL	offline		sptuji		护驾	169302
SKILL	offline		sptuji2		护驾	169323
SKILL	offline		_taoyuanwange		铠甲合体	169349
SKILL	offline		tyliupo		孩子们，我分身了	169399
SKILL	offline		tyzhuiling		孩子们，我分身了	169462
SKILL	offline		tyxihun		孩子们，我分身了	169493
SKILL	offline		tyxianqi		孩子们，我分身了	169537
SKILL	offline		tyfansheng		孩子们，我分身了	169613
SKILL	offline		tyansha		孩子们，我分身了	169657
SKILL	offline		tycangshen		孩子们，我分身了	169718
SKILL	offline		tyxiongren		孩子们，我分身了	169737
SKILL	offline		tysiji		孩子们，我分身了	169764
SKILL	offline		tydaifa		孩子们，我分身了	169832
SKILL	offline		tywushen		桃神关羽	169882
SKILL	offline		tywuhun		桃神关羽	169950
SKILL	offline		tyshencai		桃神张飞	170056
SKILL	offline		tyxunshi		桃神张飞	170130
SKILL	offline		tybianta		范强张达	170241
SKILL	offline		tybenxiang		范强张达	170371
SKILL	offline		tyxiezhan		范强张达	170387
SKILL	offline		tyxingsha		范强张达	170436
SKILL	offline		tyxianshou		范强张达	170513
SKILL	offline		tyxiyu		刘阿	170532
SKILL	offline		tylengjian		谭雄	170545
SKILL	offline		tysheju		谭雄	170593
SKILL	offline		tyhongde		buzhi	170657
SKILL	offline		tydingpan		buzhi	170704
SKILL	offline		tyqixi		甘宁	170789
SKILL	offline		tyfenwei		甘宁	170811
SKILL	offline		tyqianshou		陆逊	170859
SKILL	offline		tytanlong		陆逊	170976
SKILL	offline		tyxibei		陆逊	171027
SKILL	offline		tylongnu		神刘	171115
SKILL	offline		tytaoyuan		神刘	171256
SKILL	offline		tywuji		关银屏	171285
SKILL	offline		tymanyong		沙和尚	171316
SKILL	offline		tyconglong		关兴	171344
SKILL	offline		tyzhaowu		关兴	171405
SKILL	offline		tyjinzhong		侍从	171491
SKILL	offline		tyyoujun		吴班	171574
SKILL	offline		tyjicheng		吴班	171618
SKILL	offline		tyyizhuang		黄忠	171637
SKILL	offline		tydangxian		廖化	171651
SKILL	offline		tyfuli		廖化	171667
SKILL	offline		tyqingkou		冯习	171702
SKILL	offline		tyfenwu		张南	171766
SKILL	offline		tyyuantao		赵融	171837
SKILL	offline		tyzhongen		程畿	171859
SKILL	offline		tyliebao		程畿	171943
SKILL	offline		tyzhuan		龙果子	171976
SKILL	offline		tyqingshi		龙刘备	172030
SKILL	offline		tyyilin		龙刘备	172125
SKILL	offline		tychengming		龙刘备	172202
SKILL	offline		tyfuhan		蜀孙权-孩子们，其实我早就是蜀国人了	172244
SKILL	offline		tychende		蜀孙权-孩子们，其实我早就是蜀国人了	172362
SKILL	offline		tywansu		蜀孙权-孩子们，其实我早就是蜀国人了	172414
SKILL	offline		tywusheng		神秘将军-孩子们，其实我没有死	172447
SKILL	offline		tychengshi		神秘将军-孩子们，其实我没有死	172511
SKILL	offline		tyfuwei		神秘将军-孩子们，其实我没有死	172575
SKILL	offline		vtbguisha		小杀	172662
SKILL	offline		vtbshuli		AI停顿	172776
SKILL	offline		vtbshanwu		小闪	172795
SKILL	offline		vtbxianli		小闪	172848
SKILL	offline		vtbtaoyan		小桃	172881
SKILL	offline		vtbyanli		小桃	172971
SKILL	offline		vtbleyu		小乐	173003
SKILL	offline		vtbyuanli		小乐	173049
SKILL	offline		vtbmeiniang		小乐	173069
SKILL	offline		vtbyaoli		小乐	173087
SKILL	offline		wn_zhanyi		---- 文件: offline/skill/offline_weinan.js ----	173164
SKILL	offline		wn_qiangshu		渭南神马超	173250
SKILL	offline		wn_yuma		渭南神马超	173282
SKILL	offline		wn_zhuanzhan		渭南神许褚	173359
SKILL	offline		wn_huwei		渭南神许褚	173405
SKILL	offline		wn_qiaobian		张郃	173422
SKILL	offline		wn_jianshu		贾诩	173546
SKILL	offline		wn_zhenlve		贾诩	173602
SKILL	offline		wn_zhuying		徐晃	173637
SKILL	offline		wn_chiyuan		徐晃	173656
SKILL	offline		wn_dingluan		曹操	173768
SKILL	offline		wn_zhuijiang		曹操	173842
SKILL	offline		wn_jubing		韩遂	173868
SKILL	offline		wn_xiongju		韩遂	173919
SKILL	offline		wn_zhongtao		韩遂	173959
SKILL	offline		wn_dutan		韩遂	174018
SKILL	offline		wn_qifeng		韩遂	174029
SKILL	offline		wxdlyishi		曹丕	174067
SKILL	offline		wxdlfangzhu		曹丕	174098
SKILL	offline		wxdlnianjun		防止useSkill重复触发	174173
SKILL	offline		wxdlqianqian		防止useSkill重复触发	174309
SKILL	offline		wxdl_huamao		沙币文心雕龙曹植	174326
SKILL	offline		wxdl_qishen		沙币文心雕龙曹植	174405
SKILL	offline		huamao_wushen		return -get.attitude(get.player(), target);	174485
SKILL	offline		huamao_liushi		return -get.attitude(get.player(), target);	174543
SKILL	offline		huamao_gongxin		return -get.attitude(get.player(), target);	174626
SKILL	offline		huamao_tianxiang		return -get.attitude(get.player(), target);	174686
SKILL	offline		huamao_guose		if(event.related.cancelled||target.isDead()) return;	174785
SKILL	offline		huamao_limu		if(event.related.cancelled||target.isDead()) return;	174836
SKILL	offline		huamao_fengpo		prepare:"throw",	174953
SKILL	offline		huamao_jiexun		prepare:"throw",	175005
SKILL	offline		huamao_leiji		prepare:"throw",	175049
SKILL	offline		huamao_zuoding		prepare:"throw",	175127
SKILL	offline		huamao_miehai		prepare:"throw",	175168
SKILL	offline		huamao_jiyu		prepare:"throw",	175237
SKILL	offline		huamao_luoying		prepare:"throw",	175322
SKILL	offline		huamao_lianhuan		prepare:"throw",	175397
SKILL	offline		huamao_zhujiu		prepare:"throw",	175525
SKILL	offline		huamao_ninghan		prepare:"throw",	175587
SKILL	offline		wxdl_kejie		文心雕龙	175641
SKILL	offline		wxdl_hongqi		文心雕龙	175775
SKILL	offline		xy_xiaoxi		吕布	175821
SKILL	offline		xy_fenqi		吕布	175850
SKILL	offline		yiguzuoqi_effect		吕布	175897
SKILL	offline		xy_mouni		张邈	175920
SKILL	offline		xy_zongfan		张邈	175974
SKILL	offline		xy_zhangu		张邈	176031
SKILL	offline		xy_lilu		曹嵩	176049
SKILL	offline		xy_yizheng		曹嵩	176148
SKILL	offline		xy_shengju		曹操	176196
SKILL	offline		xy_mintong		曹操	176225
SKILL	offline		xy_liaofu		程昱	176251
SKILL	offline		xy_jinshou		程昱	176355
SKILL	offline		xy_jianzu		荀彧	176395
SKILL	offline		xy_dishou		荀彧	176464
SKILL	offline		xy_jizheng		陈宫	176516
SKILL	offline		xy_luejin		张闿	176540
SKILL	offline		ylyg_jiang		雁翎孙策 by WeiqiaoCode	176585
SKILL	offline		ylyg_hunzi		雁翎孙策 by WeiqiaoCode	176616
SKILL	offline		ylyg_zhiba		雁翎孙策 by WeiqiaoCode	176638
SKILL	offline		ylyg_duanchang		雁翎蔡文姬 by WeiqiaoCode	176681
SKILL	offline		ylyg_beige		雁翎蔡文姬 by WeiqiaoCode	176716
SKILL	offline		ylyg_quzhong		雁翎蔡文姬 by WeiqiaoCode	176784
SKILL	offline		ylyg_duanliang		雁翎徐晃	176829
SKILL	offline		ylyg_zier		雁翎徐晃	176868
SKILL	offline		ylyg_lieren		雁翎祝融	176976
SKILL	offline		ylyg_juxiang		雁翎祝融	177045
SKILL	offline		ylygxiangxing		雁翎庞统	177109
SKILL	offline		ylygxiangxing_yingzi		雁翎庞统	177114
SKILL	offline		ylygxiangxing_biyue		雁翎庞统	177127
SKILL	offline		ylyglianhuan		雁翎庞统	177134
SKILL	offline		ylygniepan		雁翎庞统	177208
SKILL	offline		ylygqiangxi		雁翎典韦	177272
SKILL	offline		ylygtianxiang		雁翎小乔	177377
SKILL	offline		ylyghongyan		雁翎小乔	177480
SKILL	offline		ylygguhuo		雁翎于吉	177551
SKILL	offline		ylyghuinu		雁翎于吉	177805
SKILL	offline		yyyaoming		全琮	177824
SKILL	offline		yy_baimaxiaoqi_skill		白虎骁骑	177948
SKILL	offline		yyfuqi		麴义	177980
SKILL	offline		yyqizhen		公孙瓒	177995
SKILL	offline		yymujun		公孙瓒	178052
SKILL	offline		yyxuezhan		文丑	178072
SKILL	offline		yyyazhen		文丑	178089
SKILL	offline		yyxuanshi		公孙渊	178114
SKILL	offline		yyxiongye		公孙渊	178138
SKILL	offline		yysudi		袁绍	178190
SKILL	offline		yyqishe		袁绍	178204
SKILL	offline		yylinzhen		袁绍	178227
SKILL	offline		yyyanggu		司马懿	178248
SKILL	offline		yyzuifu		司马懿	178292
SKILL	offline		yyhuituo		曹叡	178323
SKILL	offline		yymingjian		曹叡	178357
SKILL	offline		yjluoshen		用间篇豪华版盒子甄姬	178434
SKILL	offline		yjzhenlve		用间篇豪华版盒子贾诩	178494
SKILL	offline		yjjianshu		用间篇豪华版盒子贾诩	178501
SKILL	offline		yjyongdi		用间篇豪华版盒子贾诩	178558
SKILL	offline		yjshicai		用间篇豪华版盒子许攸	178621
SKILL	offline		yjchenggong		用间篇豪华版盒子许攸	178699
SKILL	offline		yjzezhu		用间篇豪华版盒子许攸	178716
SKILL	offline		yjtuicheng		用间beta董卓	178757
SKILL	offline		yjyaoling		用间beta董卓	178784
SKILL	offline		yjshicha		用间beta董卓	178856
SKILL	offline		yjyongquan		用间beta董卓	178879
SKILL	offline		yjjielve		用间beta甘宁的新版	178916
SKILL	offline		yjmangji		用间beta张飞	178951
SKILL	offline		yjlifeng		用间beta曹洪	179008
SKILL	offline		yjdumou		用间篇李儒	179056
SKILL	offline		yjweiquan		用间篇李儒	179104
SKILL	offline		yjrenwang		用间篇李儒	179194
SKILL	offline		yjxiandao		群曹操	179241
SKILL	offline		yjsancai		群曹操	179301
SKILL	offline		yjyibing		群曹操	179336
SKILL	offline		yjxuepin		用间篇	179380
SKILL	offline		nsjianglie		用间篇	179436
SKILL	offline		zc26_haoshi		26版线下	179479
SKILL	offline		zc26_dimeng		26版线下	179539
SKILL	offline		zc26_qiaobian		只考虑队内流通牌	179613
SKILL	offline		zc26_longchen		SP徐氏	179756
SKILL	offline		zc26_tianqi		等待一会儿	179941
SKILL	offline		zc26_shouxin		等待一会儿	179972
SKILL	offline		zc26_tianyi		26珍藏太史慈	180006
SKILL	offline		zc26_dangmo		26珍藏太史慈	180086
SKILL	offline		zc26_wansha		26珍藏贾诩	180146
SKILL	offline		zc26_weimu		26珍藏贾诩	180185
SKILL	offline		zhyuanlin		神张角	180252
SKILL	offline		zhkuanglei		神张角	180294
SKILL	offline		zhqiongshan		神张角	180329
SKILL	old		kanlv		勘律荀勖	180429
SKILL	old		yjshenwei		勘律荀勖	180539
SKILL	old		jiechou		仇渊灵雎	180692
SKILL	old		ciju		仇渊灵雎	180788
SKILL	old		chouyuan		仇渊灵雎	180870
SKILL	old		chegu		寒冰剑	180928
SKILL	old		jianrou		寒冰剑	181076
SKILL	old		yao_yaoyi		爻袁术	181123
SKILL	old		yao_chenwei		爻袁术	181367
SKILL	old		junkguixin		魏武帝	181463
SKILL	old		oldqinqing		魏武帝	181578
SKILL	old		oldhuisheng		魏武帝	181649
SKILL	old		oldzishou		魏武帝	181767
SKILL	old		oldgongji		魏武帝	181785
SKILL	old		oldjiefan		魏武帝	181824
SKILL	old		oldmingjian		audio:'jiefan',	181897
SKILL	old		oldshenxian		next.setContent(lib.skill.oldmingjian.phase);	181964
SKILL	old		old_guhuo		next.setContent(lib.skill.oldmingjian.phase);	181968
SKILL	old		old_zuilun		player.line(trigger.targets,trigger.card.nature);	182316
SKILL	old		old_fuyin		@ts-ignore	182374
SKILL	old		old_jijun		@ts-ignore	182384
SKILL	old		old_fangtong		@ts-ignore	182430
SKILL	old		oldanxu		@ts-ignore	182449
SKILL	old		oldfaen		@ts-ignore	182526
SKILL	old		oldxuanfeng		@ts-ignore	182547
SKILL	onlyOL		olquanji		界钟会	182640
SKILL	onlyOL		olzili		界钟会	182722
SKILL	onlyOL		olpaiyi		界钟会	182755
SKILL	onlyOL		shenyu		神黄忠	182839
SKILL	onlyOL		huaren		神黄忠	183016
SKILL	onlyOL		chixueren_skill		神黄忠	183090
SKILL	onlyOL		olsbrenche		谋祝融	183155
SKILL	onlyOL		olsbyalian		谋祝融	183228
SKILL	onlyOL		olanxu		界步练师	183274
SKILL	onlyOL		olzhuiyi		界步练师	183354
SKILL	onlyOL		olxiansi		界刘封	183428
SKILL	onlyOL		olqinling		界刘封	183597
SKILL	onlyOL		olyaoming		界全琮	183739
SKILL	onlyOL		olzhenshan		界全琮	183827
SKILL	onlyOL		olqianju		界曹休	184010
SKILL	onlyOL		olqingxi		界曹休	184023
SKILL	onlyOL		oljieyong		界关平	184082
SKILL	onlyOL		olzhuohun		魔张飞	184097
SKILL	onlyOL		olchenshi		魔张飞	184201
SKILL	onlyOL		olqiaoshi		界夏侯氏	184299
SKILL	onlyOL		olyanyu		界夏侯氏	184326
SKILL	onlyOL		juanjia		神典韦	184379
SKILL	onlyOL		qiexie		神典韦	184394
SKILL	onlyOL		cuijue		神典韦	184664
SKILL	onlyOL		caopi_xingdong		神曹丕 神甄姬 OL神张辽	184731
SKILL	onlyOL		shenfu		神曹丕 神甄姬 OL神张辽	184819
SKILL	onlyOL		qixian		神曹丕 神甄姬 OL神张辽	184909
SKILL	onlyOL		chuyuan		神曹丕 神甄姬 OL神张辽	184916
SKILL	onlyOL		dengji		神曹丕 神甄姬 OL神张辽	184947
SKILL	onlyOL		tianxing		神曹丕 神甄姬 OL神张辽	184968
SKILL	onlyOL		olzhiti		神曹丕 神甄姬 OL神张辽	185010
SKILL	onlyOL		olzhiti2		神曹丕 神甄姬 OL神张辽	185078
SKILL	onlyOL		olduorui		神曹丕 神甄姬 OL神张辽	185092
SKILL	onlyOL		olqiangzhi		界张松	185191
SKILL	onlyOL		olxiantu		界张松	185268
SKILL	onlyOL		olqiongtu		闪张郃	185356
SKILL	onlyOL		olxianzhu		闪张郃	185426
SKILL	onlyOL		olshouxi		界曹节	185508
SKILL	onlyOL		olhuimin		界曹节	185556
SKILL	onlyOL		olcaishi		界辛宪英	185600
SKILL	onlyOL		olzhongjian		界辛宪英	185652
SKILL	onlyOL		olsbliduan		谋程昱	185717
SKILL	onlyOL		olsbdanchi		谋程昱	185811
SKILL	onlyOL		old_olsbdanchi		谋程昱	185863
SKILL	onlyOL		olsbshunji		谋董昭	185954
SKILL	onlyOL		olsbyishi		谋董昭	186071
SKILL	onlyOL		olbachao		魔曹操	186164
SKILL	onlyOL		olfuzai		魔曹操	186291
SKILL	onlyOL		olsbxinchuan		谋戏子	186523
SKILL	onlyOL		olsbjinjin		谋戏子	186647
SKILL	onlyOL		olfendi		闪朱儁	186786
SKILL	onlyOL		oljuxiang		闪朱儁	186880
SKILL	onlyOL		olpingtao		闪孙坚	186952
SKILL	onlyOL		oljuelie		闪孙坚	187045
SKILL	onlyOL		olquanyu		魔孙权	187149
SKILL	onlyOL		oltianen		魔孙权	187389
SKILL	onlyOL		olqiangang		魔孙权	187452
SKILL	onlyOL		olsbdinglun		谋郭嘉	187549
SKILL	onlyOL		olsbquxi		谋郭嘉	187641
SKILL	onlyOL		olsbjieli		谋郭嘉	187713
SKILL	onlyOL		ol_zhenjun		界于禁	187787
SKILL	onlyOL		ol_yizhong		界于禁	187841
SKILL	onlyOL		olzhengbing		闪张辽	187891
SKILL	onlyOL		olsbqianfu		谋许攸	187976
SKILL	onlyOL		olsbyushi		谋许攸	188085
SKILL	onlyOL		olsbfenchao		谋许攸	188149
SKILL	onlyOL		olsbduduan		谋鲁肃	188201
SKILL	onlyOL		olsbyinglve		frequent: true,	188345
SKILL	onlyOL		olsbmengshi		frequent: true,	188447
SKILL	onlyOL		olzenhui		界大虎	188659
SKILL	onlyOL		oljiaojin		界大虎	188751
SKILL	onlyOL		olsbzhitian		谋诸葛亮	188789
SKILL	onlyOL		olsbwujing		return player.isPhaseUsing();	188922
SKILL	onlyOL		olsbzhijue		return player.isPhaseUsing();	189024
SKILL	onlyOL		olduoqi		魔吕布	189210
SKILL	onlyOL		olkuangmo		魔吕布	189386
SKILL	onlyOL		olgangquan		魔吕布	189495
SKILL	onlyOL		olhuanhuo		魔貂蝉	189648
SKILL	onlyOL		olqingshi		魔貂蝉	189800
SKILL	onlyOL		oljiaozhao		界郭皇后 ——by 阿巴阿巴	189987
SKILL	onlyOL		oldanxin		@ts-ignore	190124
SKILL	onlyOL		old_oljiaozhao		@ts-ignore	190161
SKILL	onlyOL		old_oldanxin		@ts-ignore	190390
SKILL	onlyOL		olmiluo		洗脚女将，再添一员（？）	190423
SKILL	onlyOL		oljueyan		洗脚女将，再添一员（？）	190543
SKILL	onlyOL		olguifu		舍身入魔，佛奈我何！	190702
SKILL	onlyOL		olmoubian		}	190882
SKILL	onlyOL		olzhouxi		}	190908
SKILL	onlyOL		olrumo		最后用全局变量存储，就不需要反复执行这个函数了	191011
SKILL	onlyOL		olqianxi		OL界马岱	191028
SKILL	onlyOL		olsibing		OL谋卢植	191149
SKILL	onlyOL		olliance		OL谋卢植	191230
SKILL	onlyOL		olfuhun		OL界关兴张苞	191276
SKILL	onlyOL		olchaozheng		闪刘宏	191335
SKILL	onlyOL		olshenchong		闪刘宏	191412
SKILL	onlyOL		olrefeiyang		闪刘宏	191479
SKILL	onlyOL		oljulian		闪刘宏	191533
SKILL	onlyOL		ollonglin		闪赵云	191576
SKILL	onlyOL		olzhendan		闪赵云	191649
SKILL	onlyOL		olsbwance		OL谋贾诩	191797
SKILL	onlyOL		olsbchenzhi		ol不能印借刀	192009
SKILL	onlyOL		olsbluanchao		加个标记	192186
SKILL	onlyOL		olsblunzhan		OL谋文丑	192242
SKILL	onlyOL		olsbjuejue		OL谋文丑	192323
SKILL	onlyOL		olsblucun		OL谋张让	192383
SKILL	onlyOL		olsbtuisheng		OL谋张让	192605
SKILL	onlyOL		olqiuyuan		OL界伏皇后	192667
SKILL	onlyOL		oljingce		OL界郭淮	192709
SKILL	onlyOL		olsbchoulie		OL谋张绣	192756
SKILL	onlyOL		olsbzhuijiao		OL谋张绣	192858
SKILL	onlyOL		olsbnilan		OL谋赵云	192897
SKILL	onlyOL		olsbjueya		OL谋赵云	193001
SKILL	onlyOL		olsbjingxian		OL谋张飞	193076
SKILL	onlyOL		olsbxieyong		OL谋张飞	193158
SKILL	onlyOL		oldangxian		OL界廖化	193245
SKILL	onlyOL		olfuli		OL界廖化	193304
SKILL	onlyOL		olsblixian		OL谋黄月英	193339
SKILL	onlyOL		olsbbingcai		OL谋黄月英	193429
SKILL	onlyOL		old_olsblixian		OL谋黄月英	193501
SKILL	onlyOL		olsbguliang		OL谋沮授	193612
SKILL	onlyOL		olsbxutu		OL谋沮授	193642
SKILL	onlyOL		olsbjiaodi		OL谋公孙	193753
SKILL	onlyOL		olsbbaojing		OL谋公孙	193804
SKILL	onlyOL		olsbjigu		谋邓艾	193894
SKILL	onlyOL		olsbjiewan		谋邓艾	193977
SKILL	onlyOL		olguanbian		谋董卓	194113
SKILL	onlyOL		olxiongni		谋董卓	194148
SKILL	onlyOL		olfengshang		谋董卓	194202
SKILL	onlyOL		olzhibin		谋董卓	194328
SKILL	onlyOL		olsbbojue		谋华雄	194374
SKILL	onlyOL		olsbyangwei		谋华雄	194466
SKILL	onlyOL		oljiushi		界曹植	194590
SKILL	onlyOL		olsbjinming		谋袁术	194812
SKILL	onlyOL		olsbxiaoshi		谋袁术	194952
SKILL	onlyOL		olsbyanliang		谋袁术	195054
SKILL	onlyOL		olsbhulie		谋孙坚	195129
SKILL	onlyOL		olsbyipo		谋孙坚	195182
SKILL	onlyOL		olchengxiang		OL界曹冲	195245
SKILL	onlyOL		olrenxin		OL界曹冲	195272
SKILL	onlyOL		oljianmie		OL张春华	195302
SKILL	onlyOL		olsbliwen		OL谋孔融	195386
SKILL	onlyOL		olsbzhengyi		OL谋孔融	195483
SKILL	onlyOL		olganlu		OL界吴国太	195543
SKILL	onlyOL		olbuyi		ol结算先弃牌再交换	195575
SKILL	onlyOL		olzishou		OL界刘表（袁术	195628
SKILL	onlyOL		olzongshi		OL界刘表（袁术	195656
SKILL	onlyOL		oljuece		OL界李儒	195703
SKILL	onlyOL		olmieji		OL界李儒	195724
SKILL	onlyOL		olqieting		OL界蔡夫人	195746
SKILL	onlyOL		olsbhongtu		谋庞统	195839
SKILL	onlyOL		olsbqiwu		谋庞统	196102
SKILL	onlyOL		olxuanhuo		法正	196142
SKILL	onlyOL		olenyuan		法正	196247
SKILL	onlyOL		olenyuan1		法正	196251
SKILL	onlyOL		olenyuan2		法正	196255
SKILL	onlyOL		olzhenlie		王异	196286
SKILL	onlyOL		olmiji		王异	196348
SKILL	onlyOL		dclihuo		程普	196425
SKILL	onlyOL		olchunlao		程普	196505
SKILL	onlyOL		olzongxuan		虞翻	196632
SKILL	onlyOL		olzhiyan		虞翻	196705
SKILL	onlyOL		olsbhetao		真·四世三公——袁神，启动	196759
SKILL	onlyOL		olsbshenli		真·四世三公——袁神，启动	196855
SKILL	onlyOL		olsbyufeng		真·四世三公——袁神，启动	196952
SKILL	onlyOL		sizhaojian_skill		真·四世三公——袁神，启动	197029
SKILL	onlyOL		olsbshishou		真·四世三公——袁神，启动	197051
SKILL	onlyOL		olxianzhen		界高顺	197105
SKILL	onlyOL		olsbweilin		新OL谋关羽	197231
SKILL	onlyOL		olsbduoshou		新OL谋关羽	197403
SKILL	onlyOL		olsbdulie		OL谋太史慈	197454
SKILL	onlyOL		olsbdouchan		OL谋太史慈	197496
SKILL	onlyOL		olsbfumeng		可以和手杀谋关羽组成卧龙凤雏了	197522
SKILL	onlyOL		olsbguidao		可以和手杀谋关羽组成卧龙凤雏了	197572
SKILL	onlyOL		olsbzhuri		OL谋姜维	197709
SKILL	onlyOL		olsbranji		OL谋姜维	197804
SKILL	onlyOL		kunfenx		OL谋姜维	197931
SKILL	onlyOL		oljiangchi		界曹彰	197938
SKILL	onlyOL		olqiaoshui		界简雍	198022
SKILL	onlyOL		olxuanfeng		界凌统	198054
SKILL	refresh		ollianhuan		============================================================	198108
SKILL	refresh		rehuomo		============================================================	198180
SKILL	refresh		rejijun		界张梁	198373
SKILL	refresh		refangtong		界张梁	198412
SKILL	refresh		requji		界司马朗	198563
SKILL	refresh		rejunbing		界司马朗	198576
SKILL	refresh		regongao		界诸葛诞	198633
SKILL	refresh		rejuyi		界诸葛诞	198649
SKILL	refresh		reweizhong		界诸葛诞	198666
SKILL	refresh		remingjian		堪比界曹冲的界曹叡	198677
SKILL	refresh		rexingshuai		@ts-ignore	198746
SKILL	refresh		rechengxiang		不想突破可以不突破的界曹冲	198821
SKILL	refresh		olzhijian		OL界二张	198842
SKILL	refresh		olguzheng		OL界二张	198890
SKILL	refresh		rejiqiao		SP黄月英	199011
SKILL	refresh		relinglong		SP黄月英	199044
SKILL	refresh		rexiantu		张松	199127
SKILL	refresh		dcyicong		新服公孙瓒	199210
SKILL	refresh		reanguo		朱治	199235
SKILL	refresh		olshuangxiong		颜良文丑	199322
SKILL	refresh		xinwangxi		新李典	199449
SKILL	refresh		olhuoji		OL界火诸葛	199461
SKILL	refresh		olkanpo		game.delay(2);	199516
SKILL	refresh		dcjiushi		新杀界曹植	199533
SKILL	refresh		remoshi		OL界黄忠	199696
SKILL	refresh		rezhenwei		界文聘	199763
SKILL	refresh		retongxin		界关张……	199793
SKILL	refresh		refuman		马忠	199799
SKILL	refresh		refuman2		马忠	199887
SKILL	refresh		repindi		十周年陈群	199901
SKILL	refresh		rekuangbi		十周年孙登	199969
SKILL	refresh		rebizhuan		十周年蔡邕	200079
SKILL	refresh		retongbo		十周年蔡邕	200118
SKILL	refresh		remingce		十周年陈宫	200241
SKILL	refresh		reqice		界荀攸	200323
SKILL	refresh		rezhiyu		界荀攸	200438
SKILL	refresh		oljiang		界荀攸	200470
SKILL	refresh		dcmieji		李儒	200533
SKILL	refresh		dcfencheng		李儒	200582
SKILL	refresh		refenli		朱桓	200682
SKILL	refresh		repingkou		朱桓	200752
SKILL	refresh		olqiangxi		典韦	200820
SKILL	refresh		olninge		典韦	200895
SKILL	refresh		rejixu		群太史慈	200912
SKILL	refresh		rexiansi		界刘封	201072
SKILL	refresh		rexiansi2		界刘封	201078
SKILL	refresh		oljieming		界荀彧	201111
SKILL	refresh		shizhan		OL华雄	201201
SKILL	refresh		rezhanjue		刘谌	201221
SKILL	refresh		rezhanjue_effect		刘谌	201357
SKILL	refresh		reqinwang		刘谌	201397
SKILL	refresh		dcqiaomeng		公孙瓒	201459
SKILL	refresh		reandong		杜畿	201514
SKILL	refresh		reyingshi		杜畿	201627
SKILL	refresh		dcshibei		十周年沮授	201755
SKILL	refresh		dcjianying		十周年沮授	201845
SKILL	refresh		dcanxu		十周年步练师	201948
SKILL	refresh		dczhuiyi		十周年步练师	202022
SKILL	refresh		olbeige		OL界蔡文姬	202059
SKILL	refresh		reqiaobian		OL界张郃	202203
SKILL	refresh		rezhuhai		十周年徐庶	202544
SKILL	refresh		xsqianxin		step 2	202634
SKILL	refresh		rejianyan		step 2	202651
SKILL	refresh		decadexianzhen		野兽高顺	202749
SKILL	refresh		decadexianzhen2		step 1	202818
SKILL	refresh		decadexianzhen3		step 1	202869
SKILL	refresh		decadejinjiu		step 1	202889
SKILL	refresh		rebotu		step 1	202937
SKILL	refresh		xinganlu		step 1	203030
SKILL	refresh		xinbuyi		step 1	203084
SKILL	refresh		rejiaozhao		step 1	203121
SKILL	refresh		redanxin		step 3	203366
SKILL	refresh		reqianxi		马岱	203396
SKILL	refresh		olduanliang		徐晃	203498
SKILL	refresh		oljiezi		徐晃	203525
SKILL	refresh		rehujia		界护驾	203577
SKILL	refresh		reqiaoshi		夏侯氏	203632
SKILL	refresh		reyanyu		夏侯氏	203669
SKILL	refresh		reyanyu2		夏侯氏	203693
SKILL	refresh		xinzongxuan		虞翻	203720
SKILL	refresh		xinzhiyan		虞翻	203877
SKILL	refresh		xinhuangtian		新主公技	203922
SKILL	refresh		xinhuangtian2		新主公技	203928
SKILL	refresh		rejijiang		forceaudio:true,	203988
SKILL	refresh		rejijiang1		forceaudio:true,	204025
SKILL	refresh		rejijiang3		forceaudio:true,	204083
SKILL	refresh		olhaoshi		鲁肃	204105
SKILL	refresh		oldimeng		step 1	204273
SKILL	refresh		rewansha		贾诩	204359
SKILL	refresh		reluanwu		贾诩	204418
SKILL	refresh		reweimu		贾诩	204425
SKILL	refresh		reshenxing		顾雍	204475
SKILL	refresh		rebingyi		顾雍	204520
SKILL	refresh		xinquanji		钟会	204595
SKILL	refresh		xinzili		钟会	204688
SKILL	refresh		xinpaiyi		钟会	204710
SKILL	refresh		reqieting		界蔡夫人	204868
SKILL	refresh		rexianzhou		step 3	204969
SKILL	refresh		relongyin		界关平	205047
SKILL	refresh		jiezhong		AI停顿	205159
SKILL	refresh		decadejingce		新郭淮	205175
SKILL	refresh		decadezhenjun		新于禁	205216
SKILL	refresh		oltiaoxin		界姜维	205265
SKILL	refresh		olzhiji		界姜维	205338
SKILL	refresh		rejigong		界郭图逢纪	205358
SKILL	refresh		rejigong2		界郭图逢纪	205375
SKILL	refresh		reshizhi		界郭图逢纪	205417
SKILL	refresh		redingpin		界陈群	205439
SKILL	refresh		refaen		界陈群	205535
SKILL	refresh		dcfaen		界陈群	205554
SKILL	refresh		xinjiangchi		界曹彰	205574
SKILL	refresh		ollihuo		界周仓和程普	205657
SKILL	refresh		ollihuo2		界周仓和程普	205696
SKILL	refresh		ollihuo3		界周仓和程普	205731
SKILL	refresh		ollihuo4		界周仓和程普	205749
SKILL	refresh		rezhongyong		界周仓和程普	205765
SKILL	refresh		changbiao		长标	205829
SKILL	refresh		gzquanji		国钟会	205973
SKILL	refresh		gzpaiyi		国钟会	206031
SKILL	refresh		xingongji		国钟会	206100
SKILL	refresh		xingongji2		国钟会	206202
SKILL	refresh		xinjiefan		国钟会	206228
SKILL	refresh		xinjiefan2		step 2	206298
SKILL	refresh		residi		step 2	206307
SKILL	refresh		residi_push		step 1	206358
SKILL	refresh		residi2		step 1	206421
SKILL	refresh		residi3		step 1	206445
SKILL	refresh		rehuaiyi		step 1	206495
SKILL	refresh		rezhuikong		step 1	206590
SKILL	refresh		reqiuyuan		step 1	206636
SKILL	refresh		reenyuan		step 1	206665
SKILL	refresh		reenyuan1		step 1	206669
SKILL	refresh		reenyuan2		step 1	206674
SKILL	refresh		rexuanhuo		step 1	206705
SKILL	refresh		decadezongshi		step 1	206862
SKILL	refresh		decadezishou		step 1	206887
SKILL	refresh		decadezishou_zhiheng		step 1	206895
SKILL	refresh		yongjin		step 1	206940
SKILL	refresh		decadexuanfeng		step 6 handled by while loop condition	207207
SKILL	refresh		oltuntian		step 6 handled by while loop condition	207365
SKILL	refresh		olzaoxian		step 6 handled by while loop condition	207388
SKILL	refresh		rejunxing		step 6 handled by while loop condition	207400
SKILL	refresh		rejuece		step 1	207468
SKILL	refresh		remieji		step 1	207512
SKILL	refresh		decadelihuo		step 1	207577
SKILL	refresh		decadelihuo2		step 1	207606
SKILL	refresh		decadelihuo3		step 1 & 2	207642
SKILL	refresh		decadechunlao		step 1 & 2	207662
SKILL	refresh		decadechunlaox		step 1 & 2	207683
SKILL	refresh		decadechunlao2		step 1 & 2	207695
SKILL	refresh		oltianxiang		step 1 & 2	207709
SKILL	refresh		olhongyan		step 3	207831
SKILL	refresh		piaoling		step 3	207850
SKILL	refresh		xinyicong		step 3	207894
SKILL	refresh		rezongshi		step 3	207908
SKILL	refresh		rezongshi_paoxiao		step 3	207924
SKILL	refresh		olbaonue		step 3	207933
SKILL	refresh		rezishou		step 3	207964
SKILL	refresh		rezishou2		step 3	207988
SKILL	refresh		decadepojun		step 2	208095
SKILL	refresh		decadepojun2		step 3	208188
SKILL	refresh		hanzhan		step 3	208215
SKILL	refresh		hanzhan_gain		step 3	208264
SKILL	refresh		rejianchu		step 3	208365
SKILL	refresh		rejianchu2		step 1	208430
SKILL	refresh		wulie		step 1	208440
SKILL	refresh		wulie2		step 1	208478
SKILL	refresh		regongji		step 1	208492
SKILL	refresh		ollongdan		step 1	208561
SKILL	refresh		olyajiao		step 1	208719
SKILL	refresh		olpaoxiao		清楚残留的动画	208807
SKILL	refresh		olpaoxiao2		清楚残留的动画	208825
SKILL	refresh		oltishen		清楚残留的动画	208843
SKILL	refresh		rexuanfeng		清楚残留的动画	208868
SKILL	refresh		reyongjin		清楚残留的动画	208994
SKILL	refresh		rechunlao		清楚残留的动画	209099
SKILL	refresh		rechunlao2		清楚残留的动画	209140
SKILL	refresh		reluoying		step 1	209183
SKILL	refresh		chengzhang		step 1	209278
SKILL	refresh		rejiushi		step 1	209310
SKILL	refresh		rejiushi1		step 1	209332
SKILL	refresh		rejiushi3		step 1	209443
SKILL	refresh		rejiushi_mark		step 1	209481
SKILL	refresh		rehongyan		step 1	209488
SKILL	refresh		reqimou		step 1	209514
SKILL	refresh		reqimou2		step 1	209562
SKILL	refresh		olniepan		step 1	209577
SKILL	refresh		rewurong		step 6	209656
SKILL	refresh		cangzhuo		step 8	209863
SKILL	refresh		cangzhuo2		step 8	209878
SKILL	refresh		shebian		step 8	209892
SKILL	refresh		rexianzhen		step 8	209905
SKILL	refresh		rexianzhen2		step 1	209974
SKILL	refresh		rexianzhen3		step 1	209997
SKILL	refresh		rexianzhen4		step 1	210007
SKILL	refresh		rejinjiu		step 1	210021
SKILL	refresh		rejinjiu3		step 1	210048
SKILL	refresh		rejinjiu2		step 1	210062
SKILL	refresh		repojun		step 1	210080
SKILL	refresh		repojun3		step 1	210133
SKILL	refresh		repojun2		step 1	210152
SKILL	refresh		sishu		step 1	210183
SKILL	refresh		sishu2		step 1	210235
SKILL	refresh		olruoyu		step 1	210254
SKILL	refresh		olfangquan		step 1	210281
SKILL	refresh		olfangquan2		step 1	210319
SKILL	refresh		olfangquan3		step 3	210368
SKILL	refresh		olluanji		step 3	210379
SKILL	refresh		olluanji_remove		step 3	210389
SKILL	refresh		olxueyi		step 1	210416
SKILL	refresh		olhunzi		step 1	210461
SKILL	refresh		olzhiba		player.recover();	210484
SKILL	refresh		olzhiba2		player.recover();	210489
SKILL	refresh		rehuashen		询问 source 是否获得拼点牌	210672
SKILL	refresh		rexinsheng		},	211137
SKILL	refresh		reguhuo		},	211144
SKILL	refresh		rechanyuan		step 2	211429
SKILL	refresh		botu		step 2	211466
SKILL	refresh		xinleiji		step 2	211487
SKILL	refresh		xinleiji_misa		step 2	211605
SKILL	refresh		xinguidao		step 1	211658
SKILL	refresh		reqingguo		step 1	211765
SKILL	refresh		reqiangxi		step 1	211826
SKILL	refresh		rehuoji		step 1	211881
SKILL	refresh		rekanpo		step 1	211909
SKILL	refresh		reshuangxiong		step 1	211955
SKILL	refresh		reshuangxiong1		step 3	212102
SKILL	refresh		reshuangxiong2		step 3	212187
SKILL	refresh		new_yajiao		step 3	212217
SKILL	refresh		new_liyu		step 3	212268
SKILL	refresh		new_retuxi		step 3	212355
SKILL	refresh		new_reyiji		step 2	212412
SKILL	refresh		new_rejianxiong		perform the async give	212554
SKILL	refresh		new_reluoyi		perform the async give	212599
SKILL	refresh		new_rewusheng		perform the async give	212638
SKILL	refresh		new_yijue		perform the async give	212705
SKILL	refresh		new_repaoxiao		perform the async give	212848
SKILL	refresh		new_repaoxiao2		perform the async give	212886
SKILL	refresh		new_tishen		perform the async give	212896
SKILL	refresh		new_tishen2		perform the async give	212937
SKILL	refresh		new_qingjian		perform the async give	212952
SKILL	refresh		qingjian_add		perform the async give	213025
SKILL	refresh		new_reqingnang		perform the async give	213036
SKILL	refresh		reyaowu		perform the async give	213088
SKILL	refresh		new_reyaowu		perform the async give	213119
SKILL	refresh		reguanxing		priority:1,	213154
SKILL	refresh		reluoshen		priority:1,	213182
SKILL	refresh		rejieyin		priority:1,	213259
SKILL	refresh		rejiuyuan		step 2	213391
SKILL	refresh		rezhiheng		step 1	213419
SKILL	refresh		reqicai		group:'rezhiheng_draw',	213524
SKILL	refresh		rejizhi		group:'rezhiheng_draw',	213540
SKILL	refresh		rebiyue		group:'rezhiheng_draw',	213602
SKILL	refresh		rerende		group:'rezhiheng_draw',	213611
SKILL	refresh		liyu		group:'rezhiheng_draw',	213750
SKILL	refresh		retuxi		step 2	213807
SKILL	refresh		reguicai		step 2	213851
SKILL	refresh		refankui		step 2	213924
SKILL	refresh		reluoyi		step 2	213967
SKILL	refresh		reluoyi2		step 2	213999
SKILL	refresh		reganglie		step 2	214019
SKILL	refresh		qinxue		step 2	214080
SKILL	refresh		qingjian		step 2	214102
SKILL	refresh		reyingzi		step 2	214178
SKILL	refresh		refanjian		step 2	214206
SKILL	refresh		reqianxun		step 3	214295
SKILL	refresh		reqianxun2		step 3	214353
SKILL	refresh		relianying		step 3	214377
SKILL	refresh		retishen		step 3	214430
SKILL	refresh		retishen2		step 3	214467
SKILL	refresh		reyajiao		step 3	214488
SKILL	refresh		rejianxiong		step 1	214591
SKILL	refresh		rejianxiong_old		step 1	214619
SKILL	refresh		reyiji		step 1	214675
SKILL	refresh		reyiji2		loop continues while(event.count <= trigger.num)	214797
SKILL	refresh		yijue		loop continues while(event.count <= trigger.num)	214815
SKILL	refresh		yijue2		step 2	214884
SKILL	refresh		retieji		step 2	214896
SKILL	refresh		reyicong		step 2	214969
SKILL	refresh		reqiaomeng		step 2	214994
SKILL	refresh		qiaomeng		step 1	215020
SKILL	refresh		rekurou		step 1	215049
SKILL	refresh		zhaxiang		step 1	215074
SKILL	refresh		zhuhai		step 1	215153
SKILL	refresh		qianxin		step 1	215185
SKILL	refresh		jianyan		step 1	215202
SKILL	refresh		reguose		step 3	215291
SKILL	refresh		fenwei		step 3	215340
SKILL	refresh		chulao		step 3	215381
SKILL	refresh		xunxun		step 1	215439
SKILL	refresh		wangxi		step 1	215478
SKILL	refresh		refangquan		step 1	215512
SKILL	refresh		refangquan2		player.storage.fangquan=result.targets[0];	215554
SKILL	refresh		rehunzi		player.storage.fangquan=result.targets[0];	215561
SKILL	refresh		rezhijian		player.storage.fangquan=result.targets[0];	215589
SKILL	refresh		retuntian		player.storage.fangquan=result.targets[0];	215608
SKILL	refresh		rebeige		game.cardsDiscard(card);	215679
SKILL	refresh		rexingshang		step 2	215735
SKILL	refresh		refangzhu		step 1	215783
SKILL	refresh		repolu		step 2	215896
SKILL	refresh		oljiuchi		step 2	215937
SKILL	refresh		rezaiqi		step 2	216024
SKILL	sb		sbdengxian		谋陈泰	216097
SKILL	sb		sbzhejian		谋陈泰	216266
SKILL	sb		sbzhenwei		谋朱然	216398
SKILL	sb		sbheyuan		谋朱然	216536
SKILL	sb		sbqiaobian		谋张郃·重做	216595
SKILL	sb		sbliaoshi		谋张郃·重做	216840
SKILL	sb		sbwushuang		谋吕布	216934
SKILL	sb		sbliyu		谋吕布	216982
SKILL	sb		sbshensu		谋夏侯渊	217094
SKILL	sb		sbzhengzi		谋夏侯渊	217260
SKILL	sb		sbjingce		谋郭淮	217280
SKILL	sb		sbtuxi		谋张辽	217433
SKILL	sb		sbdengfeng		谋张辽	217493
SKILL	sb		sbtiandu		谋郭嘉	217603
SKILL	sb		sbyiji		谋郭嘉	217736
SKILL	sb		sbhuanshi		诸葛瑾	217862
SKILL	sb		sbhongyuan		诸葛瑾	217973
SKILL	sb		sbmingzhe		诸葛瑾	218072
SKILL	sb		sbwansha		贾诩	218142
SKILL	sb		sbluanwu		}	218299
SKILL	sb		sbweimu_rewrite		}	218385
SKILL	sb		sbweimu		}	218389
SKILL	sb		sbgongqi		韩当	218457
SKILL	sb		sbjiefan		韩当	218640
SKILL	sb		sbyicong		公孙瓒	218723
SKILL	sb		sbqiaomeng		公孙瓒	218938
SKILL	sb		sbxianzhen		高顺	219022
SKILL	sb		sbjinjiu		group: "sbxianzhen_record",	219194
SKILL	sb		sbganglie		夏侯惇	219273
SKILL	sb		sbqingjian		夏侯惇	219403
SKILL	sb		sbquhu		荀彧	219442
SKILL	sb		sbjieming		荀彧	219590
SKILL	sb		sbxingshang		曹丕	219667
SKILL	sb		sbfangzhu		曹丕	219913
SKILL	sb		sbsongwei		曹丕	220223
SKILL	sb		sbwusheng		矢	220272
SKILL	sb		sbyijue		矢	220446
SKILL	sb		sbqicai		黄月英	220497
SKILL	sb		sbjizhi		黄月英	220716
SKILL	sb		sbhuoji		诸葛亮	220751
SKILL	sb		sbkanpo		诸葛亮	220840
SKILL	sb		sbguanxing		诸葛亮	221086
SKILL	sb		sbkongcheng		诸葛亮	221215
SKILL	sb		sbmingren		卢植	221254
SKILL	sb		sbweiliu		卢植	221299
SKILL	sb		old_sbmingren		卢植	221445
SKILL	sb		sbzhenliang		卢植	221449
SKILL	sb		sbtianxiang		小乔	221500
SKILL	sb		old_sbqiaobian		牢张郃	221604
SKILL	sb		sbhuoshou		萌货	221738
SKILL	sb		sbzaiqi		萌货	221820
SKILL	sb		sblieren		祝融	221903
SKILL	sb		sbjuxiang		祝融	221957
SKILL	sb		sbjiang		阿笨	222042
SKILL	sb		sbhunzi		阿笨	222178
SKILL	sb		sbzhiba		阿笨	222213
SKILL	sb		sbguose		大乔	222258
SKILL	sb		sbliuli		大乔	222318
SKILL	sb		sbzishou		刘表	222370
SKILL	sb		sbzongshi		刘表	222402
SKILL	sb		sblijian		貂蝉	222453
SKILL	sb		sbbiyue		貂蝉	222582
SKILL	sb		sbmingce		陈宫	222591
SKILL	sb		sbzhichi		陈宫	222686
SKILL	sb		sbluanji		袁绍	222733
SKILL	sb		sbxueyi		袁绍	222798
SKILL	sb		sblianhuan		庞统	222829
SKILL	sb		sbniepan		庞统	223021
SKILL	sb		sbxuanhuo		法正	223067
SKILL	sb		sbenyuan		法正	223215
SKILL	sb		sbtiaoxin		姜维	223260
SKILL	sb		sbzhiji		姜维	223488
SKILL	sb		sbbeifa		姜维	223507
SKILL	sb		sbrende		刘备	223670
SKILL	sb		sbzhangwu		刘备	223899
SKILL	sb		sbjijiang		手杀结算可重复选择	223980
SKILL	sb		sblongdan		赵云	224065
SKILL	sb		sbjizhu		赵云	224243
SKILL	sb		sbpaoxiao		张飞	224303
SKILL	sb		sbxieji		张飞	224371
SKILL	sb		sbduanliang		徐晃	224464
SKILL	sb		sbshipo		徐晃	224535
SKILL	sb		sbtieji		马超	224681
SKILL	sb		sbqixi		甘宁	224754
SKILL	sb		sbfenwei		甘宁	224853
SKILL	sb		sbluoshen		甄宓	224957
SKILL	sb		sbjianxiong		曹操	225045
SKILL	sb		sbqingzheng		曹操	225163
SKILL	sb		sbhujia		曹操	225169
SKILL	sb		sbleiji		张角	225239
SKILL	sb		sbguidao		张角	225260
SKILL	sb		sbhuangtian		张角	225316
SKILL	sb		sbqiaoshi		夏侯氏	225382
SKILL	sb		sbyanyu		夏侯氏	225424
SKILL	sb		sbjushou		曹仁	225489
SKILL	sb		sbjiewei		曹仁	225586
SKILL	sb		sbyingzi		周瑜	225621
SKILL	sb		sbfanjian		周瑜	225658
SKILL	sb		sbkurou		黄盖	225803
SKILL	sb		sbzhaxiang		黄盖	225913
SKILL	sb		sbzhiheng		孙权	226015
SKILL	sb		sbtongye		孙权	226094
SKILL	sb		sbjiuyuan		孙权	226122
SKILL	sb		sbjieyin		孙尚香	226159
SKILL	sb		sbliangzhu		孙尚香	226429
SKILL	sb		sbxiaoji		孙尚香	226512
SKILL	sb		sbkeji		吕蒙	226575
SKILL	sb		sbdujiang		吕蒙	226662
SKILL	sb		sbduojing		吕蒙	226683
SKILL	sb		sbxiayuan		于禁	226742
SKILL	sb		sbjieyue		于禁	226775
SKILL	sb		sbyangwei		华雄	226812
SKILL	sb		sbliegong		黄忠	226868
SKILL	sb		splveying		刘赪	227089
SKILL	sb		spyingwu		刘赪	227130
SKILL	sb		spmingxuan		手杀杨婉	227167
SKILL	sb		spxianchou		手杀杨婉	227285
SKILL	sb		new_spxianchou		手杀杨婉	227350
SKILL	sb		sbqianxun		陆逊	227407
SKILL	sb		sblianying		陆逊	227523
SKILL	shenhua		lianhuan		庞统写法修改	227606
SKILL	shenhua		dcwanglie		新杀小加强 陈到	227745
SKILL	shenhua		dcwanglie2		if(tag=='pretao') return true;	227882
SKILL	shenhua		olliangyin		周妃	227893
SKILL	shenhua		olkongsheng		周妃	228117
SKILL	shenhua		zhengrong		新毌丘俭	228240
SKILL	shenhua		hongju		新毌丘俭	228292
SKILL	shenhua		qingce		新毌丘俭	228343
SKILL	shenhua		drlt_zhenrong		阴雷	228419
SKILL	shenhua		drlt_hongju		阴雷	228449
SKILL	shenhua		drlt_qingce		阴雷	228504
SKILL	shenhua		drlt_zhengu		阴雷	228536
SKILL	shenhua		xinfu_zuilun		阴雷	228609
SKILL	shenhua		xinfu_fuyin		阴雷	228736
SKILL	shenhua		drlt_qianjie		阴雷	228804
SKILL	shenhua		drlt_jueyan		阴雷	228848
SKILL	shenhua		drlt_jueyan1		阴雷	228960
SKILL	shenhua		drlt_jueyan2		阴雷	228974
SKILL	shenhua		drlt_jueyan3		阴雷	228986
SKILL	shenhua		drlt_poshi		阴雷	228998
SKILL	shenhua		drlt_huairou		阴雷	229019
SKILL	shenhua		drlt_yongsi		阴雷	229048
SKILL	shenhua		drlt_yongsi1		阴雷	229100
SKILL	shenhua		drlt_weidi		阴雷	229107
SKILL	shenhua		drlt_xiongluan		阴雷	229192
SKILL	shenhua		drlt_congjian		阴雷	229319
SKILL	shenhua		drlt_wanglie		阴雷	229367
SKILL	shenhua		drlt_wanglie2		阴雷	229488
SKILL	shenhua		liangyin		阴雷	229495
SKILL	shenhua		kongsheng		阴雷	229557
SKILL	shenhua		kongsheng2		阴雷	229586
SKILL	shenhua		nzry_juzhan		阴雷	229633
SKILL	shenhua		nzry_feijun		阴雷	229701
SKILL	shenhua		nzry_binglve		阴雷	229846
SKILL	shenhua		nzry_huaiju_ai		阴雷	229858
SKILL	shenhua		nzry_huaiju		阴雷	229881
SKILL	shenhua		tachibana_effect		没错 这是个橘	229905
SKILL	shenhua		nzry_yili		没错 这是个橘	229925
SKILL	shenhua		nzry_zhenglun		没错 这是个橘	229968
SKILL	shenhua		nzry_kuizhu		没错 这是个橘	229987
SKILL	shenhua		rechezheng		没错 这是个橘	230073
SKILL	shenhua		nzry_zhizheng		没错 这是个橘	230094
SKILL	shenhua		nzry_lijun		},	230134
SKILL	shenhua		nzry_lijun2		},	230139
SKILL	shenhua		nzry_lijun1		},	230150
SKILL	shenhua		nzry_chenglve		forceaudio:true,	230221
SKILL	shenhua		nzry_shicai		forceaudio:true,	230325
SKILL	shenhua		nzry_cunmu		forceaudio:true,	230446
SKILL	shenhua		nzry_mingren		forceaudio:true,	230465
SKILL	shenhua		nzry_zhenliang		考虑到getExpansions的实际执行在addToExpansion之前喵，此处调换顺序	230564
SKILL	shenhua		nzry_jianxiang		考虑到getExpansions的实际执行在addToExpansion之前喵，此处调换顺序	230654
SKILL	shenhua		nzry_shenshi		考虑到getExpansions的实际执行在addToExpansion之前喵，此处调换顺序	230674
SKILL	shenhua		xinjushou		考虑到getExpansions的实际执行在addToExpansion之前喵，此处调换顺序	230788
SKILL	shenhua		xinjiewei		考虑到getExpansions的实际执行在addToExpansion之前喵，此处调换顺序	230814
SKILL	shenhua		jianchu		考虑到getExpansions的实际执行在addToExpansion之前喵，此处调换顺序	230857
SKILL	shenhua		redimeng		考虑到getExpansions的实际执行在addToExpansion之前喵，此处调换顺序	230921
SKILL	shenhua		reluanji		心态炸了喵_(:з」∠)_	231126
SKILL	shenhua		qimou		心态炸了喵_(:з」∠)_	231230
SKILL	shenhua		qimou2		心态炸了喵_(:з」∠)_	231305
SKILL	shenhua		xinkuanggu		心态炸了喵_(:з」∠)_	231320
SKILL	shenhua		xinliegong		心态炸了喵_(:з」∠)_	231359
SKILL	shenhua		tiaoxin		心态炸了喵_(:з」∠)_	231451
SKILL	shenhua		zhiji		心态炸了喵_(:з」∠)_	231511
SKILL	shenhua		xiangle		心态炸了喵_(:з」∠)_	231533
SKILL	shenhua		fangquan		心态炸了喵_(:з」∠)_	231597
SKILL	shenhua		fangquan2		player.storage.fangquan=result.targets[0];	231634
SKILL	shenhua		fangquan3		priority:-50,	231675
SKILL	shenhua		ruoyu		priority:-50,	231686
SKILL	shenhua		qiaobian		priority:-50,	231707
SKILL	shenhua		tuntian		priority:-50,	231815
SKILL	shenhua		zaoxian		game.cardsDiscard(card);	231957
SKILL	shenhua		jixi		game.cardsDiscard(card);	231978
SKILL	shenhua		jiang		game.cardsDiscard(card);	232026
SKILL	shenhua		hunzi		game.cardsDiscard(card);	232067
SKILL	shenhua		zhiba		audioname:['re_sunben'],	232107
SKILL	shenhua		zhijian		audioname:['re_sunben'],	232222
SKILL	shenhua		guzheng		audioname:['re_sunben'],	232269
SKILL	shenhua		beige		避免插入结算改变弃牌堆 重新判断一次	232414
SKILL	shenhua		duanchang		避免插入结算改变弃牌堆 重新判断一次	232461
SKILL	shenhua		huashen		---------- 本次分界线喵 ----------	232501
SKILL	shenhua		xinsheng		lib.skill.rehuashen.createAudio(character,skill,'zuoci');	232948
SKILL	shenhua		huoshou		lib.skill.rehuashen.createAudio(character,skill,'zuoci');	232962
SKILL	shenhua		huoshou1		lib.skill.rehuashen.createAudio(character,skill,'zuoci');	232979
SKILL	shenhua		huoshou2		lib.skill.rehuashen.createAudio(character,skill,'zuoci');	232993
SKILL	shenhua		zaiqixx		lib.skill.rehuashen.createAudio(character,skill,'zuoci');	233006
SKILL	shenhua		zaiqi		lib.skill.rehuashen.createAudio(character,skill,'zuoci');	233010
SKILL	shenhua		juxiang		lib.skill.rehuashen.createAudio(character,skill,'zuoci');	233059
SKILL	shenhua		juxiang1		unique:true,	233076
SKILL	shenhua		juxiang2		unique:true,	233090
SKILL	shenhua		lieren		unique:true,	233103
SKILL	shenhua		xingshang		priority:5,	233124
SKILL	shenhua		fangzhu		priority:5,	233137
SKILL	shenhua		songwei		priority:5,	233236
SKILL	shenhua		songwei2		priority:5,	233242
SKILL	shenhua		jiezi		priority:5,	233271
SKILL	shenhua		gzduanliang		priority:5,	233282
SKILL	shenhua		duanliang		priority:5,	233290
SKILL	shenhua		duanliang1		priority:5,	233298
SKILL	shenhua		duanliang2		priority:5,	233322
SKILL	shenhua		duanliang3		priority:5,	233333
SKILL	shenhua		haoshi		priority:5,	233344
SKILL	shenhua		haoshi2		priority:5,	233381
SKILL	shenhua		dimeng		priority:5,	233410
SKILL	shenhua		yinghun		priority:5,	233550
SKILL	shenhua		gzyinghun		priority:5,	233648
SKILL	shenhua		jiuchi		priority:5,	233742
SKILL	shenhua		roulin		priority:5,	233767
SKILL	shenhua		benghuai		priority:5,	233809
SKILL	shenhua		baonue		priority:5,	233848
SKILL	shenhua		baonue2		priority:5,	233854
SKILL	shenhua		luanwu		forceaudio:true,	233889
SKILL	shenhua		wansha		forceaudio:true,	233987
SKILL	shenhua		wansha2		forceaudio:true,	234002
SKILL	shenhua		weimu		forceaudio:true,	234020
SKILL	shenhua		huoji		forceaudio:true,	234048
SKILL	shenhua		bazhen		forceaudio:true,	234073
SKILL	shenhua		bazhen_bagua		forceaudio:true,	234085
SKILL	shenhua		kanpo		forceaudio:true,	234138
SKILL	shenhua		niepan		forceaudio:true,	234186
SKILL	shenhua		oldniepan		forceaudio:true,	234242
SKILL	shenhua		quhu		forceaudio:true,	234295
SKILL	shenhua		jieming		forceaudio:true,	234395
SKILL	shenhua		qiangxix		forceaudio:true,	234457
SKILL	shenhua		qiangxi		forceaudio:true,	234539
SKILL	shenhua		xinqiangxi		forceaudio:true,	234598
SKILL	shenhua		tianyi		forceaudio:true,	234672
SKILL	shenhua		tianyi2		forceaudio:true,	234735
SKILL	shenhua		tianyi3		forceaudio:true,	234755
SKILL	shenhua		shuangxiong		forceaudio:true,	234765
SKILL	shenhua		shuangxiong1		forceaudio:true,	234844
SKILL	shenhua		shuangxiong2		forceaudio:true,	234872
SKILL	shenhua		luanji		forceaudio:true,	234917
SKILL	shenhua		xueyi		forceaudio:true,	234970
SKILL	shenhua		mengjin		forceaudio:true,	235006
SKILL	shenhua		jiewei		priority:-1,	235021
SKILL	shenhua		releiji		direct:true,	235082
SKILL	shenhua		shensu		direct:true,	235194
SKILL	shenhua		xinshensu		direct:true,	235200
SKILL	shenhua		shensu1		direct:true,	235218
SKILL	shenhua		shensu2		direct:true,	235247
SKILL	shenhua		shensu4		direct:true,	235304
SKILL	shenhua		jushou		direct:true,	235334
SKILL	shenhua		moon_jushou		direct:true,	235345
SKILL	shenhua		liegong		direct:true,	235356
SKILL	shenhua		kuanggu		direct:true,	235394
SKILL	shenhua		tianxiang		direct:true,	235406
SKILL	shenhua		tianxiang2		direct:true,	235496
SKILL	shenhua		retianxiang		direct:true,	235512
SKILL	shenhua		retianxiang3		if(event.related.cancelled||target.isDead()) return;	235620
SKILL	shenhua		retianxiang2		if(event.related.cancelled||target.isDead()) return;	235641
SKILL	shenhua		xintianxiang		if(event.related.cancelled||target.isDead()) return;	235657
SKILL	shenhua		xintianxiang2		if(event.related.cancelled||target.isDead()) return;	235743
SKILL	shenhua		xintianxiang3		if(event.related.cancelled||target.isDead()) return;	235789
SKILL	shenhua		xintianxiang4		if(event.related.cancelled||target.isDead()) return;	235801
SKILL	shenhua		hongyan		if(event.related.cancelled||target.isDead()) return;	235833
SKILL	shenhua		xinhongyan		if(event.related.cancelled||target.isDead()) return;	235843
SKILL	shenhua		gzbuqu		if(event.related.cancelled||target.isDead()) return;	235912
SKILL	shenhua		buqu		player.nodying=true;	236027
SKILL	shenhua		fenji		player.nodying=true;	236092
SKILL	shenhua		new_fenji		player.nodying=true;	236195
SKILL	shenhua		leiji		player.nodying=true;	236218
SKILL	shenhua		guidao		player.nodying=true;	236300
SKILL	shenhua		guhuo		蛊惑（guhuo）技能错误，请勿引用	236367
SKILL	shenhua		huangtian		蛊惑（guhuo）技能错误，请勿引用	236436
SKILL	shenhua		huangtian2		蛊惑（guhuo）技能错误，请勿引用	236445
SKILL	shenhua		xinfu_guhuo		forceaudio:true,	236500
SKILL	shenhua		guhuo_guess		forceaudio:true,	236662
SKILL	shenhua		chanyuan		player.line(trigger.targets,trigger.card.nature);	236806
SKILL	shiji		mbdingyi		孙邵重置	236857
SKILL	shiji		mbzuici		孙邵重置	236984
SKILL	shiji		mbfubi		删标记也要顺便删三技能的记录	237031
SKILL	shiji		yingba		神孙策	237153
SKILL	shiji		scfuhai		神孙策	237279
SKILL	shiji		pinghe		神孙策	237341
SKILL	shiji		tianzuo		神孙策	237469
SKILL	shiji		lingce		神孙策	237644
SKILL	shiji		dinghan		神孙策	237698
SKILL	shiji		dulie		神孙策	237797
SKILL	shiji		tspowei		神孙策	237832
SKILL	shiji		shenzhu		神孙策	237992
SKILL	shiji		dangmo		神孙策	238038
SKILL	shiji		reshuishi		神孙策	238080
SKILL	shiji		shuishi		神孙策	238164
SKILL	shiji		stianyi		神孙策	238224
SKILL	shiji		zuoxing		神孙策	238252
SKILL	shiji		resghuishi		神孙策	238304
SKILL	shiji		sghuishi		神孙策	238394
SKILL	shiji		dingzhou		神鲁肃	238465
SKILL	shiji		tamo		神鲁肃	238540
SKILL	shiji		zhimeng		什么均贫卡	238682
SKILL	shiji		wuling		神华佗	238760
SKILL	shiji		youyi		wuqinxi.push(prevMark);	239047
SKILL	shiji		yuli		手杀神马超	239102
SKILL	shiji		tingwei		手杀神马超	239198
SKILL	shiji		jimie		当前回合时，很容易触发，威胁提升	239610
SKILL	shiji		mbtiantao		手杀神姜维	239646
SKILL	shiji		mbxinghun		手杀神姜维	239720
SKILL	shiji		mbshenpei		知情牌	239866
SKILL	shiji		mbhuitian		知情牌	239903
SKILL	shiji		duanbi		刘巴	239956
SKILL	shiji		tongduo		刘巴	240040
SKILL	shiji		yangjie		朱儁	240083
SKILL	shiji		zjjuxiang		朱儁	240172
SKILL	shiji		xinyangjie		朱儁	240194
SKILL	shiji		xinjuxiang		朱儁	240278
SKILL	shiji		houfeng		朱儁	240286
SKILL	shiji		spzhengjun		手杀皇甫嵩	240393
SKILL	shiji		spshiji		手杀皇甫嵩	240477
SKILL	shiji		sptaoluan		手杀皇甫嵩	240497
SKILL	shiji		spdiaodu		吕范	240578
SKILL	shiji		spdiancai		吕范	240669
SKILL	shiji		mbdiaodu		吕范	240706
SKILL	shiji		mbdiancai		吕范	240787
SKILL	shiji		spyanji		吕范	240810
SKILL	shiji		spjianyi		蒋钦	240868
SKILL	shiji		spshangyi		蒋钦	240906
SKILL	shiji		spzhenting		蒋琬	240940
SKILL	shiji		spjincui		蒋琬	241028
SKILL	shiji		spdifei		张昌蒲	241108
SKILL	shiji		spyanjiao		张昌蒲	241152
SKILL	shiji		spyajun		崔琰	241262
SKILL	shiji		spzundi		崔琰	241366
SKILL	shiji		spxiangzhen		花蔓	241409
SKILL	shiji		spfangzong		花蔓	241437
SKILL	shiji		spxizhan		花蔓	241464
SKILL	shiji		spjungong		高览	241556
SKILL	shiji		spdengli		高览	241630
SKILL	shiji		zaoli		孙翊	241664
SKILL	shiji		yiyong		王双	241755
SKILL	shiji		shanxie		王双	241792
SKILL	shiji		liubing		吴景流兵	241886
SKILL	shiji		jutu		新刘璋	241919
SKILL	shiji		yaohu		新刘璋	241982
SKILL	shiji		rehuaibi		新刘璋	242189
SKILL	shiji		zhibian		宗预	242202
SKILL	shiji		yuyan		宗预	242309
SKILL	shiji		qingjue		袁涣	242389
SKILL	shiji		fengjie		袁涣	242430
SKILL	shiji		fengjie2		袁涣	242460
SKILL	shiji		spyilie		陈武董袭	242494
SKILL	shiji		spfenming		陈武董袭	242553
SKILL	shiji		rechuhai		周处	242586
SKILL	shiji		zhangming		周处	242643
SKILL	shiji		xianghai		周处	242707
SKILL	shiji		xianghai_g		周处	242721
SKILL	shiji		chuhai		周处	242728
SKILL	shiji		chuhai2		周处	242784
SKILL	shiji		dbquedi		文鸯	242817
SKILL	shiji		dbzhuifeng		文鸯	242927
SKILL	shiji		dbchongjian		特殊处理	242974
SKILL	shiji		dbchoujue		特殊处理	243143
SKILL	shiji		xingqi		王凌	243166
SKILL	shiji		xinzifu		王凌	243226
SKILL	shiji		mibei		王凌	243262
SKILL	shiji		xinmouli		王凌	243337
SKILL	shiji		mouli		王凌	243385
SKILL	shiji		zifu		王凌	243533
SKILL	shiji		xinlirang		孔融	243549
SKILL	shiji		xinmingshi		孔融	243618
SKILL	shiji		spmingshi		孔融	243677
SKILL	shiji		splirang		孔融	243698
SKILL	shiji		xinguixiu		糜夫人	243777
SKILL	shiji		qingyu		糜夫人	243792
SKILL	shiji		xuancun		糜夫人	243857
SKILL	shiji		mbyongjue		糜夫人	243874
SKILL	shiji		mingfa		羊祜	243902
SKILL	shiji		rongbei		羊祜	244037
SKILL	shiji		yizhu		桥公	244081
SKILL	shiji		luanchou		桥公	244192
SKILL	shiji		gonghuan		桥公	244237
SKILL	shiji		xiusheng		刘璋	244286
SKILL	shiji		yinlang		刘璋	244338
SKILL	shiji		huaibi		刘璋	244466
SKILL	shiji		gebo		张温	244479
SKILL	shiji		spsongshu		张温	244490
SKILL	shiji		jishi		张机	244548
SKILL	shiji		xinliaoyi		张机	244583
SKILL	shiji		liaoyi		张机	244674
SKILL	shiji		binglun		张机	244740
SKILL	shiji		mjweipo		张机	244824
SKILL	shiji		mjweipo_effect		张机	244877
SKILL	shiji		mjweipo_remove		张机	244932
SKILL	shiji		mjchenshi		张机	244945
SKILL	shiji		mjchenshi_player		张机	244950
SKILL	shiji		mjchenshi_target		张机	245011
SKILL	shiji		mjmouzhi		张机	245074
SKILL	shiji		mjshengxi		张机	245137
SKILL	shiji		mjkuanji		张机	245212
SKILL	shiji		mjdingyi		张机	245261
SKILL	shiji		mjzuici		张机	245380
SKILL	shiji		mjfubi		张机	245427
SKILL	shiji		boming		张机	245540
SKILL	shiji		ejian		张机	245604
SKILL	shiji		yuanqing		张机	245685
SKILL	shiji		shuchen		张机	245726
SKILL	shiji		hxrenshi		张机	245745
SKILL	shiji		hxrenshi2		张机	245786
SKILL	shiji		debao		张机	245789
SKILL	shiji		buqi		张机	245828
SKILL	shiji		guying		张机	245880
SKILL	shiji		muzhen		张机	245973
SKILL	shiji		sheyi		张机	246162
SKILL	shiji		tianyin		张机	246211
SKILL	shiji		xunyi		王甫赵累	246244
SKILL	shiji		reduoji		狗剩	246318
SKILL	shiji		spyinju		SP辛毗	246399
SKILL	shiji		spyinju2		SP辛毗	246459
SKILL	shiji		spchijie		SP辛毗	246474
SKILL	shiji		spcunsi		糜夫人	246504
SKILL	shiji		spcunsi2		糜夫人	246552
SKILL	shiji		spguixiu		糜夫人	246572
SKILL	shiji		heji		那个男人的舅舅	246607
SKILL	shiji		refubi		始计篇·智	246674
SKILL	shiji		rezuici		始计篇·智	246774
SKILL	shiji		rezuicix		始计篇·智	246829
SKILL	shiji		reshengxi		始计篇·智	246889
SKILL	shiji		fyjianyu		始计篇·智	246902
SKILL	shiji		spwanwei		始计篇·智	246974
SKILL	shiji		spyuejian		始计篇·智	247044
SKILL	shiji		spwuku		始计篇·智	247067
SKILL	shiji		spsanchen		始计篇·智	247094
SKILL	shiji		spmiewu		始计篇·智	247115
SKILL	shiji		qinzheng		始计篇·智	247212
SKILL	shiji		qinzheng_count		始计篇·智	247261
SKILL	shiji		spqiai		始计篇·智	247272
SKILL	shiji		spshanxi		始计篇·智	247343
SKILL	shiji		spshanxi_suoming		始计篇·智	247397
SKILL	shiji		spshanxi_bj		始计篇·智	247429
SKILL	shiji		shameng		始计篇·智	247460
SKILL	shiji		fubi		始计篇·智	247507
SKILL	shiji		fubi2		始计篇·智	247535
SKILL	shiji		zuici		始计篇·智	247555
SKILL	shiji		jianzhan		始计篇·智	247588
SKILL	shiji		duoji		始计篇·智	247667
SKILL	sixiang		stdkoujing		柯比能	247726
SKILL	sixiang		stdcuorui		牛金	247795
SKILL	sixiang		stdzhijie		甘夫人	247819
SKILL	sixiang		stdshushenx		甘夫人	247889
SKILL	sixiang		stdanran		王沈	247913
SKILL	sixiang		stdgaobian		王沈	247939
SKILL	sixiang		stdyuqi		曹金玉	248012
SKILL	sixiang		stdshanshen		曹金玉	248028
SKILL	sixiang		stdfushi		吕伯奢	248043
SKILL	sixiang		stdanda		吴珂	248082
SKILL	sixiang		stdzhuguo		吴珂	248117
SKILL	sixiang		stdshuangrui		黄舞蝶	248133
SKILL	sixiang		stdzengou		清河公主	248204
SKILL	sixiang		stdfeili		清河公主	248271
SKILL	sixiang		stdfuqi		麴义	248331
SKILL	sixiang		stdjiaozi		麴义	248367
SKILL	sixiang		stdkengqiang		文鸳	248381
SKILL	sixiang		stdshangjue		文鸳	248415
SKILL	sixiang		stdyingmen		许劭	248435
SKILL	sixiang		stdpingjian		许劭	248467
SKILL	sixiang		stdtongli		张璇	248533
SKILL	sixiang		stdshezang		张璇	248559
SKILL	sixiang		stdjianying		沮授	248600
SKILL	sixiang		stdshibei		沮授	248645
SKILL	sixiang		stdjianjie		司马徽	248660
SKILL	sixiang		stdchenghao		司马徽	248709
SKILL	sixiang		stdzhengjing		郑玄	248742
SKILL	sixiang		stdkuangcai		祢衡	248833
SKILL	sixiang		stdshejian		祢衡	248882
SKILL	sixiang		stdgongqiao		马钧	248916
SKILL	sixiang		stdwanglu		张奋	248958
SKILL	sixiang		stdjinhui		赵嫣	248988
SKILL	sixiang		stdqingman		赵嫣	249032
SKILL	sixiang		stdfuli		刘理	249053
SKILL	sixiang		stddehua		刘理	249103
SKILL	sixiang		stdlianrong		张美人	249137
SKILL	sixiang		stdyuanzhuo		张美人	249172
SKILL	sixiang		stdbizun		王美人	249199
SKILL	sixiang		stdhuangong		王美人	249269
SKILL	sixiang		stdzhuying		庞林	249287
SKILL	sixiang		stdzhongshi		庞林	249301
SKILL	sixiang		stdjuxian		黄崇	249313
SKILL	sixiang		stdlijun		黄崇	249339
SKILL	sixiang		stdwuwei		曹熊	249380
SKILL	sixiang		stdleiruo		曹熊	249426
SKILL	sixiang		stddechong		毛皇后	249460
SKILL	sixiang		stdyinzu		毛皇后	249526
SKILL	sixiang		stdqiyue		郑聪	249549
SKILL	sixiang		xuanhuafu_skill		郑聪	249564
SKILL	sixiang		stdjieji		郑聪	249606
SKILL	sixiang		stdfengzhan		姜婕	249629
SKILL	sixiang		baipishuangbi_skill		姜婕	249644
SKILL	sixiang		stdruixi		姜婕	249655
SKILL	sixiang		stdyimou		标鲍信	249704
SKILL	sixiang		stdmutao		标鲍信	249744
SKILL	sixiang		stdzhitu		标裴秀	249767
SKILL	sixiang		stdyizheng		标杨彪	249844
SKILL	sixiang		stdrangjie		标杨彪	249885
SKILL	sixiang		stdtaoluan		标皇甫嵩	249901
SKILL	sixiang		stdcansi		标笮融	249937
SKILL	sixiang		stdlingjian		标庞德公	249970
SKILL	sixiang		stdmingshi		标庞德公	249988
SKILL	sixiang		stdxianlu		标南华老仙	250085
SKILL	sixiang		stdtianshu		标南华老仙	250119
SKILL	sixiang		stdgangjian		田丰	250128
SKILL	sixiang		stdguijie		田丰	250174
SKILL	sixiang		stdtianming		刘协	250221
SKILL	sixiang		stdmizhao		刘协	250252
SKILL	sixiang		stdzhongyan		刘协	250303
SKILL	sixiang		stdzhaoxin		司马昭	250315
SKILL	sixiang		stdwufei		郭照	250349
SKILL	sixiang		stdjiaochong		郭照	250443
SKILL	sixiang		stdzhongzuo		贾逵	250456
SKILL	sixiang		stdwanlan		贾逵	250468
SKILL	sixiang		stdzongxuan		虞翻	250499
SKILL	sixiang		stdzhiyan		虞翻	250531
SKILL	sixiang		stdaocai		诸葛恪	250560
SKILL	sixiang		stdduwu		诸葛恪	250583
SKILL	sixiang		stdzhuan		孟达	250621
SKILL	sixiang		stdsidi		曹真	250637
SKILL	sixiang		stdbingzheng		董允	250647
SKILL	sixiang		stdduliang		董允	250677
SKILL	sixiang		stdzhennan		鲍三娘	250688
SKILL	sixiang		stdshuyong		鲍三娘	250750
SKILL	sixiang		stdduanbi		刘巴	250767
SKILL	sixiang		stdlirang		孔融	250799
SKILL	sixiang		stdhuoshui		邹氏	250849
SKILL	sixiang		stdqingcheng		邹氏	250860
SKILL	sixiang		stdmumu		孙鲁育	250917
SKILL	sixiang		stdmeibu		孙鲁育	250941
SKILL	sixiang		stdqijian		周鲂	250957
SKILL	sixiang		stdyoudi		周鲂	251021
SKILL	sixiang		stdjuezhu		张苞	251061
SKILL	sixiang		stdchengji		张苞	251095
SKILL	sixiang		stdzhanjue		刘谌	251135
SKILL	sixiang		stdqinwang		刘谌	251278
SKILL	sixiang		stdzhengnan		关索	251359
SKILL	sixiang		stdbaobian		夏侯霸	251409
SKILL	sixiang		stdhuituo		曹睿	251437
SKILL	sixiang		stdmingjian		曹睿	251477
SKILL	sixiang		stdpolu		刘晔	251519
SKILL	sixiang		stdchoulve		刘晔	251557
SKILL	sixiang		stdjiaozhao		郭皇后	251597
SKILL	sixiang		stddanxin		郭皇后	251678
SKILL	sixiang		stddianfeng		吕范	251698
SKILL	sixiang		stdduanbing		丁奉	251721
SKILL	sixiang		stdfenxun		丁奉	251745
SKILL	sixiang		stdzenhui		孙鲁班	251812
SKILL	sixiang		stdchuyi		孙鲁班	251863
SKILL	sixiang		stdfenyin		留赞	251883
SKILL	sixiang		stdzaoli		孙翊	251937
SKILL	sixiang		stdyirang		陶谦	251980
SKILL	sixiang		stdshuangdao		纪灵	252013
SKILL	sixiang		stdjuece		李儒	252088
SKILL	sixiang		stdmieji		李儒	252130
SKILL	sixiang		stdyunji		王允	252161
SKILL	sixiang		stdzongji		王允	252178
SKILL	sixiang		stdyuanqing		华歆	252211
SKILL	sixiang		stdshuchen		华歆	252248
SKILL	sixiang		stdqianchong		玩姬	252269
SKILL	sixiang		stdshangjian		玩姬	252283
SKILL	sixiang		stdgushe		王司徒	252324
SKILL	sixiang		stdjici		王司徒	252381
SKILL	sixiang		stdxingfa		钟会	252410
SKILL	sixiang		stdyinge		刘璋	252441
SKILL	sixiang		stdshiren		刘璋	252487
SKILL	sixiang		stdjuyi		刘璋	252502
SKILL	sixiang		stdfunan		薛总	252551
SKILL	sixiang		stdjiexun		薛总	252571
SKILL	sixiang		stdwuyan		徐庶	252609
SKILL	sixiang		stdjujian		徐庶	252631
SKILL	sixiang		stdxiaofan		牢彭羕	252653
SKILL	sixiang		stdtuishi		牢彭羕	252688
SKILL	sixiang		oldjuejing		牢赵云	252738
SKILL	sixiang		oldlonghun		牢赵云	252761
SKILL	sixiang		stdxiemu		马良	252835
SKILL	sixiang		stdnaman		马良	252903
SKILL	sixiang		stdruwu		蒋琬	252926
SKILL	sixiang		stdchengshi		蒋琬	253014
SKILL	sixiang		stddingyi		孙邵	253049
SKILL	sixiang		stdzuici		孙邵	253063
SKILL	sixiang		stdjinglve		司马师	253093
SKILL	sixiang		stdjishe		岑昏	253176
SKILL	sixiang		stdwudu		岑昏	253216
SKILL	sixiang		stdhuaiyi		公孙渊	253233
SKILL	sixiang		stdfengbai		公孙渊	253287
SKILL	sixiang		stdzishou		刘表	253321
SKILL	sixiang		stdjujin		刘表	253337
SKILL	sixiang		stdqiuyuan		伏皇后	253370
SKILL	sixiang		stdzhuikong		伏皇后	253392
SKILL	sixiang		stdwuyou		关兴	253455
SKILL	sixiang		stdcanshi		孙皓	253505
SKILL	sixiang		stdxiongyi		马腾	253546
SKILL	sixiang		stdyouji		马腾	253603
SKILL	sixiang		stdfengpo		马云禄	253638
SKILL	sixiang		stddaoshu		蒋干	253691
SKILL	sixiang		stddaizui		蒋干	253755
SKILL	sixiang		stdxiongxia		周处	253772
SKILL	sixiang		stdhuiji		吕玲绮	253817
SKILL	sixiang		stdmingfa		羊祜	253916
SKILL	sixiang		stdrenzheng		骆统	253963
SKILL	sixiang		stdjinjian		骆统	253981
SKILL	sixiang		stdxiongsuan		李傕	254089
SKILL	sixiang		stdchunlao		程普	254152
SKILL	sixiang		stdquedi		文鸯	254188
SKILL	sixiang		stdzhiyinmeng		只因盟	254205
SKILL	sixiang		stdhehe		只因盟	254255
SKILL	sixiang		stdzhiyi		张翼	254285
SKILL	sixiang		stdshefu		大魏汉尼拔	254302
SKILL	sixiang		stdyibing		大魏汉尼拔	254384
SKILL	sixiang		stdbazhan		樊玉凤	254399
SKILL	sixiang		stdzhanying		樊玉凤	254469
SKILL	sixiang		stdtiaohe		F1	254528
SKILL	sixiang		stdqiansu		return true;	254689
SKILL	sp		qinmian		王皑（春丽来咯）	254729
SKILL	sp		olremaozhu		推箱子裴秀	254790
SKILL	sp		olrejinlan		普通可走格、触发过的事件格	255609
SKILL	sp		olcaifeng		更新当前位置记录	255810
SKILL	sp		pxbingzhou		并州	255891
SKILL	sp		pxyanmen		雁门	255903
SKILL	sp		pxjiuyuan		九原	255927
SKILL	sp		pxqixian		祁县	255965
SKILL	sp		pxwuxiang		武乡	256060
SKILL	sp		pxjizhou		冀州	256076
SKILL	sp		pxbohai		渤海	256092
SKILL	sp		pxchangshan		常山	256124
SKILL	sp		pxjulu		巨鹿	256148
SKILL	sp		pxpingyuan		巨鹿	256175
SKILL	sp		pxjingzhou		荆州	256219
SKILL	sp		pxnanyang		南阳	256253
SKILL	sp		pxshangyong		上庸	256289
SKILL	sp		pxxiangyang		襄阳	256315
SKILL	sp		pxjiangxia		江夏	256327
SKILL	sp		pxliangzhou		凉州	256358
SKILL	sp		pxjuyan		居延	256389
SKILL	sp		pxdunhuang		敦煌	256415
SKILL	sp		pxyumen		玉门	256425
SKILL	sp		pxwuwei		武威	256459
SKILL	sp		pxliangzhoux		梁州	256497
SKILL	sp		pxhanzhong		汉中	256511
SKILL	sp		pxbaxi		巴西	256536
SKILL	sp		pxmianzhu		绵竹	256578
SKILL	sp		pxfuling		涪陵	256603
SKILL	sp		pxningzhou		宁州	256615
SKILL	sp		pxdianchi		滇池	256638
SKILL	sp		pxailao		哀牢	256657
SKILL	sp		pxquting		句町	256699
SKILL	sp		pxnanfu		南涪	256715
SKILL	sp		pxqinzhou		秦州	256734
SKILL	sp		pxlongxi		陇西	256773
SKILL	sp		pxtianshui		天水	256789
SKILL	sp		pxwudu		武都	256826
SKILL	sp		pxyinping		阴平	256851
SKILL	sp		pxqingzhou		青州	256861
SKILL	sp		pxlean		乐安	256884
SKILL	sp		pxdonglai		东莱	256908
SKILL	sp		pxlinzi		临淄	256965
SKILL	sp		pxbeihai		北海	256989
SKILL	sp		pxsizhou		司州	257002
SKILL	sp		pxwenxi		闻喜	257032
SKILL	sp		pxhandan		邯郸	257046
SKILL	sp		pxhongnong		弘农	257089
SKILL	sp		pxwenxian		温县	257115
SKILL	sp		pxxuzhou		徐州	257131
SKILL	sp		pxlangya		琅琊	257170
SKILL	sp		pxpengcheng		彭城	257183
SKILL	sp		pxdonghai		东海	257221
SKILL	sp		pxguangling		广陵	257261
SKILL	sp		pxyanzhou		兖州	257274
SKILL	sp		pxtaishan		泰山	257285
SKILL	sp		chiwenyupei		螭纹玉佩	257299
SKILL	sp		pxjuancheng		鄄城	257318
SKILL	sp		pxchenliu		陈留	257367
SKILL	sp		pxrencheng		任城	257377
SKILL	sp		pxyangzhou		扬州	257386
SKILL	sp		pxshouchun		寿春	257411
SKILL	sp		pxhefei		合肥	257433
SKILL	sp		pxjuchao		居巢	257458
SKILL	sp		pxlujiang		庐江	257489
SKILL	sp		pxyizhou		益州	257537
SKILL	sp		pxchengdu		成都	257548
SKILL	sp		pxlinqiong		临邛	257562
SKILL	sp		pxzangke		牂牁	257602
SKILL	sp		pxzhuti		朱提	257646
SKILL	sp		pxyongzhou		雍州	257661
SKILL	sp		pxanding		安定	257695
SKILL	sp		pxfengyi		冯翊	257708
SKILL	sp		pxfufeng		扶风	257723
SKILL	sp		pxjingzhao		京兆	257743
SKILL	sp		pxyouzhou		幽州	257760
SKILL	sp		pxxuantu		玄菟	257773
SKILL	sp		pxbeiping		北平	257791
SKILL	sp		pxfanyang		范阳	257815
SKILL	sp		pxdaifang		带方	257840
SKILL	sp		pxyuzhou		豫州	257873
SKILL	sp		pxxuchang		许昌	257902
SKILL	sp		pxpeixian		沛县	257948
SKILL	sp		pxqiaoxian		谯县	257981
SKILL	sp		pxrunan		汝南	257990
SKILL	sp		ollingren		曹婴	258014
SKILL	sp		olyanjing		皇甫嵩	258187
SKILL	sp		olfenyue		皇甫嵩	258244
SKILL	sp		olbiguo		逄纪	258299
SKILL	sp		oldouyu		逄纪	258389
SKILL	sp		olhexu		董予安	258470
SKILL	sp		olzeguang		董予安	258484
SKILL	sp		olchengen		董予安	258551
SKILL	sp		olpingyuan		刘晔	258631
SKILL	sp		olliaoyi		刘晔	258735
SKILL	sp		ol_piliche		刘晔	258787
SKILL	sp		olchunhui		曹金玉	258807
SKILL	sp		olxiasheng		曹金玉	258884
SKILL	sp		olqiumu		曹金玉	258952
SKILL	sp		olshutong		崔琰	258989
SKILL	sp		olzhijie		崔琰	259035
SKILL	sp		olqiwu		吕玲绮	259056
SKILL	sp		olzhuangrong		吕玲绮	259233
SKILL	sp		olhuanpei		环淑君	259386
SKILL	sp		olwenyi		环淑君	259490
SKILL	sp		olmiaoxin		await player.useResult(cost_data.result, event);	259635
SKILL	sp		olsaying		孙鸢	259656
SKILL	sp		oltongxin		孙鸢	259737
SKILL	sp		olzhuoyue		Ol樊氏	259832
SKILL	sp		olqiaowu		Ol樊氏	259873
SKILL	sp		olmeiyan		OL桥公	259921
SKILL	sp		olshuoyu		OL桥公	259962
SKILL	sp		olzuobao		OL桥公	260027
SKILL	sp		newwuniang		苦命打工人~强烈谴责会长牢萌！！！	260057
SKILL	sp		newzhennan		苦命打工人~强烈谴责会长牢萌！！！	260168
SKILL	sp		newxushen		苦命打工人~强烈谴责会长牢萌！！！	260245
SKILL	sp		olkedi		OL蔡贞姬	260304
SKILL	sp		olcunze		OL蔡贞姬	260364
SKILL	sp		olkuangxin		OL张曼成	260423
SKILL	sp		olleishi		OL张曼成	260500
SKILL	sp		olxiewei		OL管亥	260626
SKILL	sp		olyouque		OL管亥	260716
SKILL	sp		olpingzhong		OL杨阜	260804
SKILL	sp		olsuyi		OL杨阜	260859
SKILL	sp		oljiyun		OL李丰	260891
SKILL	sp		olshuliang		还原下OL神必结算	260996
SKILL	sp		olkuangjuan		OL猴子	261162
SKILL	sp		olfeibian		OL猴子	261237
SKILL	sp		olfulve		OL裴元绍	261359
SKILL	sp		olpengbi		赵忠	261470
SKILL	sp		olyintian		赵忠	261535
SKILL	sp		olbiri		赵忠	261568
SKILL	sp		oldici		赵忠	261591
SKILL	sp		olshanjia		OL曹笨	261679
SKILL	sp		olliubing		OL吴景	261817
SKILL	sp		oljiawei		OL杨奉	261855
SKILL	sp		olqujia		OL杨奉	261906
SKILL	sp		old_oljiawei		OL杨奉	261996
SKILL	sp		olderu		OL袁涣	262089
SKILL	sp		ollinjie		OL袁涣	262128
SKILL	sp		spolxudai		SP刘备	262146
SKILL	sp		spolzhujiu		SP刘备	262177
SKILL	sp		spoljinglei		SP刘备	262239
SKILL	sp		olfengwei		OL刘璋	262321
SKILL	sp		olzonghu		OL刘璋	262363
SKILL	sp		olzongluan		OL陶谦	262518
SKILL	sp		olzhaohuo		OL陶谦	262574
SKILL	sp		olwenren		OL陶谦	262617
SKILL	sp		olsiqi		OL薛灵芸	262640
SKILL	sp		olqiaozhi		OL薛灵芸	262880
SKILL	sp		oljiaoyu		OL郭照	262947
SKILL	sp		olneixun		OL郭照	263105
SKILL	sp		olxianying		OL秦朗	263171
SKILL	sp		olliyong		OL武庙第一人	263344
SKILL	sp		olhedao		OL南华老仙	263460
SKILL	sp		olqingshu		清理	264574
SKILL	sp		olshoushu		清理	264770
SKILL	sp		spolxixiang		SP曹操	264846
SKILL	sp		spolaige		SP曹操	264966
SKILL	sp		spolzhubei		SP曹操	264991
SKILL	sp		oljiaowei		董翓	265148
SKILL	sp		olbianyu		董翓	265199
SKILL	sp		olfengyao		董翓	265294
SKILL	sp		olshuzi		韩馥	265361
SKILL	sp		olkuangshou		韩馥	265458
SKILL	sp		olshisuan		牛辅	265490
SKILL	sp		olzonglve		牛辅	265583
SKILL	sp		olkuangxiang		成公英	265635
SKILL	sp		olrenxia		王匡	265717
SKILL	sp		oltingji		桥玄	265829
SKILL	sp		olxuanliu		桥玄	265848
SKILL	sp		leiluan		孔淑	265907
SKILL	sp		fuchao		孔淑	266067
SKILL	sp		olleiluan		孔淑	266103
SKILL	sp		olfuchao		孔淑	266296
SKILL	sp		oljieyan		OL袁姬	266335
SKILL	sp		oljinghua		OL袁姬	266379
SKILL	sp		olshuiyue		OL袁姬	266412
SKILL	sp		olpingduan		OL轲比能	266450
SKILL	sp		olchishi		持室神将	266515
SKILL	sp		olweimian		持室神将	266551
SKILL	sp		olyongzu		曹腾	266748
SKILL	sp		olqingliu		曹腾	266894
SKILL	sp		olkouchao		古希腊掌管扣工资的神（bushi	266950
SKILL	sp		olhunjiang		马玩	267124
SKILL	sp		olziruo		蒋琬	267251
SKILL	sp		olxvfa		蒋琬	267366
SKILL	sp		olzuolian		蔡瑁	267574
SKILL	sp		oljingzhou		插个眼，等PZ157拯救此AI	267683
SKILL	sp		olmaozhu		我们三国杀也有属于自己的爽文.jpg	267710
SKILL	sp		oljinlan		我们三国杀也有属于自己的爽文.jpg	267751
SKILL	sp		olqingya		鸭蛋	267774
SKILL	sp		oltielun		鸭蛋	267988
SKILL	sp		olliantao		SP孙策	268021
SKILL	sp		junkliantao		王战孙策，但是通渠	268199
SKILL	sp		olyicheng		刘辟	268204
SKILL	sp		olxuanzhu		陆凯	268323
SKILL	sp		oljiane		陆凯	268549
SKILL	sp		olpijing		刘磐	268627
SKILL	sp		olqushi		郭图	268734
SKILL	sp		olweijie		郭图	268837
SKILL	sp		olqingyuan		胡金定	268972
SKILL	sp		olchongshen		胡金定	269045
SKILL	sp		olshandao		田畴	269150
SKILL	sp		olchanshuang		李异	269220
SKILL	sp		olzhanjin		李异	269422
SKILL	sp		olgongjie		曹宇	269522
SKILL	sp		olxiangxv		曹宇	269569
SKILL	sp		olxiangzuo		曹宇	269634
SKILL	sp		olfeiyang		OL飞扬	269724
SKILL	sp		ollianju		李婉	269774
SKILL	sp		olsilv		李婉	269886
SKILL	sp		relianju		李婉	269926
SKILL	sp		resilv		李婉	270011
SKILL	sp		olfudao		丁尚涴	270121
SKILL	sp		olfengyan		丁尚涴	270212
SKILL	sp		olsuji		张燕	270248
SKILL	sp		ollangdao		张燕	270307
SKILL	sp		skill_zhangji_A		张既	270615
SKILL	sp		skill_zhangji_B		张既	270692
SKILL	sp		yanru		费祎	270866
SKILL	sp		hezhong		费祎	270941
SKILL	sp		olfushi		吕伯奢	271111
SKILL	sp		oldongdao		game.log(trigger.card, "对", target, "的伤害+1");	271465
SKILL	sp		olcangxin		OL陆郁生	271505
SKILL	sp		olrunwei		OL陆郁生	271575
SKILL	sp		olgangshu		曹羲	271680
SKILL	sp		oljianxuan		曹羲	271853
SKILL	sp		olxiaofan		OL彭羕	271915
SKILL	sp		oltuishi		OL彭羕	272016
SKILL	sp		olweifu		OL牵招	272183
SKILL	sp		olkuansai		OL牵招	272346
SKILL	sp		olcuorui		牛金	272439
SKILL	sp		olmouzhu		何进	272478
SKILL	sp		olyanhuo		何进	272564
SKILL	sp		olniluan		韩遂	272585
SKILL	sp		olxiaoxi		韩遂	272629
SKILL	sp		olsaogu		段颎	272657
SKILL	sp		oltianhou		OL周群	273005
SKILL	sp		olchenshuo		OL周群	273328
SKILL	sp		olguangao		OL文钦	273424
SKILL	sp		olhuiqi		OL文钦	273532
SKILL	sp		olxieju		OL文钦	273560
SKILL	sp		olzhenying		郝普	273596
SKILL	sp		olgoude		OL孟达	273884
SKILL	sp		oljici		OL新改王朗	274166
SKILL	sp		olpianan		OL刘老板	274203
SKILL	sp		olyinji		OL刘老板	274264
SKILL	sp		olkuisi		OL刘老板	274286
SKILL	sp		olzhuyan		卢氏	274332
SKILL	sp		olleijie		卢氏	274498
SKILL	sp		releijie		卢氏	274551
SKILL	sp		olhongji		张世平	274609
SKILL	sp		olxinggu		张世平	274705
SKILL	sp		olxianbi		孙弘	274847
SKILL	sp		olzenrun		孙弘	274908
SKILL	sp		oldaili		罗宪	274988
SKILL	sp		olhuiyun		胡班	275088
SKILL	sp		olmiuyan		王瓘	275250
SKILL	sp		olshilu		王瓘	275399
SKILL	sp		oldianjun		张翼	275461
SKILL	sp		olkangrui		张翼	275474
SKILL	sp		olcuipo		朱儁	275628
SKILL	sp		rekenshang		马休马铁	275663
SKILL	sp		olkenshang		马休马铁	275832
SKILL	sp		oljianman		董荼那	275987
SKILL	sp		olbihun		张华	276072
SKILL	sp		olchuanwu		group:'olbihun_give',	276181
SKILL	sp		oljianhe		group:'olbihun_give',	276224
SKILL	sp		olqiejian		屈晃	276348
SKILL	sp		olnishou		屈晃	276429
SKILL	sp		olchenglie		马承	276557
SKILL	sp		olqizhou		新贺齐	276790
SKILL	sp		olshanxi		新贺齐	276833
SKILL	sp		oltongduo		刘巴	276985
SKILL	sp		olzhubi		刘巴	277040
SKILL	sp		olxiaosi		傅肜	277135
SKILL	sp		jueman		阿会喃	277213
SKILL	sp		olbixin		张芝	277262
SKILL	sp		olximo		event.getParent().set('olbixin',true);	277530
SKILL	sp		olfeibai		game.log(player,'失去了技能','#g【洗墨】');	277555
SKILL	sp		olhuanshi		新诸葛瑾	277594
SKILL	sp		olhongyuan		新诸葛瑾	277731
SKILL	sp		olmingzhe		新诸葛瑾	277804
SKILL	sp		xindiaodu		吕范	277836
SKILL	sp		olhuanfu		夏侯玄	277931
SKILL	sp		olqingyi		夏侯玄	278049
SKILL	sp		olzeyue		夏侯玄	278229
SKILL	sp		dzkanpo		邓忠	278397
SKILL	sp		dzgengzhan		邓忠	278457
SKILL	sp		yangkuang		王衍	278516
SKILL	sp		cihuang		王衍	278547
SKILL	sp		sanku		王衍	278696
SKILL	sp		qiongshou		霍峻	278721
SKILL	sp		fenrui		霍峻	278754
SKILL	sp		huamu		曹宪曹华	278865
SKILL	sp		qianmeng		曹宪曹华	278970
SKILL	sp		liangyuan		曹宪曹华	279023
SKILL	sp		jisi		曹宪曹华	279211
SKILL	sp		shanduan		周处	279342
SKILL	sp		yilie		周处	279616
SKILL	sp		tongxie		赵俨	279862
SKILL	sp		olzhuiji		群马超	280056
SKILL	sp		olshengong		蒲元	280110
SKILL	sp		olqisi		蒲元	280506
SKILL	sp		zhaogujing_skill		蒲元衍生	280602
SKILL	sp		sanlve_skill		蒲元衍生	280646
SKILL	sp		xuwangzhimian		蒲元衍生	280662
SKILL	sp		shufazijinguan_skill		蒲元衍生	280678
SKILL	sp		qimenbagua		蒲元衍生	280699
SKILL	sp		guofengyupao		蒲元衍生	280750
SKILL	sp		hongmianbaihuapao_skill		蒲元衍生	280773
SKILL	sp		linglongshimandai_skill		蒲元衍生	280828
SKILL	sp		bintieshuangji_skill		蒲元衍生	280893
SKILL	sp		chixueqingfeng		蒲元衍生	280939
SKILL	sp		chixueqingfeng2		蒲元衍生	280963
SKILL	sp		guilongzhanyuedao		蒲元衍生	280996
SKILL	sp		wushuangfangtianji_skill		蒲元衍生	281017
SKILL	sp		qiaoli		芮姬	281067
SKILL	sp		qingliang		芮姬	281261
SKILL	sp		yuanzi		卫兹	281374
SKILL	sp		liejie		卫兹	281413
SKILL	sp		luochong		滕芳兰	281451
SKILL	sp		aichen		滕芳兰	281631
SKILL	sp		spmanwang		SP孟获	281676
SKILL	sp		sppanqin		SP孟获	281730
SKILL	sp		zengou		清河公主	281836
SKILL	sp		qhzhangji		清河公主	281896
SKILL	sp		rebaobian		十周年夏侯霸	281945
SKILL	sp		yuanchou		范强张达	281983
SKILL	sp		juesheng		范强张达	282020
SKILL	sp		saodi		田之间	282086
SKILL	sp		zhuitao		田之间	282238
SKILL	sp		olfengji		生鱼片	282296
SKILL	sp		olxuanhui		生鱼片	282427
SKILL	sp		jixian		朱灵	282489
SKILL	sp		lanjiang		吾彦	282549
SKILL	sp		spolzhouxuan		新SP张郃	282618
SKILL	sp		olxianlve		董昭	282675
SKILL	sp		olzaowang		董昭	282845
SKILL	sp		zhuangshu		冯方女	282939
SKILL	sp		chuiti		冯方女	283028
SKILL	sp		zhuangshu_basic		冯方女	283074
SKILL	sp		zhuangshu_trick		冯方女	283120
SKILL	sp		zhuangshu_equip		冯方女	283166
SKILL	sp		oljuanxia		杨仪	283179
SKILL	sp		oldingcuo		杨仪	283370
SKILL	sp		zhaosong		左棻	283394
SKILL	sp		lisi		左棻	283524
SKILL	sp		olfengzi		王荣	283564
SKILL	sp		oljizhan		王荣	283633
SKILL	sp		olfusong		王荣	283679
SKILL	sp		olxiuhao		邓芝	283714
SKILL	sp		olsujian		邓芝	283756
SKILL	sp		fuwei		卞夫人	283969
SKILL	sp		yuejian		卞夫人	284061
SKILL	sp		quxi		杜袭	284103
SKILL	sp		bixiong		杜袭	284331
SKILL	sp		bixiong2		杜袭	284355
SKILL	sp		juguan		高干	284367
SKILL	sp		olwuniang		OL鲍三娘	284488
SKILL	sp		olwuniang2		OL鲍三娘	284523
SKILL	sp		olxushen		OL鲍三娘	284534
SKILL	sp		olzhennan		OL鲍三娘	284587
SKILL	sp		olzhennan2		OL鲍三娘	284619
SKILL	sp		guanxu		黄承彦	284633
SKILL	sp		yashi		黄承彦	284761
SKILL	sp		wangong		黄祖	284842
SKILL	sp		wangong2		黄祖	284853
SKILL	sp		weiyi		潘淑	284884
SKILL	sp		jinzhi		潘淑	284943
SKILL	sp		zyqiao		宗预	285098
SKILL	sp		chengshang		宗预	285145
SKILL	sp		reduanbing		新丁奉	285194
SKILL	sp		refenxun		新丁奉	285292
SKILL	sp		refenxun2		新丁奉	285339
SKILL	sp		zhuishe		蔡阳新技能	285373
SKILL	sp		reluanzhan		新塌顿	285383
SKILL	sp		reluanzhan_add		新塌顿	285400
SKILL	sp		reluanzhan_remove		新塌顿	285462
SKILL	sp		youlong		卧龙凤雏双头祈福	285483
SKILL	sp		luanfeng		卧龙凤雏双头祈福	285733
SKILL	sp		xiaoxi		曹爽，韩遂，何进	285799
SKILL	sp		spmouzhu		曹爽，韩遂，何进	285814
SKILL	sp		spyanhuo		曹爽，韩遂，何进	285882
SKILL	sp		spniluan		曹爽，韩遂，何进	285911
SKILL	sp		spweiwu		曹爽，韩遂，何进	285942
SKILL	sp		tuogu		曹爽，韩遂，何进	285964
SKILL	sp		retuogu		曹爽，韩遂，何进	286014
SKILL	sp		shanzhuan		曹爽，韩遂，何进	286103
SKILL	sp		olxingshen		曹爽，韩遂，何进	286149
SKILL	sp		zlhuji		张道陵	286169
SKILL	sp		zlshoufu		张道陵	286210
SKILL	sp		zlshoufu2		张道陵	286283
SKILL	sp		yinka		蔡阳	286363
SKILL	sp		xinlianji		新王允	286388
SKILL	sp		xinmoucheng		player.addMark('xinlianji',1,false);	286487
SKILL	sp		xinjingong		player.addMark('xinlianji',1,false);	286514
SKILL	sp		bizheng		孙邵	286586
SKILL	sp		yidian		孙邵	286628
SKILL	sp		neifa		二袁	286691
SKILL	sp		neifa_basic		二袁	286880
SKILL	sp		neifa_nobasic		二袁	286941
SKILL	sp		neifa_use		二袁	287025
SKILL	sp		yuxu		许靖	287054
SKILL	sp		xjshijian		许靖	287093
SKILL	sp		yanhuo		新1v1	287133
SKILL	sp		mouzhu		新1v1	287172
SKILL	sp		niluan		新1v1	287230
SKILL	sp		cuorui		新1v1	287262
SKILL	sp		liewei		新1v1	287294
SKILL	sp		weicheng		蒋干	287303
SKILL	sp		daoshu		forced:true,	287344
SKILL	sp		zhenwei_three		统率三军诸葛瑾和文聘	287437
SKILL	sp		huanshi_three		统率三军诸葛瑾和文聘	287458
SKILL	sp		wanwei		变权移植	287523
SKILL	sp		gzjili		变权移植	287550
SKILL	sp		xinshanjia		新服曹笨	287654
SKILL	sp		ol_shichou		OL马超	287782
SKILL	sp		dc_olshichou		OL马超	287808
SKILL	sp		ol_shichou2		OL马超	287847
SKILL	sp		new_xingwu		新大小乔	287867
SKILL	sp		new_luoyan		新大小乔	288004
SKILL	sp		new_meibu		新孙鲁育	288020
SKILL	sp		new_mumu		新孙鲁育	288088
SKILL	sp		new_zhixi		新孙鲁育	288179
SKILL	sp		qingzhong		新孙鲁育	288235
SKILL	sp		weijing		if(player.countCards('h',{type:'basic'})<=1) return true;	288297
SKILL	sp		zishu		if(player.countCards('h',{type:'basic'})<=1) return true;	288385
SKILL	sp		xinyingyuan		if(player.countCards('h',{type:'basic'})<=1) return true;	288472
SKILL	sp		yingyuan		if(player.countCards('h',{type:'basic'})<=1) return true;	288519
SKILL	sp		shuimeng		if(player.countCards('h',{type:'basic'})<=1) return true;	288570
SKILL	sp		qianya		if(player.countCards('h',{type:'basic'})<=1) return true;	288621
SKILL	sp		xianfu		if(player.countCards('h',{type:'basic'})<=1) return true;	288734
SKILL	sp		xianfu_mark		if(player.countCards('h',{type:'basic'})<=1) return true;	288782
SKILL	sp		xianfu2		if(player.countCards('h',{type:'basic'})<=1) return true;	288789
SKILL	sp		xianfu3		if(player.countCards('h',{type:'basic'})<=1) return true;	288840
SKILL	sp		chouce		if(player.countCards('h',{type:'basic'})<=1) return true;	288855
SKILL	sp		fuqi		if(player.countCards('h',{type:'basic'})<=1) return true;	288961
SKILL	sp		wylianji		if(player.countCards('h',{type:'basic'})<=1) return true;	289005
SKILL	sp		moucheng		if(player.countCards('h',{type:'basic'})<=1) return true;	289209
SKILL	sp		jingong		if(player.countCards('h',{type:'basic'})<=1) return true;	289253
SKILL	sp		jingong2		if(player.countCards('h',{type:'basic'})<=1) return true;	289332
SKILL	sp		weikui		if(player.countCards('h',{type:'basic'})<=1) return true;	289344
SKILL	sp		weikui2		if(player.countCards('h',{type:'basic'})<=1) return true;	289387
SKILL	sp		lizhan		if(player.countCards('h',{type:'basic'})<=1) return true;	289401
SKILL	sp		xinfenyue		if(player.countCards('h',{type:'basic'})<=1) return true;	289432
SKILL	sp		fenyue		if(player.countCards('h',{type:'basic'})<=1) return true;	289499
SKILL	sp		fenyue2		if(player.countCards('h',{type:'basic'})<=1) return true;	289564
SKILL	sp		zfengshi		if(player.countCards('h',{type:'basic'})<=1) return true;	289578
SKILL	sp		chuanxin		if(player.countCards('h',{type:'basic'})<=1) return true;	289595
SKILL	sp		hengjiang		if(player.countCards('h',{type:'basic'})<=1) return true;	289694
SKILL	sp		hengjiang2		if(player.countCards('h',{type:'basic'})<=1) return true;	289723
SKILL	sp		rehengjiang		if(player.countCards('h',{type:'basic'})<=1) return true;	289765
SKILL	sp		shuangren		if(player.countCards('h',{type:'basic'})<=1) return true;	289822
SKILL	sp		kuanshi		if(player.countCards('h',{type:'basic'})<=1) return true;	289910
SKILL	sp		xiashu		if(player.countCards('h',{type:'basic'})<=1) return true;	289956
SKILL	sp		sheyan		if(player.countCards('h',{type:'basic'})<=1) return true;	290089
SKILL	sp		bingzheng		if(player.countCards('h',{type:'basic'})<=1) return true;	290166
SKILL	sp		fuman		if(player.countCards('h',{type:'basic'})<=1) return true;	290267
SKILL	sp		fuman2		if(player.countCards('h',{type:'basic'})<=1) return true;	290346
SKILL	sp		qizhou		if(player.countCards('h',{type:'basic'})<=1) return true;	290361
SKILL	sp		shanxi		if(player.countCards('h',{type:'basic'})<=1) return true;	290407
SKILL	sp		fenxun		if(player.countCards('h',{type:'basic'})<=1) return true;	290436
SKILL	sp		fenxun2		if(player.countCards('h',{type:'basic'})<=1) return true;	290490
SKILL	sp		duanbing		if(player.countCards('h',{type:'basic'})<=1) return true;	290504
SKILL	sp		fuhan		if(player.countCards('h',{type:'basic'})<=1) return true;	290567
SKILL	sp		refuhan		if(player.countCards('h',{type:'basic'})<=1) return true;	290652
SKILL	sp		refanghun		.set("num2", num2)	290810
SKILL	sp		fanghun		.set("num2", num2)	290836
SKILL	sp		yjixi		.set("num2", num2)	290950
SKILL	sp		xinyongsi		.set("num2", num2)	291026
SKILL	sp		xinyongsi1		.set("num2", num2)	291031
SKILL	sp		xinyongsi2		.set("num2", num2)	291044
SKILL	sp		lianzhu		.set("num2", num2)	291063
SKILL	sp		xiahui		.set("num2", num2)	291125
SKILL	sp		xiahui2		.set("num2", num2)	291194
SKILL	sp		shanjia		.set("num2", num2)	291226
SKILL	sp		shanjia2		.set("num2", num2)	291286
SKILL	sp		zhanyi		.set("num2", num2)	291297
SKILL	sp		zhanyi_basic		.set("num2", num2)	291345
SKILL	sp		zhanyi_basic_tao		.set("num2", num2)	291349
SKILL	sp		zhanyi_basic_sha		.set("num2", num2)	291372
SKILL	sp		zhanyi_basic_jiu		.set("num2", num2)	291395
SKILL	sp		zhanyi_equip		.set("num2", num2)	291419
SKILL	sp		zhanyi_trick		.set("num2", num2)	291433
SKILL	sp		dingpan		.set("num2", num2)	291440
SKILL	sp		hongde		.set("num2", num2)	291542
SKILL	sp		ziyuan		.set("num2", num2)	291571
SKILL	sp		jugu		.set("num2", num2)	291660
SKILL	sp		tuifeng		.set("num2", num2)	291676
SKILL	sp		tuifeng2		.set("num2", num2)	291719
SKILL	sp		tuifeng3		.set("num2", num2)	291735
SKILL	sp		weidi		.set("num2", num2)	291746
SKILL	sp		zhenlue		.set("num2", num2)	291804
SKILL	sp		jianshu		.set("num2", num2)	291821
SKILL	sp		yongdi		.set("num2", num2)	291889
SKILL	sp		regushe		.set("num2", num2)	291953
SKILL	sp		regushe2		.set("num2", num2)	292052
SKILL	sp		rejici		.set("num2", num2)	292056
SKILL	sp		rejici2		cards=cards.filterInD();	292104
SKILL	sp		gushe		cards=cards.filterInD();	292124
SKILL	sp		jici		cards=cards.filterInD();	292221
SKILL	sp		juesi		cards=cards.filterInD();	292238
SKILL	sp		shefu		cards=cards.filterInD();	292294
SKILL	sp		shefu2		cards=cards.filterInD();	292413
SKILL	sp		benyu		priority:15,	292502
SKILL	sp		jili		priority:15,	292594
SKILL	sp		zhidao		priority:15,	292638
SKILL	sp		zhidao2		priority:15,	292679
SKILL	sp		luanzhan		priority:15,	292688
SKILL	sp		xinzhengnan		priority:15,	292771
SKILL	sp		zhengnan		priority:15,	292834
SKILL	sp		xiefang		priority:15,	292867
SKILL	sp		qizhi		priority:15,	292879
SKILL	sp		jinqu		priority:15,	292925
SKILL	sp		jiaozi		priority:15,	292954
SKILL	sp		jiqiao		priority:15,	292966
SKILL	sp		linglong		priority:15,	293015
SKILL	sp		linglong_bagua		priority:15,	293079
SKILL	sp		zhenwei		priority:15,	293130
SKILL	sp		zhenwei2		priority:15,	293235
SKILL	sp		xunzhi		priority:15,	293259
SKILL	sp		yawang		priority:15,	293295
SKILL	sp		yawang2		priority:15,	293332
SKILL	sp		luoyan_tianxiang		priority:15,	293352
SKILL	sp		luoyan_liuli		priority:15,	293364
SKILL	sp		luoyan		priority:15,	293376
SKILL	sp		xingwu		priority:15,	293384
SKILL	sp		yinbing		priority:15,	293513
SKILL	sp		juedi		priority:15,	293591
SKILL	sp		meibu		priority:15,	293653
SKILL	sp		mumu		priority:15,	293769
SKILL	sp		fentian		priority:15,	293833
SKILL	sp		zhiri		priority:15,	293884
SKILL	sp		xintan		priority:15,	293905
SKILL	sp		danji		priority:15,	293928
SKILL	sp		nuzhan		priority:15,	294007
SKILL	sp		nuzhan2		priority:15,	294027
SKILL	sp		jieyuan		priority:15,	294042
SKILL	sp		fenxin		priority:15,	294138
SKILL	sp		xisheng		priority:15,	294214
SKILL	sp		shulv		priority:15,	294225
SKILL	sp		xiandeng		priority:15,	294233
SKILL	sp		qingyi		priority:15,	294247
SKILL	sp		qingyi1		priority:15,	294277
SKILL	sp		qingyi2		priority:15,	294310
SKILL	sp		qingyi3		priority:15,	294362
SKILL	sp		qirang		priority:15,	294369
SKILL	sp		yuhua		priority:15,	294499
SKILL	sp		chenqing		priority:15,	294530
SKILL	sp		mozhi		priority:15,	294609
SKILL	sp		ranshang		priority:15,	294662
SKILL	sp		ranshang2		priority:15,	294696
SKILL	sp		hanyong		priority:15,	294712
SKILL	sp		hanyong3		priority:15,	294725
SKILL	sp		yishe		priority:15,	294738
SKILL	sp		bushi		priority:15,	294811
SKILL	sp		midao		priority:15,	294835
SKILL	sp		fengpo		priority:15,	294902
SKILL	sp		fengpo2		priority:15,	294957
SKILL	sp		biluan		士燮	294973
SKILL	sp		lixia		士燮	295031
SKILL	sp		olbiluan		士燮	295074
SKILL	sp		ollixia		士燮	295121
SKILL	sp		rebiluan2		士燮	295161
SKILL	sp		rebiluan		士燮	295188
SKILL	sp		relixia		士燮	295235
SKILL	sp		guiming		士燮	295316
SKILL	sp		canshi		士燮	295322
SKILL	sp		chouhai		士燮	295400
SKILL	sp		recanshi		士燮	295424
SKILL	sp		recanshi2		士燮	295477
SKILL	sp		rechouhai		士燮	295516
SKILL	sp		kunfen		士燮	295540
SKILL	sp		fengliang		士燮	295592
SKILL	sp		zhuiji		priority:10,	295611
SKILL	sp		oldcihuai		priority:10,	295621
SKILL	sp		oldcihuai2		priority:10,	295637
SKILL	sp		oldcihuai3		priority:10,	295652
SKILL	sp		cihuai		priority:10,	295671
SKILL	sp		jilei		priority:10,	295697
SKILL	sp		jilei2		priority:10,	295746
SKILL	sp		danlao		priority:10,	295810
SKILL	sp		taichen		priority:10,	295842
SKILL	sp		naman		priority:10,	295864
SKILL	sp		xiemu		priority:10,	295895
SKILL	sp		xiemu2		priority:10,	295946
SKILL	sp		oldxiemu		priority:10,	295984
SKILL	sp		spmengjin		priority:10,	296024
SKILL	sp		fenxun_old		priority:10,	296052
SKILL	sp		rezhoufu		priority:10,	296087
SKILL	sp		reyingbing		priority:10,	296202
SKILL	sp		kuiwei		priority:10,	296227
SKILL	sp		kuiwei2		priority:10,	296249
SKILL	sp		yanzheng		priority:10,	296266
SKILL	sp		tongji		priority:10,	296284
SKILL	sp		wangzun		priority:10,	296319
SKILL	sp		wangzun2		priority:10,	296347
SKILL	sp		wangzun3		priority:10,	296356
SKILL	sp		kaikang		priority:10,	296363
SKILL	sp		liangzhu		priority:10,	296409
SKILL	sp		fanxiang		priority:10,	296473
SKILL	sp		mingshi		priority:10,	296496
SKILL	sp		lirang		priority:10,	296518
SKILL	sp		moukui		priority:10,	296649
SKILL	sp		shenxian		priority:10,	296723
SKILL	sp		qiangwu		priority:10,	296765
SKILL	sp		qiangwu3		priority:10,	296792
SKILL	sp		zhendu		priority:10,	296829
SKILL	sp		qiluan		priority:10,	296875
SKILL	sp		qiluan2		}	296917
SKILL	sp		zniaoxiang		}	296920
SKILL	sp		shangyi		priority:-1,	296942
SKILL	sp		shengxi		priority:-1,	296970
SKILL	sp		shoucheng		priority:-1,	296982
SKILL	sp		hengzheng		priority:-1,	297066
SKILL	sp		yongjue		priority:-1,	297116
SKILL	sp		guixiu		priority:-1,	297150
SKILL	sp		cunsi		priority:-1,	297161
SKILL	sp		fenming		priority:-1,	297217
SKILL	sp		duanxie		priority:-1,	297259
SKILL	sp		xiaoguo		priority:-1,	297304
SKILL	sp		suishi		priority:-1,	297355
SKILL	sp		suishi2		priority:-1,	297394
SKILL	sp		sijian		priority:-1,	297423
SKILL	sp		quji		priority:-1,	297463
SKILL	sp		junbing		priority:-1,	297508
SKILL	sp		xiongyi		priority:-1,	297577
SKILL	sp		gzshushen		priority:-1,	297645
SKILL	sp		shushen		priority:-1,	297681
SKILL	sp		shenzhi		priority:-1,	297705
SKILL	sp		wuji		priority:-1,	297739
SKILL	sp		xueji_old		priority:-1,	297765
SKILL	sp		oldhuxiao		FW关银屏	297822
SKILL	sp		oldwuji		FW关银屏	297832
SKILL	sp		xueji		FW关银屏	297849
SKILL	sp		huxiao		FW关银屏	297900
SKILL	sp		huxiao3		FW关银屏	297920
SKILL	sp		aocai		诸葛恪	297935
SKILL	sp		hongyuan		诸葛恪	298124
SKILL	sp		huanshi		诸葛恪	298187
SKILL	sp		mingzhe		诸葛恪	298288
SKILL	sp		duwu		诸葛恪	298317
SKILL	sp		duwu2		诸葛恪	298374
SKILL	sp		yicong		诸葛恪	298392
SKILL	sp		yongsi		诸葛恪	298419
SKILL	sp		yongsi1		诸葛恪	298427
SKILL	sp		yongsi2		诸葛恪	298439
SKILL	sp		bifa		诸葛恪	298448
SKILL	sp		bifa2		诸葛恪	298501
SKILL	sp		songci		诸葛恪	298551
SKILL	sp		baobian		诸葛恪	298619
SKILL	sp		chongzhen		if(trigger.num!=undefined&&trigger.num<0&&player.hp-trigger.num>1) player.logSkill('baobian');	298682
SKILL	sp		lihun		if(trigger.num!=undefined&&trigger.num<0&&player.hp-trigger.num>1) player.logSkill('baobian');	298739
SKILL	sp		lihun2		if(trigger.num!=undefined&&trigger.num<0&&player.hp-trigger.num>1) player.logSkill('baobian');	298778
SKILL	sp		yuanhu		if(trigger.num!=undefined&&trigger.num<0&&player.hp-trigger.num>1) player.logSkill('baobian');	298803
SKILL	sp		tianming		if(trigger.num!=undefined&&trigger.num<0&&player.hp-trigger.num>1) player.logSkill('baobian');	298882
SKILL	sp		mizhao		if(trigger.num!=undefined&&trigger.num<0&&player.hp-trigger.num>1) player.logSkill('baobian');	298928
SKILL	sp		gongao		if(trigger.num!=undefined&&trigger.num<0&&player.hp-trigger.num>1) player.logSkill('baobian');	299020
SKILL	sp		juyi		if(trigger.num!=undefined&&trigger.num<0&&player.hp-trigger.num>1) player.logSkill('baobian');	299032
SKILL	sp		weizhong		if(trigger.num!=undefined&&trigger.num<0&&player.hp-trigger.num>1) player.logSkill('baobian');	299050
SKILL	sp		kuangfu		if(trigger.num!=undefined&&trigger.num<0&&player.hp-trigger.num>1) player.logSkill('baobian');	299058
SKILL	sp		xinfu_lingren		if(trigger.num!=undefined&&trigger.num<0&&player.hp-trigger.num>1) player.logSkill('baobian');	299108
SKILL	sp		xinfu_fujian		if(trigger.num!=undefined&&trigger.num<0&&player.hp-trigger.num>1) player.logSkill('baobian');	299223
SKILL	sp		olfujian		if(trigger.num!=undefined&&trigger.num<0&&player.hp-trigger.num>1) player.logSkill('baobian');	299254
SKILL	sp		xinfu_xionghuo		if(trigger.num!=undefined&&trigger.num<0&&player.hp-trigger.num>1) player.logSkill('baobian');	299282
SKILL	sp		xinfu_shajue		if(trigger.num!=undefined&&trigger.num<0&&player.hp-trigger.num>1) player.logSkill('baobian');	299463
SKILL	sp		jianjie		if(trigger.num!=undefined&&trigger.num<0&&player.hp-trigger.num>1) player.logSkill('baobian');	299491
SKILL	sp		xinfu_yinshi		if(trigger.num!=undefined&&trigger.num<0&&player.hp-trigger.num>1) player.logSkill('baobian');	299843
SKILL	sp		xinfu_chenghao		if(trigger.num!=undefined&&trigger.num<0&&player.hp-trigger.num>1) player.logSkill('baobian');	299891
SKILL	sp		xinfu_wuniang		if(trigger.num!=undefined&&trigger.num<0&&player.hp-trigger.num>1) player.logSkill('baobian');	299984
SKILL	sp		xinfu_xushen		if(trigger.num!=undefined&&trigger.num<0&&player.hp-trigger.num>1) player.logSkill('baobian');	300023
SKILL	sp		xinfu_falu		if(trigger.num!=undefined&&trigger.num<0&&player.hp-trigger.num>1) player.logSkill('baobian');	300108
SKILL	sp		xinfu_dianhua		用不了this.combo，获取effect时ai被单独提出来this就丢失了（恼）	300185
SKILL	sp		zhenyi		用不了this.combo，获取effect时ai被单独提出来this就丢失了（恼）	300199
SKILL	sp		xinfu_zhennan		用不了this.combo，获取effect时ai被单独提出来this就丢失了（恼）	300364
SKILL	sp		xinyingshi		player.line(result.targets[0],'fire');	300398
SKILL	sp		xinfu_guolun		player.line(result.targets[0],'fire');	300514
SKILL	sp		xinfu_zhanji		player.line(result.targets[0],'fire');	300574
SKILL	sp		xinfu_songsang		player.line(result.targets[0],'fire');	300590
SKILL	sp		xinfu_jixu		player.line(result.targets[0],'fire');	300608
SKILL	sp		jixu_sha		player.line(result.targets[0],'fire');	300735
SKILL	sp		xinfu_sanwen		player.line(result.targets[0],'fire');	300764
SKILL	sp		xinfu_qiai		player.line(result.targets[0],'fire');	300819
SKILL	sp		xinfu_denglou		无牌可给，跳过	300866
SKILL	sp		xinfu_qinguo		无牌可给，跳过	300915
SKILL	sp		xinfu_jijun		无牌可给，跳过	300979
SKILL	sp		xinfu_fangtong		无牌可给，跳过	301043
SKILL	sp		xinfu_weilu		无牌可给，跳过	301177
SKILL	sp		xinfu_zengdao		无牌可给，跳过	301289
SKILL	sp		xinfu_zengdao2		无牌可给，跳过	301353
SKILL	sp		xinfu_guanwei		无牌可给，跳过	301377
SKILL	sp		xinfu_gongqing		无牌可给，跳过	301517
SKILL	sp		xinfu_andong		无牌可给，跳过	301553
SKILL	sp		xinfu_yingshi		无牌可给，跳过	301616
SKILL	sp		yingshi_heart		无牌可给，跳过	301659
SKILL	sp		yingshi_die		无牌可给，跳过	301675
SKILL	sp		xinfu_duanfa		无牌可给，跳过	301689
SKILL	sp		xinfu_youdi		无牌可给，跳过	301740
SKILL	sp		xinfu_guanchao		无牌可给，跳过	301790
SKILL	sp		xinfu_xunxian		无牌可给，跳过	301956
SKILL	sp		xinfu_kannan		无牌可给，跳过	302022
SKILL	sp		xinfu_tushe		无牌可给，跳过	302106
SKILL	sp		xinfu_limu		无牌可给，跳过	302205
SKILL	sp		oltaohuai		ol段煨 子右：R1+□🙌🏻😡↓→+□□□□😡🤜🏻power up！	302322
SKILL	sp2		starzunjian		星诸葛瑾	302470
SKILL	sp2		starhongya		星诸葛瑾	302547
SKILL	sp2		yanjiu		曹豹	302592
SKILL	sp2		poyin		曹豹	302640
SKILL	sp2		starxisong		星张松	302770
SKILL	sp2		starfanglang		开透视吧，不喜欢ai折磨人的话（）	302869
SKILL	sp2		starjunxi		星张郃	302959
SKILL	sp2		starjixian		星张郃	303047
SKILL	sp2		old_starjixian		星张郃	303086
SKILL	sp2		dcyuzheng		阎象	303185
SKILL	sp2		dcyxsuishi		阎象	303323
SKILL	sp2		dczijue		崔烈	303428
SKILL	sp2		dcchibi		崔烈	303518
SKILL	sp2		starzhenting		星蒋琬	303560
SKILL	sp2		starchiguo		星蒋琬	303663
SKILL	sp2		starchongwei		星太史慈	303773
SKILL	sp2		starchongzu		星太史慈	303817
SKILL	sp2		starduhai		星张让	303923
SKILL	sp2		starlingse		星张让	303998
SKILL	sp2		starjizhan		颜良	304043
SKILL	sp2		starcuxia		颜良	304114
SKILL	sp2		starlianzhan		文丑	304143
SKILL	sp2		starweiming		文丑	304284
SKILL	sp2		stardangchen		丁奉	304313
SKILL	sp2		starjianyu		丁奉	304429
SKILL	sp2		starzhiji		法正	304446
SKILL	sp2		staranji		法正	304523
SKILL	sp2		staranshu		荀彧	304601
SKILL	sp2		starkuangzuo		荀彧	304701
SKILL	sp2		starchengfeng		荀彧	304772
SKILL	sp2		startongyin		荀彧	304885
SKILL	sp2		dczhuiwang		马铁	304916
SKILL	sp2		dcquxian		马铁	304925
SKILL	sp2		dcyinbi		韩嵩	305001
SKILL	sp2		dcshuaiyan		韩嵩	305025
SKILL	sp2		dcshefu		侧肘	305084
SKILL	sp2		dcpigua		临时补丁，等有缘人重写卡牌ai吧	305212
SKILL	sp2		starzhongyan		星张昭	305254
SKILL	sp2		starjinglun		星张昭	305413
SKILL	sp2		starruijun		星孙坚	305438
SKILL	sp2		stargangyi		筛选目标中可狙敌人	305695
SKILL	sp2		xiongsuan		李傕郭汜	305760
SKILL	sp2		starweigu		星夏侯霸	305804
SKILL	sp2		starjuefa		星夏侯霸	305944
SKILL	sp2		starliangyan		张春华	306016
SKILL	sp2		starminghui		张春华	306122
SKILL	sp2		starxiaoyan		星袁绍	306210
SKILL	sp2		starzongshi		if(event.name=='logSkill'&&evt.skill!='starjiaowang') return false;	306260
SKILL	sp2		starjiaowang		return player.canUse(get.event().cardx,target);	306383
SKILL	sp2		staraoshi		return player.canUse(get.event().cardx,target);	306410
SKILL	sp2		starweilin		星董卓	306476
SKILL	sp2		starzhangrong		星董卓	306491
SKILL	sp2		starhaoshou		星董卓	306621
SKILL	sp2		starcanxi		星袁术	306690
SKILL	sp2		starpizhi		星袁术	306910
SKILL	sp2		starzhonggu		星袁术	306943
SKILL	sp2		starsujun		星曹仁	306957
SKILL	sp2		starlifeng		星曹仁	306983
SKILL	sp2		starsaying		星孙尚香	307094
SKILL	sp2		starjiaohao		星孙尚香	307240
SKILL	sp2		dcjuexiang		十周年嵇康	307330
SKILL	sp2		dccanyun		十周年嵇康	307360
SKILL	sp2		dcjiaoxia		董翓	307450
SKILL	sp2		dchumei		董翓	307574
SKILL	sp2		dcdanji		魏关羽	307721
SKILL	sp2		dcnuchen		魏关羽	307771
SKILL	sp2		dclibang		孟达	307848
SKILL	sp2		dcwujie		孟达	307961
SKILL	sp2		dcxiuwen		关宁	308014
SKILL	sp2		oldlongsong		关宁	308027
SKILL	sp2		dclongsong		game.log(player,'获得了技能','#g'+str);	308137
SKILL	sp2		longsong		delete player.storage[key];	308243
SKILL	sp2		dcmoukui		伏完	308384
SKILL	sp2		dcniji		孙桓	308503
SKILL	sp2		dctingxian		孙狼	308566
SKILL	sp2		dcbenshi		孙狼	308592
SKILL	sp2		dccuichuan		是仪	308636
SKILL	sp2		dczhengxu		是仪	308702
SKILL	sp2		dczuojian		是仪	308792
SKILL	sp2		dcdeshi		胡金定	308876
SKILL	sp2		dcwuyuan		胡金定	308905
SKILL	sp2		dcdouzhen		李异谢旌	308968
SKILL	sp2		dcjinjian		穆顺	309071
SKILL	sp2		dcshizhao		穆顺	309117
SKILL	sp2		dcfuning		赵俨	309157
SKILL	sp2		dcbingji		赵俨	309173
SKILL	sp2		dcruizhan		王威	309284
SKILL	sp2		dcshilie		王威	309357
SKILL	sp2		dcchongyi		胡班	309507
SKILL	sp2		dcxiaoxi		牛辅	309633
SKILL	sp2		xiongrao		牛辅	309749
SKILL	sp2		dunxi		卞喜	309804
SKILL	sp2		dcditing		冯方	309895
SKILL	sp2		dcbihuo		冯方	309997
SKILL	sp2		piaoping		秦宜禄	310068
SKILL	sp2		tuoxian		秦宜禄	310097
SKILL	sp2		zhuili		秦宜禄	310190
SKILL	sp2		choutao		闫柔	310214
SKILL	sp2		xiangshu		闫柔	310301
SKILL	sp2		dczhanyi		朱灵	310344
SKILL	sp2		yijiao		李采薇	310573
SKILL	sp2		qibie		李采薇	310649
SKILL	sp2		channi		严夫人	310666
SKILL	sp2		nifu		严夫人	310784
SKILL	sp2		xiongmang		郝萌	310801
SKILL	sp2		heqia		庞德公	310899
SKILL	sp2		yinyi		庞德公	311055
SKILL	sp2		jieliang		韩猛	311091
SKILL	sp2		quanjiu		韩猛	311160
SKILL	sp2		fuyuan		辛评	311189
SKILL	sp2		zhongjie		辛评	311213
SKILL	sp2		tianze		张宁	311236
SKILL	sp2		difa		张宁	311313
SKILL	sp2		chaofeng		童渊	311416
SKILL	sp2		chuanshu		童渊	311479
SKILL	sp2		chuanyun		童渊	311526
SKILL	sp2		jinghe		南华老仙	311542
SKILL	sp2		gongxiu		南华老仙	311625
SKILL	sp2		nhyinbing		南华老仙	311695
SKILL	sp2		nhhuoqi		南华老仙	311722
SKILL	sp2		nhguizhu		南华老仙	311759
SKILL	sp2		nhxianshou		南华老仙	311768
SKILL	sp2		nhlundao		南华老仙	311787
SKILL	sp2		nhguanyue		南华老仙	311804
SKILL	sp2		nhyanzheng		南华老仙	311820
SKILL	sp2		xinxingluan		樊稠	311874
SKILL	sp2		rexingluan		樊稠	312039
SKILL	sp2		yise		杜夫人	312105
SKILL	sp2		shunshi		杜夫人	312212
SKILL	sp2		xianwei		杜夫人	312299
SKILL	sp2		rehuoshui		杜夫人	312400
SKILL	sp2		reqingcheng		杜夫人	312459
SKILL	sp2		koulve		丘力居	312485
SKILL	sp2		qljsuiren		丘力居	312538
SKILL	sp2		redaoji		胡车儿	312589
SKILL	sp2		redaoji2		胡车儿	312652
SKILL	sp2		fuzhong		胡车儿	312671
SKILL	sp2		xuezhao		董承	312741
SKILL	sp2		kangge		唐姬	312848
SKILL	sp2		jielie		唐姬	312951
SKILL	sp2		dangzai		张横	313004
SKILL	sp2		liangjue		张横	313059
SKILL	sp2		langmie		狼灭	313104
SKILL	sp2		langmie_damage		狼灭	313131
SKILL	sp2		recuorui		牛金	313163
SKILL	sp2		reliewei		牛金	313201
SKILL	sp2		mouni		张邈	313213
SKILL	sp2		mouni2		张邈	313295
SKILL	sp2		zongfan		张邈	313310
SKILL	sp2		zhangu		张邈	313372
SKILL	sp2		lulve		梁兴	313397
SKILL	sp2		lxzhuixi		梁兴	313472
SKILL	sp2		reyirang		陶谦和曹嵩	313492
SKILL	sp2		cslilu		陶谦和曹嵩	313525
SKILL	sp2		csyizheng		陶谦和曹嵩	313594
SKILL	sp2		csyizheng2		陶谦和曹嵩	313620
SKILL	sp2		reyixiang		陶谦和曹嵩	313647
SKILL	sp2		yangzhong		赵忠	313731
SKILL	sp2		huangkong		赵忠	313770
SKILL	sp2		hfjieying		赵忠	313784
SKILL	sp2		hfjieying2		赵忠	313804
SKILL	sp2		hfjieying3		赵忠	313883
SKILL	sp2		weipo		赵忠	313895
SKILL	sp2		weipo2		赵忠	313912
SKILL	sp2		refuqi		赵忠	313938
SKILL	sp2		zhuide		赵忠	313957
SKILL	sp2		juntun		赵忠	313992
SKILL	sp2		jiaojie		赵忠	314004
SKILL	sp2		decadewuniang		赵忠	314031
SKILL	sp2		minsi		赵忠	314068
SKILL	sp2		minsi2		赵忠	314136
SKILL	sp2		jijing		赵忠	314169
SKILL	sp2		cixiao		赵忠	314236
SKILL	sp2		panshi		赵忠	314312
SKILL	sp2		panshi_damage		赵忠	314389
SKILL	sp2		xianshuai		赵忠	314415
SKILL	sp2		decadexushen		赵忠	314432
SKILL	sp2		decadexushen2		赵忠	314451
SKILL	sp2		decadezhennan		赵忠	314491
SKILL	sp2		yujue		赵忠	314519
SKILL	sp2		zhihu		赵忠	314638
SKILL	sp2		tuxing		赵忠	314649
SKILL	sp2		gongjian		赵忠	314678
SKILL	sp2		kuimang		赵忠	314740
SKILL	sp2		rexiemu		赵忠	314751
SKILL	sp2		rexiemu2		赵忠	314779
SKILL	sp2		rexiemu3		赵忠	314795
SKILL	sp2		heli		赵忠	314812
SKILL	sp2		moying		赵忠	314858
SKILL	sp2		juanhui		moying2: {},	314922
SKILL	sp2		juanhui2		moying2: {},	314943
SKILL	sp2		juanhui3		moying2: {},	315068
SKILL	sp2		mubing		moying2: {},	315108
SKILL	sp2		ziqu		if(card.name!='tengjia'&&get.position(card)=='e'&&get.equipValue(card,player)<=0) return 14;	315242
SKILL	sp2		mubing_rewrite		if(card.name!='tengjia'&&get.position(card)=='e'&&get.equipValue(card,player)<=0) return 14;	315297
SKILL	sp2		diaoling		if(card.name!='tengjia'&&get.position(card)=='e'&&get.equipValue(card,player)<=0) return 14;	315306
SKILL	sp2		xiying		官渡之战	315337
SKILL	sp2		xiying2		官渡之战	315419
SKILL	sp2		gangzhi		官渡之战	315434
SKILL	sp2		beizhan		官渡之战	315487
SKILL	sp2		beizhan2		官渡之战	315520
SKILL	sp2		fenglve		官渡之战	315534
SKILL	sp2		fenglve2		官渡之战	315618
SKILL	sp2		mouzhi		官渡之战	315650
SKILL	sp2		mouzhi2		官渡之战	315730
SKILL	sp2		yuanlve		官渡之战	315756
SKILL	sp2		spshicai		吕旷吕翔和淳于琼和官渡哔哔机	315837
SKILL	sp2		spshicai_mark		吕旷吕翔和淳于琼和官渡哔哔机	315877
SKILL	sp2		spshicai2		吕旷吕翔和淳于琼和官渡哔哔机	315886
SKILL	sp2		spfushi		吕旷吕翔和淳于琼和官渡哔哔机	315901
SKILL	sp2		zezhu		吕旷吕翔和淳于琼和官渡哔哔机	315906
SKILL	sp2		chenggong		吕旷吕翔和淳于琼和官渡哔哔机	315973
SKILL	sp2		cangchu		吕旷吕翔和淳于琼和官渡哔哔机	315999
SKILL	sp2		sushou		吕旷吕翔和淳于琼和官渡哔哔机	316048
SKILL	sp2		liangying		吕旷吕翔和淳于琼和官渡哔哔机	316115
SKILL	sp2		liehou		吕旷吕翔和淳于琼和官渡哔哔机	316152
SKILL	sp2		qigong		吕旷吕翔和淳于琼和官渡哔哔机	316232
SKILL	sp2		spjiedao		和沙摩柯一起上线的新服三将	316290
SKILL	sp2		biaozhao		和沙摩柯一起上线的新服三将	316352
SKILL	sp2		biaozhao2		和沙摩柯一起上线的新服三将	316396
SKILL	sp2		biaozhao3		和沙摩柯一起上线的新服三将	316439
SKILL	sp2		yechou		和沙摩柯一起上线的新服三将	316484
SKILL	sp2		yechou2		和沙摩柯一起上线的新服三将	316519
SKILL	sp2		yanjiao		和沙摩柯一起上线的新服三将	316534
SKILL	sp2		yanjiao2		和沙摩柯一起上线的新服三将	316667
SKILL	sp2		xingshen		和沙摩柯一起上线的新服三将	316679
SKILL	sp2		pingjian		和沙摩柯一起上线的新服三将	316700
SKILL	sp2		pingjian_use		if(name) lib.skill.rehuashen.createAudio(name,result.control,'xushao');	316833
SKILL	sp2		pingjian_check		if(name) lib.skill.rehuashen.createAudio(name,result.control,'xushao');	316970
SKILL	sp2		pingjian_check2		if(name) lib.skill.rehuashen.createAudio(name,result.control,'xushao');	317002
SKILL	sp2		songshu		伊籍在标包 不会移动	317042
SKILL	sp2		sibian		伊籍在标包 不会移动	317105
SKILL	sp2		lslixun		伊籍在标包 不会移动	317155
SKILL	sp2		lslixun_fate		伊籍在标包 不会移动	317170
SKILL	sp2		lskuizhu		伊籍在标包 不会移动	317213
SKILL	sp2		xpchijie		伊籍在标包 不会移动	317299
SKILL	sp2		xpchijie2		伊籍在标包 不会移动	317330
SKILL	sp2		yinju		伊籍在标包 不会移动	317353
SKILL	sp2		yinju2		伊籍在标包 不会移动	317384
SKILL	sp2		rewenji		伊籍在标包 不会移动	317441
SKILL	sp2		spwenji		伊籍在标包 不会移动	317501
SKILL	sp2		sptunjiang		伊籍在标包 不会移动	317561
SKILL	sp2		bingzhao		伊籍在标包 不会移动	317583
SKILL	sp2		baijia		伊籍在标包 不会移动	317628
SKILL	sp2		bmcanshi		伊籍在标包 不会移动	317655
SKILL	sp2		guju		伊籍在标包 不会移动	317730
SKILL	sp2		zongkui		伊籍在标包 不会移动	317758
SKILL	sp2		xinfu_langxi		伊籍在标包 不会移动	317823
SKILL	sp2		xinfu_yisuan		伊籍在标包 不会移动	317862
SKILL	sp2		xinfu_xingluan		伊籍在标包 不会移动	317886
SKILL	sp2		xinfu_lveming		伊籍在标包 不会移动	317911
SKILL	sp2		xinfu_tunjun		伊籍在标包 不会移动	317982
SKILL	sp2		xinfu_tanbei		伊籍在标包 不会移动	318043
SKILL	sp2		tanbei_effect3		伊籍在标包 不会移动	318082
SKILL	sp2		xinfu_sidao		伊籍在标包 不会移动	318102
SKILL	sp2		xinfu_sidaox		伊籍在标包 不会移动	318149
SKILL	sp2		tanbei_effect1		伊籍在标包 不会移动	318171
SKILL	sp2		tanbei_effect2		伊籍在标包 不会移动	318174
SKILL	sp2		xinfu_tunan		伊籍在标包 不会移动	318177
SKILL	sp2		xinfu_bijing		伊籍在标包 不会移动	318230
SKILL	sp2		xinfu_zhenxing		伊籍在标包 不会移动	318303
SKILL	sp2		xinfu_qianxin		伊籍在标包 不会移动	318345
SKILL	sp2		xinfu_qianxin2		伊籍在标包 不会移动	318412
SKILL	sp2		xinfu_fuhai		伊籍在标包 不会移动	318486
SKILL	sp2		xz_xunxun		伊籍在标包 不会移动	318595
SKILL	sp2		xinfu_xingzhao		priority:10,	318639
SKILL	sp2		xinfu_xingzhao2		priority:10,	318689
SKILL	sp2		xinfu_xingzhao3		priority:10,	318705
SKILL	sp2		xinfu_dianhu		priority:10,	318720
SKILL	sp2		xinfu_dianhu2		priority:10,	318787
SKILL	sp2		xinfu_jianji		priority:10,	318817
SKILL	sp2		xinfu_lianpian		priority:10,	318844
SKILL	sp2		fengshi		糜芳傅士仁	318925
SKILL	sp2		dcmffengshi		糜芳傅士仁	319037
SKILL	sp2		mffengshi		糜芳傅士仁	319079
SKILL	standard		stdqingjiao		主公吕布	319159
SKILL	standard		stdxiaoguo		标准版乐进	319174
SKILL	standard		stdshushen		标准版甘夫人	319245
SKILL	standard		stdkuangfu		标准版甘夫人	319268
SKILL	standard		rewangzun		标准版甘夫人	319295
SKILL	standard		rewangzun2		标准版甘夫人	319332
SKILL	standard		retongji		标准版甘夫人	319341
SKILL	standard		hujia		标准版甘夫人	319399
SKILL	standard		jianxiong		标准版甘夫人	319484
SKILL	standard		fankui		标准版甘夫人	319513
SKILL	standard		guicai		标准版甘夫人	319544
SKILL	standard		ganglie		技能的logSkill跟着打出牌走 不进行logSkill	319626
SKILL	standard		ganglie_three		if(get.tag(card,'damage')&&get.damageEffect(target,player,player)>0) return [1,0,0,-1.5];	319695
SKILL	standard		tuxi		if(get.tag(card,'damage')&&get.damageEffect(target,player,player)>0) return [1,0,0,-1.5];	319760
SKILL	standard		luoyi		if(get.tag(card,'damage')&&get.damageEffect(target,player,player)>0) return [1,0,0,-1.5];	319802
SKILL	standard		luoyi2		if(get.tag(card,'damage')&&get.damageEffect(target,player,player)>0) return [1,0,0,-1.5];	319823
SKILL	standard		tiandu		if(get.tag(card,'damage')&&get.damageEffect(target,player,player)>0) return [1,0,0,-1.5];	319838
SKILL	standard		yiji		if(get.mode()=='guozhan') return false;	319860
SKILL	standard		luoshen		if(get.mode()=='guozhan') return false;	319992
SKILL	standard		qingguo		if(get.mode()=='guozhan') return false;	320051
SKILL	standard		rende		if(get.mode()=='guozhan') return false;	320114
SKILL	standard		rende1		let num = 0;	320225
SKILL	standard		jijiang		let num = 0;	320233
SKILL	standard		jijiang1		let num = 0;	320265
SKILL	standard		jijiang3		let num = 0;	320335
SKILL	standard		wusheng		let num = 0;	320347
SKILL	standard		zhongyi		let num = 0;	320400
SKILL	standard		zhongyi2		let num = 0;	320424
SKILL	standard		paoxiao		let num = 0;	320444
SKILL	standard		guanxing		let num = 0;	320482
SKILL	standard		kongcheng		let num = 0;	320500
SKILL	standard		kongcheng1		let num = 0;	320524
SKILL	standard		longdan		let num = 0;	320544
SKILL	standard		mashu		let num = 0;	320642
SKILL	standard		feiying		let num = 0;	320649
SKILL	standard		tieji		let num = 0;	320656
SKILL	standard		jizhi		let num = 0;	320700
SKILL	standard		qicai		let num = 0;	320720
SKILL	standard		zhiheng		let num = 0;	320729
SKILL	standard		jiuyuan		let num = 0;	320775
SKILL	standard		qixi		let num = 0;	320796
SKILL	standard		keji		let num = 0;	320816
SKILL	standard		kurou		let num = 0;	320839
SKILL	standard		yingzi		let num = 0;	320869
SKILL	standard		fanjian		let num = 0;	320884
SKILL	standard		guose		let num = 0;	320952
SKILL	standard		liuli		let num = 0;	320971
SKILL	standard		qianxun		let num = 0;	321069
SKILL	standard		lianying		let num = 0;	321079
SKILL	standard		xiaoji		let num = 0;	321120
SKILL	standard		jieyin		let num = 0;	321150
SKILL	standard		qingnang		let num = 0;	321202
SKILL	standard		jijiu		let num = 0;	321235
SKILL	standard		wushuang		let num = 0;	321277
SKILL	standard		wushuang1		let num = 0;	321286
SKILL	standard		wushuang2		priority:-1,	321324
SKILL	standard		zhanshen		priority:-1,	321367
SKILL	standard		shenji		priority:-1,	321388
SKILL	standard		lijian		priority:-1,	321406
SKILL	standard		biyue		priority:-1,	321461
SKILL	standard		yaowu		priority:-1,	321470
SKILL	standard		new_jiangchi		priority:-1,	321494
SKILL	standard		new_jiangchi3		priority:-1,	321550
SKILL	standard		xinfu_jijie		priority:-1,	321574
SKILL	standard		xinfu_jiyuan		priority:-1,	321623
SKILL	sxrm		sxrmjiehuo		魔周瑜	321674
SKILL	sxrm		sxrmxianger		魔周瑜	321714
SKILL	sxrm		sxrmmieguo		魔周瑜	321844
SKILL	sxrm		sxrmjiaozong		嗔孙尚香	321956
SKILL	sxrm		sxrmfusui		嗔孙尚香	322014
SKILL	sxrm		sxrmbiyi		单独处理因【妇随】失去的技能init，（不失去【比翼】情况再次【妇随】，如【中流】刷新，是不会二次触发init的，详见player.addSkill）	322095
SKILL	sxrm		sxrmxiezhong		嗔张昭	322154
SKILL	sxrm		sxrmqishi		嗔张昭	322348
SKILL	sxrm		sxrmwanli		嗔鲁肃	322428
SKILL	sxrm		sxrmlishui		嗔鲁肃	322564
SKILL	sxrm		sxrmlanjiao		嗔曹操	322621
SKILL	sxrm		sxrmbingqu		嗔诸葛亮	322710
SKILL	sxrm		sxrmfanxin		嗔诸葛亮	322856
SKILL	sxrm		sxrmfubei		嗔贾华	322931
SKILL	sxrm		sxrmdancui		移除节点，移除标记和清除记录	323165
SKILL	sxrm		sxrmzhaduo		嗔赵云	323245
SKILL	sxrm		sxrmyangbei		嗔曹仁	323313
SKILL	sxrm		sxrmyinfeng		嗔曹仁	323386
SKILL	sxrm		sxrmhanguo		关羽	323484
SKILL	sxrm		sxrmweiwo		关羽	323693
SKILL	sxrm		old_wushen		关羽	323936
SKILL	sxrm		sxrmyinmou		关银屏	323979
SKILL	sxrm		sxrmquchi		关银屏	324053
SKILL	sxrm		sxrmsuwu		于禁	324079
SKILL	sxrm		sxrmrenwang		于禁	324188
SKILL	sxrm		sxrmhuoe		糜芳	324215
SKILL	sxrm		sxrmtanduo		糜芳	324315
SKILL	sxrm		sxrmhuaibing		寇封	324331
SKILL	sxrm		sxrmchanyu		陆逊	324471
SKILL	sxrm		sxrmcongfeng		陆逊	324571
SKILL	sxrm		sxrmkongzhi		吕蒙	324616
SKILL	sxrm		sxrmbizha		吕蒙	324660
SKILL	sxrm		sxrmnuozhan		庞德	324721
SKILL	sxrm		sxrmhaibian		颜良文丑	324824
SKILL	sxrm		sxrmqiewang		颜良文丑	324874
SKILL	sxrm		sxrmkuxin		曹操	324903
SKILL	sxrm		sxrmsigu		队友有增益的可以给	325182
SKILL	sxrm		sxrmchengbian		刘备	325259
SKILL	sxrm		sxrmzongheng		蒋干	325346
SKILL	sxrm		sxrmduibian		蒋干	325463
SKILL	sxrm		sxrmmiehai		华佗	325510
SKILL	sxrm		sxrmqingjun		华佗	325580
SKILL	sxrm		sxrmshefu		华佗	325671
SKILL	sxrm		sxrmmitu		伏寿	325784
SKILL	sxrm		sxrmqianliu		伏寿	325904
SKILL	sxrm		sxrmhuice		荀彧	326056
SKILL	sxrm		sxrmyihe		荀彧	326114
SKILL	sxrm		sxrmjizhi		荀彧	326163
SKILL	sxrm		sxrmzhengsi		曹丕	326196
SKILL	sxrm		sxrmchengming		曹丕	326268
SKILL	sxrm		sxrmjugu		王垕	326326
SKILL	tw		twjianying		沮授	326482
SKILL	tw		twanshu		幻法正	326640
SKILL	tw		twtongce		幻法正	326753
SKILL	tw		twyishi		幻法正	326786
SKILL	tw		twshuyin		幻小乔	326850
SKILL	tw		twfangyan		player.addMark(event.name + "_effect", 1, false);	326956
SKILL	tw		twshuyong		鲍三娘	326999
SKILL	tw		twxushen		鲍三娘	327028
SKILL	tw		twzhennan		鲍三娘	327215
SKILL	tw		twsbmingren		谋卢植	327242
SKILL	tw		twsbzhenliang		谋卢植	327247
SKILL	tw		twliwu		幻孙策	327298
SKILL	tw		twsaoting		幻孙策	327345
SKILL	tw		twjianyan		幻孙策	327405
SKILL	tw		twhuju		幻孙策	327496
SKILL	tw		twsuzhen		幻孙策	327527
SKILL	tw		twdangjiang		幻孙策	327570
SKILL	tw		twjizhi		幻孙策	327698
SKILL	tw		twpotgongmou		势桓阶	327757
SKILL	tw		twjieyuan		灵雎	327797
SKILL	tw		twfenxin		灵雎	327851
SKILL	tw		twfucheng		灵雎	327959
SKILL	tw		twsbganglie		tw谋夏侯惇	327975
SKILL	tw		twsbqingjian		tw谋夏侯惇	328020
SKILL	tw		twwushen		tw神关羽	328172
SKILL	tw		twwuhun		tw神关羽	328250
SKILL	tw		twshelie		海外神吕蒙	328386
SKILL	tw		twgongxin		什么精策技能啊喂！	328453
SKILL	tw		twgongxin2		什么精策技能啊喂！	328521
SKILL	tw		twgongxin3		什么精策技能啊喂！	328534
SKILL	tw		twtaoluan		海外皇甫嵩	328550
SKILL	tw		twshiji		海外皇甫嵩	328606
SKILL	tw		twzhengjun		海外皇甫嵩	328708
SKILL	tw		twshelun		外服起王允	328759
SKILL	tw		twfayi		外服起王允	328825
SKILL	tw		twjishan		外服起刘备	328868
SKILL	tw		twzhuhuan		外服起何进	328941
SKILL	tw		twzhenglve		外服起曹操	328993
SKILL	tw		twzhenglve2		外服起曹操	329038
SKILL	tw		twzhenglve3		外服起曹操	329064
SKILL	tw		twzhenglve4		外服起曹操	329067
SKILL	tw		twguanhuo		外服起皇甫嵩	329083
SKILL	tw		twjuxia		外服起皇甫嵩	329175
SKILL	tw		twjiwei		TW甄姬	329230
SKILL	tw		twanguo		TW朱治	329258
SKILL	tw		twhuantu		TW阎圃	329569
SKILL	tw		twbihuo		TW阎圃	329647
SKILL	tw		twmingce		谋陈宫	329683
SKILL	tw		twfushu		幻曹冲	329802
SKILL	tw		twxiumu		幻曹冲	329901
SKILL	tw		twhuiyu		TW张允	329984
SKILL	tw		twbeixing		出现放权回合可能会重复指定，干脆直接覆盖掉原来的	330059
SKILL	tw		twhanhong		幻曹植	330106
SKILL	tw		twhuazhang		幻曹植	330200
SKILL	tw		twqianxiong		幻曹丕	330262
SKILL	tw		twzhengshi		ai待完善	330393
SKILL	tw		twjunsi		ai待完善	330497
SKILL	tw		twmiewei		幻典韦	330567
SKILL	tw		twmiyong		幻典韦	330620
SKILL	tw		twjinglve		TW司马师	330737
SKILL	tw		twjinglve2		TW司马师	330772
SKILL	tw		twjinglve3		TW司马师	330802
SKILL	tw		twsbxingshang		外服谋曹丕	330834
SKILL	tw		twsbfangzhu		外服谋曹丕	330997
SKILL	tw		twyuanbu		外服谋曹丕	331246
SKILL	tw		twsbsongwei		外服谋曹丕	331278
SKILL	tw		twxingshang		想你了，牢丕😭	331318
SKILL	tw		twfangzhu		想你了，牢丕😭	331564
SKILL	tw		twsongwei		想你了，牢丕😭	331874
SKILL	tw		twkanpo		外服谋诸葛亮	331922
SKILL	tw		twshiyi		幻丁尚涴	332160
SKILL	tw		twchunhui		幻丁尚涴	332223
SKILL	tw		twfenxian		幻黄盖	332253
SKILL	tw		twjuyan		幻黄盖	332330
SKILL	tw		twchihui		幻曹昂	332343
SKILL	tw		twfuxi		幻曹昂	332466
SKILL	tw		twhuangzhu		["phase", "当前回合结束后执行一个额外的回合"],	332566
SKILL	tw		twliyuan		["phase", "当前回合结束后执行一个额外的回合"],	332753
SKILL	tw		twjifa		["phase", "当前回合结束后执行一个额外的回合"],	332809
SKILL	tw		twchenxun		幻刘封	332831
SKILL	tw		twzenhui		TW孙鲁班	332912
SKILL	tw		twfuman		TW马忠	332983
SKILL	tw		twfuman2		TW马忠	333048
SKILL	tw		twdanji		魏关羽	333064
SKILL	tw		twxingbu		谯周	333114
SKILL	tw		twlifeng		幻陆逊	333241
SKILL	tw		old_twlifeng		幻陆逊	333283
SKILL	tw		twniwo		幻陆逊	333391
SKILL	tw		twguihan		幻刘禅	333488
SKILL	tw		twrenxian		幻刘禅	333555
SKILL	tw		twyanzuo		幻刘禅	333640
SKILL	tw		twciyin		李赵	333659
SKILL	tw		twchenglong		李赵	333764
SKILL	tw		twbeiding		幻诸葛亮	333868
SKILL	tw		twjielv		幻诸葛亮	334025
SKILL	tw		twhunyou		幻诸葛亮	334079
SKILL	tw		twhuanji		幻诸葛亮	334140
SKILL	tw		twchanggui		幻诸葛亮	334215
SKILL	tw		twqinghan		幻姜维	334233
SKILL	tw		twzhihuan		player.tempBanSkill(event.name);	334355
SKILL	tw		rexianyuan		幻诸葛果	334501
SKILL	tw		twxianyuan		幻诸葛果	334604
SKILL	tw		twlingyin		幻诸葛果	334729
SKILL	tw		twkuiduan		幻张郃	334754
SKILL	tw		twjiezhan		幻赵云	334883
SKILL	tw		twlongjin		幻赵云	334916
SKILL	tw		twguose		幻大乔	334966
SKILL	tw		twliuli		如果不是自己就随机选，否则若变化角色为队友就优先红	335118
SKILL	tw		twzongquan		幻司马懿	335158
SKILL	tw		twguimou		幻司马懿	335235
SKILL	tw		twqiji		幻魏延	335337
SKILL	tw		twpiankuang		幻魏延	335436
SKILL	tw		twshouzhu		诸葛均	335472
SKILL	tw		beOfOneHeart		诸葛均	335560
SKILL	tw		twdaigui		诸葛均	335623
SKILL	tw		twcairu		诸葛均	335721
SKILL	tw		xunde		司马孚	335813
SKILL	tw		chenjie		司马孚	335843
SKILL	tw		twduwang		颜良文丑，但是颜良+文丑	335923
SKILL	tw		twylyanshi		颜良文丑，但是颜良+文丑	336161
SKILL	tw		twjuexing		颜良文丑，但是颜良+文丑	336274
SKILL	tw		twxiayong		颜良文丑，但是颜良+文丑	336416
SKILL	tw		twqiaosi		袁谭	336450
SKILL	tw		twbaizu		袁谭	336524
SKILL	tw		twhuajing		玉真子	336607
SKILL	tw		twtianshou		玉真子	336878
SKILL	tw		twdengjian		史阿	336948
SKILL	tw		twxinshou		direct:true,	337039
SKILL	tw		twjieqiu		石韬	337200
SKILL	tw		twenchou		石韬	337311
SKILL	tw		twzhongyi		侠关羽	337355
SKILL	tw		twchue		const num=player.getHistory('sourceDamage',evt=>evt.card&&evt.card==trigger.card).reduce((sum,evt)=>sum+evt.num,0);	337416
SKILL	tw		twdanlie		夏侯惇	337529
SKILL	tw		twhuzhong		张葳	337611
SKILL	tw		twfenwang		张葳	337731
SKILL	tw		twchengxi		差点和夏侯紫萼搞混	337766
SKILL	tw		twshenyi		侠刘备	337908
SKILL	tw		twxinghan		if(cards.length) player.loseToDiscardpile(cards);	338038
SKILL	tw		twquanqian		张纮	338230
SKILL	tw		twrouke		张纮	338340
SKILL	tw		old_twquanqian		张纮	338381
SKILL	tw		old_twrouke		张纮	338525
SKILL	tw		twlijian		张昭	338544
SKILL	tw		twchungang		张昭	338704
SKILL	tw		old_twchungang		张昭	338786
SKILL	tw		twshijun		张鲁	338861
SKILL	tw		twjuxiang		张绣	338908
SKILL	tw		twpolu		孙坚	338956
SKILL	tw		twqiushou		孟获	338994
SKILL	tw		twzhuiting		刘协	339029
SKILL	tw		twniju		刘繇	339089
SKILL	tw		twchongwang		刘虞	339231
SKILL	tw		twhuiyuan		公孙范	339331
SKILL	tw		twshoushou		公孙范	339398
SKILL	tw		twzhiqu		严纲	339473
SKILL	tw		twxianfeng		严纲	339535
SKILL	tw		twxuechang		夏侯紫萼	339696
SKILL	tw		twduoren		夏侯紫萼	339792
SKILL	tw		twyanshi		赵娥	339897
SKILL	tw		twrenchou		赵娥	340057
SKILL	tw		twliexi		侠典韦	340139
SKILL	tw		twshezhong		换一张武器牌的收益	340286
SKILL	tw		twkaizeng		侠鲁肃	340357
SKILL	tw		twyangming		侠鲁肃	340510
SKILL	tw		twbingde		邴原	340543
SKILL	tw		twqingtao		邴原	340655
SKILL	tw		twjuntun		牛董	340687
SKILL	tw		baonvezhi		牛董	340740
SKILL	tw		twxiongjun		牛董	340781
SKILL	tw		twxiongxi		牛董	340795
SKILL	tw		twxiafeng		牛董	340838
SKILL	tw		twjichou		蒋济	340933
SKILL	tw		twjilun		蒋济	341184
SKILL	tw		twkunsi		蹇硕	341251
SKILL	tw		twlinglu		蹇硕	341319
SKILL	tw		twxiongzheng		马腾	341437
SKILL	tw		twluannian		马腾	341606
SKILL	tw		twmutao		鲍信	341706
SKILL	tw		twyimou		鲍信	341762
SKILL	tw		twzhuidu		刘夫人	341857
SKILL	tw		twshigong		刘夫人	341958
SKILL	tw		twmibei		王凌	342009
SKILL	tw		twxingqi		王凌	342082
SKILL	tw		twmouli		王凌	342129
SKILL	tw		twqirang		诸葛果	342273
SKILL	tw		twyuhua		诸葛果	342399
SKILL	tw		twxingluan		樊稠	342455
SKILL	tw		twboming		许靖	342722
SKILL	tw		twejian		许靖	342793
SKILL	tw		twxuhe		张飞	342970
SKILL	tw		twjiexun		薛综	343043
SKILL	tw		twxingzhui		张宁	343164
SKILL	tw		twjuchen		张宁	343277
SKILL	tw		twjiekuang		于夫罗	343325
SKILL	tw		twneirao		于夫罗	343423
SKILL	tw		twluanlve		于夫罗	343457
SKILL	tw		twqingkou		冯习	343542
SKILL	tw		twdingzhen		张既	343600
SKILL	tw		twyouye		张既	343685
SKILL	tw		twweipo		荀谌	343839
SKILL	tw		twmouzhi		荀谌	343901
SKILL	tw		twshangyi		蒋钦	343966
SKILL	tw		twxiangyu		蒋钦	344061
SKILL	tw		twgyshenxing		顾雍	344150
SKILL	tw		twbingyi		顾雍	344194
SKILL	tw		twyilie		陈武董袭	344278
SKILL	tw		twfenming		陈武董袭	344343
SKILL	tw		twgongji		韩当	344419
SKILL	tw		twgongji2		韩当	344515
SKILL	tw		twjiefan		韩当	344554
SKILL	tw		twjiefan2		韩当	344619
SKILL	tw		twshuangren		纪灵	344636
SKILL	tw		twxuanhuo		法正	344766
SKILL	tw		twenyuan		法正	344897
SKILL	tw		twenyuan1		法正	344901
SKILL	tw		twenyuan2		法正	344959
SKILL	tw		twqianxi		马岱	344991
SKILL	tw		twqianxi2		马岱	345078
SKILL	tw		twqianxi3		马岱	345096
SKILL	tw		twcuorui		牛金	345114
SKILL	tw		twliewei		牛金	345172
SKILL	tw		twzhengrong		母兵脸	345198
SKILL	tw		twhongju		母兵脸	345277
SKILL	tw		twqingce		母兵脸	345343
SKILL	tw		twsaotao		母兵脸	345403
SKILL	tw		twxingwu		大小乔	345416
SKILL	tw		twpingting		大小乔	345510
SKILL	tw		twxuewei		傅肜	345568
SKILL	tw		twliechi		傅肜	345649
SKILL	tw		twmingren		卢植	345721
SKILL	tw		twzhenliang		卢植	345813
SKILL	tw		twfenwu		张南	345902
SKILL	tw		twfupan		呼厨泉	345970
SKILL	tw		twyaohu		刘璋	346064
SKILL	tw		twjiaohua		李遗	346245
SKILL	tw		twkujian		阎象	346327
SKILL	tw		twruilian		阎象	346562
SKILL	tw		twruilian2		阎象	346601
SKILL	tw		twfujian		夏侯恩	346675
SKILL	tw		twjianwei		夏侯恩	346728
SKILL	tw		twtanfeng		夏侯尚	346913
SKILL	tw		twzhibian		宗预	347067
SKILL	tw		twyuyan		宗预	347233
SKILL	tw		twguoyi		周处	347326
SKILL	tw		twchuhai		周处	347433
SKILL	tw		twyizhu		桥公	347524
SKILL	tw		twluanchou		桥公	347700
SKILL	tw		twgonghuan		桥公	347732
SKILL	tw		twxiawei		桥蕤	347758
SKILL	tw		wangxing		桥蕤	347894
SKILL	tw		twqiongji		桥蕤	347919
SKILL	tw		twwanwei		卞夫人	347959
SKILL	tw		twyuejian		卞夫人	348011
SKILL	tw		twmuyue		陈震	348143
SKILL	tw		twchayi		陈震	348237
SKILL	tw		twshengxi		费祎	348324
SKILL	tw		twkuanji		费祎	348380
SKILL	tw		twyulong		王越	348445
SKILL	tw		twjianming		王越	348511
SKILL	tw		twzhenhu		李彦	348566
SKILL	tw		twlvren		李彦	348655
SKILL	tw		twchaofeng		童渊	348753
SKILL	tw		twchuanshu		return false;	348986
SKILL	tw		twjiange		徐庶	349177
SKILL	tw		twxiawang		徐庶	349240
SKILL	tw		twgongge		好萌	349310
SKILL	tw		twsuizheng		魏续	349627
SKILL	tw		twtuidao		魏续	349703
SKILL	tw		twqianju		曹休	349834
SKILL	tw		twqingxi		曹休	349858
SKILL	tw		twzaoli		孙翊	349912
SKILL	tw		twjimeng		邓芝	350019
SKILL	tw		twgongsun		杨仪	350068
SKILL	tw		twgongsun_shadow		杨仪	350183
SKILL	tw		twgongsun_shadow2		杨仪	350242
SKILL	tw		twzhengjian		濮阳兴	350319
SKILL	tw		twzhongchi		濮阳兴	350467
SKILL	tw		twzhenxi		田豫	350521
SKILL	tw		twyangshi		田豫	350685
SKILL	tw		zhenshan		全琮	350717
SKILL	tw		twfenghan		吴景	350882
SKILL	tw		twcongji		吴景	350903
SKILL	tw		twdianyi		王粲	350978
SKILL	tw		twyingji		王粲	350999
SKILL	tw		twyingji_wuxie		王粲	351099
SKILL	tw		twshanghe		王粲	351120
SKILL	tw		twkaiji		王昶	351166
SKILL	tw		twshepan		王昶	351195
SKILL	tw		twfuzuan		曹肇	351267
SKILL	tw		twchongqi		曹肇	351356
SKILL	tw		twfeifu		game.log(player,'令所有其他角色获得了技能','#g【非服】')	351398
SKILL	tw		twjingce		Powered by @污言噫对	351439
SKILL	tw		yuzhang		Powered by @污言噫对	351472
SKILL	tw		twlihuo		Powered by @污言噫对	351572
SKILL	tw		twlihuo2		Powered by @污言噫对	351599
SKILL	tw		twlihuo3		Powered by @污言噫对	351637
SKILL	tw		twchunlao		Powered by @污言噫对	351655
SKILL	tw		twfengji		张曼成	351789
SKILL	tw		twyiju		该图标为灵魂宝石	351912
SKILL	tw		twbudao		该图标为灵魂宝石	351944
SKILL	tw		twzhouhu		该图标为灵魂宝石	352044
SKILL	tw		twharvestinori		该图标为灵魂宝石	352126
SKILL	tw		twzuhuo		该图标为灵魂宝石	352205
SKILL	tw		twzhouzu		该图标为灵魂宝石	352309
SKILL	tw		twhuangjin		该图标为灵魂宝石	352393
SKILL	tw		twguimen		该图标为灵魂宝石	352426
SKILL	tw		twdidao		该图标为灵魂宝石	352496
SKILL	tw		twlingfa		群曹操	352559
SKILL	tw		twlingfa_sha		群曹操	352594
SKILL	tw		twlingfa_tao		群曹操	352625
SKILL	tw		twzhian		群曹操	352658
SKILL	tw		twyujue		群曹操	352807
SKILL	tw		twyujue_give		群曹操	352977
SKILL	tw		twgezhi		群曹操	353094
SKILL	tw		twfengqi		群曹操	353232
SKILL	tw		twsidai		for(var i of skills) target.addSkillLog(i);	353274
SKILL	tw		twjieyu		for(var i of skills) target.addSkillLog(i);	353414
SKILL	tw		twhanyu		for(var i of skills) target.addSkillLog(i);	353480
SKILL	tw		twhengjiang		for(var i of skills) target.addSkillLog(i);	353506
SKILL	tw		twhengjiang2		for(var i of skills) target.addSkillLog(i);	353549
SKILL	tw		twyuanhu		for(var i of skills) target.addSkillLog(i);	353587
SKILL	tw		twjuezhu		for(var i of skills) target.addSkillLog(i);	353755
SKILL	tw		twfengpo		for(var i of skills) target.addSkillLog(i);	353849
SKILL	tw		twmouzhu		for(var i of skills) target.addSkillLog(i);	353893
SKILL	tw		twyanhuo		for(var i of skills) target.addSkillLog(i);	354008
SKILL	tw		twshenxing		for(var i of skills) target.addSkillLog(i);	354061
SKILL	tw		twdaoji		for(var i of skills) target.addSkillLog(i);	354089
SKILL	tw		xinzhenjun		for(var i of skills) target.addSkillLog(i);	354138
SKILL	tw		twmoukui		for(var i of skills) target.addSkillLog(i);	354238
SKILL	tw		twfuhan		TW赵襄	354316
SKILL	tw		twqueshi		TW赵襄	354389
SKILL	tw		meiyingqiang		TW赵襄	354413
SKILL	tw		cuijin		TW赵襄	354460
SKILL	tw		jintao		TW赵襄	354569
SKILL	tw		equan		TW赵襄	354619
SKILL	tw		manji		TW赵襄	354675
SKILL	tw		beini		TW赵襄	354695
SKILL	tw		dingfa		TW赵襄	354771
SKILL	tw		dz_mantianguohai		TW赵襄	354801
SKILL	tw		twmiaolve		TW赵襄	354815
SKILL	tw		twyingjia		TW赵襄	354893
SKILL	tw		gx_lingbaoxianhu		tw葛玄	355046
SKILL	tw		gx_taijifuchen		tw葛玄	355064
SKILL	tw		gx_chongyingshenfu		tw葛玄	355104
SKILL	tw		twlingbao		tw葛玄	355261
SKILL	tw		twdanfa		tw葛玄	355438
SKILL	tw		twlingbao		await player.draw();	355465
SKILL	tw		twsidao		await player.draw();	355605
SKILL	tw		twrangyi		await player.draw();	355646
SKILL	tw		twrangyi2		await player.draw();	355692
SKILL	tw		twbaimei		await player.draw();	355719
SKILL	tw		twhuzhu		await player.draw();	355752
SKILL	tw		twliancai		await player.draw();	355794
SKILL	tw		twqijia		await player.draw();	355844
SKILL	tw		twzhuchen		group:'twqijia_alka',	355904
SKILL	tw		twxiaolian		group:'twqijia_alka',	355925
SKILL	tw		twtijin		group:'twqijia_alka',	355993
SKILL	tw		twyanqin		group:'twqijia_alka',	356019
SKILL	tw		twbaobian		group:'twqijia_alka',	356049
SKILL	tw		chijie		group:'twqijia_alka',	356079
SKILL	tw		waishi		group:'twqijia_alka',	356115
SKILL	tw		renshe		group:'twqijia_alka',	356175
SKILL	tw		cangjia		TW☆法正	356257
SKILL	tw		duohui		TW☆法正	356327
SKILL	tw		yueyuan		TW☆法正	356402
SKILL	tw		zhengfu		英文版特典武将凯撒	356466
SKILL	tw		twmiehai		tw疑华佗 疑？☁	356534
SKILL	tw		twchengbian		tw疑刘备 哒哒哒哒哒	356612
SKILL	tw		twkuxin		tw疑曹操 好想玩袁神 ☁袁神	356719
SKILL	tw		twsigu		tw疑曹操 好想玩袁神 ☁袁神	356907
SKILL	tw		twkuimu		tw疑曹操 好想玩袁神 ☁袁神	356990
SKILL	tw		twmitu		tw疑伏皇后 当当当当当 看精彩纷纷 ☁袁神	357075
SKILL	tw		twqianliu		tw疑伏皇后 当当当当当 看精彩纷纷 ☁袁神	357190
SKILL	xianding		dcranlv		崔芷	357358
SKILL	xianding		dcjuexun		崔芷	357469
SKILL	xianding		dccaiyun		陆文漪	357529
SKILL	xianding		dcqieyan		陆文漪	357607
SKILL	xianding		dcsbjianwei		谋程普	357671
SKILL	xianding		dcsbjuzhan		谋程普	357702
SKILL	xianding		dcxunxiang		刘盼兮	357797
SKILL	xianding		dczhiyao		刘盼兮	357860
SKILL	xianding		dcdaijia		新杀的传奇耐改王邓晚棠	358055
SKILL	xianding		dcchengchong		新杀的传奇耐改王邓晚棠	358109
SKILL	xianding		dcheqi		威马腾	358127
SKILL	xianding		dchuirui		威马腾	358186
SKILL	xianding		dcxiaoben		威马腾	358269
SKILL	xianding		dcsbjinglian		谋钟会	358397
SKILL	xianding		dcsbxieshu		谋钟会	358435
SKILL	xianding		dcsbzongzi		谋钟会	358470
SKILL	xianding		dcsbjinhuo		谋钟会	358513
SKILL	xianding		dcmingjie		李昭仪	358562
SKILL	xianding		dcxianfu		李昭仪	358694
SKILL	xianding		dcsbguanwu		谋关羽	358808
SKILL	xianding		dcsbweishi		谋关羽	358855
SKILL	xianding		dcsbjuao		谋关羽	358949
SKILL	xianding		dczisheng		武废	359143
SKILL	xianding		dcxianlve		武废	359253
SKILL	xianding		dchaoxian		武废	359347
SKILL	xianding		dcsbxieshi		谋杨奉	359383
SKILL	xianding		dcsbzhubo		谋杨奉	359470
SKILL	xianding		dcsbqijue		谋杨奉	359548
SKILL	xianding		dcshaowei		威关银屏	359577
SKILL	xianding		dcdichou		威关银屏	359639
SKILL	xianding		dcsbyouyi		谋王平	359791
SKILL	xianding		dcsbfangong		谋王平	360031
SKILL	xianding		dcsbxinzhan		谋马谡	360069
SKILL	xianding		dcsbchengce		谋马谡	360167
SKILL	xianding		dcsbjingmou		谋诸葛亮	360342
SKILL	xianding		dcsbdingnan		谋诸葛亮	360566
SKILL	xianding		dcsbguyi		谋诸葛亮	360605
SKILL	xianding		dcwushen		神关羽	360725
SKILL	xianding		dcwuhun		神关羽	360803
SKILL	xianding		dccuxi		神张辽	360928
SKILL	xianding		dcduorui		神张辽	360972
SKILL	xianding		dczhiti		神张辽	361043
SKILL	xianding		dcyinzhi		神曹丕	361082
SKILL	xianding		dckeming		onremove: true,	361272
SKILL	xianding		shifeng		王越	361607
SKILL	xianding		jiandao		王越	361667
SKILL	xianding		liren		史阿	361812
SKILL	xianding		sejianchu		史阿	361862
SKILL	xianding		jige		小黑子警觉~	361935
SKILL	xianding		dcsbshedao		谋张任	362053
SKILL	xianding		dcsbxunshi		谋张任	362173
SKILL	xianding		dcsbzhengong		谋张任	362208
SKILL	xianding		dchuangnu		张星彩	362374
SKILL	xianding		dcxiankuang		nodistance: true,	362597
SKILL	xianding		mogui		刘璿	362679
SKILL	xianding		zunjian		刘璿	362808
SKILL	xianding		rencheng		刘璿	362846
SKILL	xianding		dcxiangchen		张裕	362947
SKILL	xianding		dcmingding		await player.recover();	363076
SKILL	xianding		jiufa		神姜维	363182
SKILL	xianding		tianren		神姜维	363276
SKILL	xianding		pingxiang		神姜维	363338
SKILL	xianding		jingyu		十周年神华佗	363408
SKILL	xianding		lvxin		十周年神华佗	363446
SKILL	xianding		huandao		十周年神华佗	363584
SKILL	xianding		zhengqing		神许褚	363764
SKILL	xianding		zhuangpo		神许褚	363853
SKILL	xianding		dctuoyu		神邓艾	363981
SKILL	xianding		dcxianjin		移除样式+录像	364310
SKILL	xianding		dcqijing		这里是为了筛选掉被防止和取消的伤害事件	364408
SKILL	xianding		dccuixin		这里是为了筛选掉被防止和取消的伤害事件	364473
SKILL	xianding		yizhao		神张角	364560
SKILL	xianding		sijun		神张角	364626
SKILL	xianding		sanshou		神张角	364678
SKILL	xianding		tianjie		神张角	364718
SKILL	xianding		shencai		神张角	364751
SKILL	xianding		xunshi		神张角	365015
SKILL	xianding		shouli		神张角	365131
SKILL	xianding		hengwu		@ts-expect-error player.getNext()	365499
SKILL	xianding		dccangming		新杀神孙权	365577
SKILL	xianding		dcchouxi		新杀神孙权	365654
SKILL	xianding		dcjichao		新杀神孙权	365746
SKILL	xianding		dclinjie		神钟会	365901
SKILL	xianding		dcduzhang		神钟会	365957
SKILL	xianding		dcjianghuo		神钟会	365982
SKILL	xianding		dclishi		神钟会	366010
SKILL	xianding		luansuo		复活神将	366193
SKILL	xianding		fengliao		复活神将	366288
SKILL	xianding		kunyu		复活神将	366410
SKILL	xianding		dclieqiong		丁真神将，赤矢神将，爆头神将，吃人神将	366464
SKILL	xianding		new_dclieqiong		frequent: true,	366867
SKILL	xianding		dczhanjue		添加部位	367126
SKILL	xianding		dcquanshi		陈祗	367249
SKILL	xianding		dcczchouxi		陈祗	367293
SKILL	xianding		dcsbjutu		谋刘璋	367471
SKILL	xianding		dcsbrenshan		谋刘璋	367509
SKILL	xianding		dcsbyizhi		谋刘璋	367562
SKILL	xianding		dcjuxi		威公孙瓒	367581
SKILL	xianding		dczhuitao		威公孙瓒	367662
SKILL	xianding		dcliexiang		威刘备	367786
SKILL	xianding		dcrengou		威刘备	368047
SKILL	xianding		dcsbmingfang		谋蒋干	368166
SKILL	xianding		dcsbjibian		谋蒋干	368293
SKILL	xianding		dcsblingshu		谋淳于琼	368342
SKILL	xianding		dcsbwankang		谋淳于琼	368466
SKILL	xianding		dcsbyinmou		谋庞统	368550
SKILL	xianding		dcsbhongce		谋庞统	368696
SKILL	xianding		dcsbshibian		谋吴懿	368947
SKILL	xianding		dcsbbibu		谋吴懿	369067
SKILL	xianding		dcsbzhenjian		谋法正	369128
SKILL	xianding		dcsbxixing		谋法正	369279
SKILL	xianding		dcwangzi		侯昭宁	369376
SKILL	xianding		dcherong		侯昭宁	369471
SKILL	xianding		dcsbmoyou		新杀谋许攸	369577
SKILL	xianding		dcsbshiao		新杀谋许攸	369713
SKILL	xianding		dcsbhengye		新杀谋吕蒙	369776
SKILL	xianding		dcsbyingbo		新杀谋吕蒙	369904
SKILL	xianding		dcjianli		桓阶	369977
SKILL	xianding		dcqingzheng		桓阶	370049
SKILL	xianding		dcdulu		刘懿君	370225
SKILL	xianding		dcfuji		刘懿君	370304
SKILL	xianding		dcshouhu		凌烈	370390
SKILL	xianding		dcningzhun		凌烈	370533
SKILL	xianding		dczhijue		陶璜	370661
SKILL	xianding		dcweiwei		陶璜	370680
SKILL	xianding		dcsbzhenyu		谋朱然	370799
SKILL	xianding		dcsbjielu		save: true,	370929
SKILL	xianding		dcshuren		威孙尚香	370994
SKILL	xianding		dcsaran		威孙尚香	371096
SKILL	xianding		dckanyu		郭缇萦	371172
SKILL	xianding		dczhee		只要贪不死就往死里贪	371312
SKILL	xianding		dcgongtu		苏越	371337
SKILL	xianding		dchangzhu		苏越	371447
SKILL	xianding		dcsbqinqiang		谋徐盛	371583
SKILL	xianding		dcsbyizhen		博弈	371694
SKILL	xianding		dcfuhui		徐妏	371747
SKILL	xianding		dcmohua		花色各不相同的	371987
SKILL	xianding		dcduoyue		威曹操	372225
SKILL	xianding		dcjunhe		威曹操	372295
SKILL	xianding		dcxiongwei		威曹操	372385
SKILL	xianding		dcsbqiaodui		威曹操	372503
SKILL	xianding		dcsbtuicheng		威曹操	372559
SKILL	xianding		dcsbjuce		威曹操	372611
SKILL	xianding		dcsbkangming		威曹操	372697
SKILL	xianding		dcqingleng		董絮	372757
SKILL	xianding		dczhendu		trigger.triggeredTargets4.remove(player);	372798
SKILL	xianding		dczhongtao		威马超	372937
SKILL	xianding		dcjizhan		珪珪：刷新的部分是众讨本身的效果而不是拿牌后的buff	373067
SKILL	xianding		dcsbjunmou		谋陆逊	373295
SKILL	xianding		dcsbzhanyan		谋陆逊	373483
SKILL	xianding		dcsbzhouxi		谋邓艾	373660
SKILL	xianding		dcsbshijin		谋邓艾	373789
SKILL	xianding		x_dc_falu		mega张琪瑛X	373872
SKILL	xianding		x_dc_zhenyi		mega张琪瑛X	373932
SKILL	xianding		x_dc_dianhua		mega张琪瑛X	374208
SKILL	xianding		y_dc_falu		mega张琪瑛Y	374260
SKILL	xianding		y_dc_zhenyi		mega张琪瑛Y	374395
SKILL	xianding		y_dc_dianhua		mega张琪瑛Y	374453
SKILL	xianding		dcjuanji		任婉	374502
SKILL	xianding		dcrenshuang		任婉	374711
SKILL	xianding		old_dcjuanji		任婉	374751
SKILL	xianding		old_dcrenshuang		任婉	374843
SKILL	xianding		dcsbjuemou		谋姜维	374887
SKILL	xianding		dcsbfuzhan		谋姜维	375008
SKILL	xianding		dcsbchuanyu		谋胡烈	375033
SKILL	xianding		dcsbyitou		谋胡烈	375187
SKILL	xianding		dchuashang		崔令仪	375224
SKILL	xianding		dcyuzhi		神秘结算	375473
SKILL	xianding		dcweiti		吴质	375534
SKILL	xianding		dcyuanrong		吴质	375688
SKILL	xianding		dczsshuhe		朱铄	375808
SKILL	xianding		dcjilie		朱铄	375863
SKILL	xianding		dcdianlun		威曹丕	375915
SKILL	xianding		dcjiwei		威曹丕	376005
SKILL	xianding		dcsugang		威曹丕	376069
SKILL	xianding		dczhidui		钟毓	376284
SKILL	xianding		dcjiesi		player.removeTip(skill);	376414
SKILL	xianding		dcdujun		夏侯徽	376516
SKILL	xianding		dcjikun		frequent:true,	376606
SKILL	xianding		dcsbzhanban		谋刘协	376673
SKILL	xianding		dcsbchensheng		自己的摸弃牌收益+其他人的	376791
SKILL	xianding		dcsbtiancheng		自己的摸弃牌收益+其他人的	376801
SKILL	xianding		dcsbyingjia		谋曹洪	376839
SKILL	xianding		dcsbxianju		谋曹洪	376903
SKILL	xianding		dcsbbaojia		谋董承	376941
SKILL	xianding		dcsbdouwei		谋董承	377034
SKILL	xianding		dcsbbizuo		谋荀彧	377150
SKILL	xianding		dcsbshimou		防呆标记	377347
SKILL	xianding		dcsbxianshi		ai还有待完善	377508
SKILL	xianding		dcguangyong		威董卓	377583
SKILL	xianding		dcjuchui		威董卓	377631
SKILL	xianding		dcwuyan		曹媛	377773
SKILL	xianding		dczhanyu		曹媛	377911
SKILL	xianding		dcllqixin		二刘	377953
SKILL	xianding		dcjiusi		二刘	378005
SKILL	xianding		dclaoyan		张怀	378093
SKILL	xianding		dcjueyan		孩子们，原谅我这个梗小鬼还在玩牢大梗	378181
SKILL	xianding		dcrejueyan		孩子们，原谅我这个梗小鬼还在玩牢大梗	378304
SKILL	xianding		dcyuxian		徐馨	378434
SKILL	xianding		dcminshan		徐馨	378513
SKILL	xianding		dcbaguan		威吕布	378573
SKILL	xianding		dcxiaowu		group: "dcbaguan_mark",	378697
SKILL	xianding		dcshenduan		武陆抗	378784
SKILL	xianding		dckegou		获得牌堆X个点数不同且为极大或极小的牌各一张	378897
SKILL	xianding		dcdixian		获得牌堆X个点数不同且为极大或极小的牌各一张	378962
SKILL	xianding		old_dckegou		牢武陆抗	379058
SKILL	xianding		old_dcjiduan		牢武陆抗	379071
SKILL	xianding		old_dcdixian		牢武陆抗	379163
SKILL	xianding		twodcspzhuiji		SP马超二号	379221
SKILL	xianding		twodcspshichou		SP马超二号	379252
SKILL	xianding		onedcspzhuiji		SP马超一号	379354
SKILL	xianding		onedcspshichou		SP马超一号	379402
SKILL	xianding		dcjiedang		孙霸	379460
SKILL	xianding		dcjidi		孙霸	379561
SKILL	xianding		dcwoheng		威孙权	379585
SKILL	xianding		dcyuhui		威孙权	379740
SKILL	xianding		dczhengyue		吕据	379835
SKILL	xianding		dcwanchan		莫琼树	380025
SKILL	xianding		dcjiangzhi		莫琼树	380094
SKILL	xianding		dcyuxi		威张辽	380138
SKILL	xianding		dcporong		威张辽	380170
SKILL	xianding		dcyitong		庞凤衣	380265
SKILL	xianding		dcpeiniang		庞凤衣	380372
SKILL	xianding		dcsblieji		时代的♿otto♿	380469
SKILL	xianding		dcsbquzhou		时代的♿otto♿	380542
SKILL	xianding		dcsbyaozuo		谋陈琳	380624
SKILL	xianding		dcsbzhuanwen		谋陈琳	380752
SKILL	xianding		dcchaozhen		nnd怎么这么耐改	380832
SKILL	xianding		dclianjie		谁tm再提这个构思结算问题，我*****	380927
SKILL	xianding		dcjiangxian		${get.translation(storage).replace("13", "K").replace("12", "Q").replace("11", "J").replace("1", "A")}	381089
SKILL	xianding		dckengqiang		文鸳	381189
SKILL	xianding		dckuichi		文鸳	381272
SKILL	xianding		dcshangjue		文鸳	381303
SKILL	xianding		dckunli		文鸳	381322
SKILL	xianding		dcsbkongwu		这是俺拾嘞（谋胡车儿）	381340
SKILL	xianding		old_dcsbkongwu		这是俺拾嘞（谋胡车儿）	381477
SKILL	xianding		dcshangyi		蒋钦	381616
SKILL	xianding		dcniaoxiang		蒋钦	381654
SKILL	xianding		dcsuishi		田丰	381690
SKILL	xianding		dcchuanxin		张任	381728
SKILL	xianding		dcfengshi		张任	381798
SKILL	xianding		dcsbzuojun		谋沮授	381827
SKILL	xianding		dcsbmuwang		谋沮授	381931
SKILL	xianding		dcshizha		谋汉尼拔	382017
SKILL	xianding		dcgaojian		谋汉尼拔	382092
SKILL	xianding		old_dcshizha		谋汉尼拔	382153
SKILL	xianding		old_dcgaojian		谋汉尼拔	382198
SKILL	xianding		dcyanzuo		诸葛京	382305
SKILL	xianding		dczuyin		nature: get.nature(button.link),	382412
SKILL	xianding		dcpijian		nature: get.nature(button.link),	382446
SKILL	xianding		dcdufeng		凌操	382474
SKILL	xianding		dcjingyin		柳婒	382559
SKILL	xianding		dcchixing		柳婒	382617
SKILL	xianding		dcbizu		卞玥	382654
SKILL	xianding		dcwuxie		卞玥	382686
SKILL	xianding		dccilv		朱佩兰	382714
SKILL	xianding		dctongdao		朱佩兰	382812
SKILL	xianding		dcsbfuxi		张绣	382884
SKILL	xianding		dcsbhaoyi		张绣	382947
SKILL	xianding		dcsbwuwei		关平	383059
SKILL	xianding		dcsbfengmin		曹昂	383252
SKILL	xianding		dcsbzhiwang		intro: { content: "本局游戏已发动过#次此技能" },	383300
SKILL	xianding		dcsbkuangzhan		典韦	383470
SKILL	xianding		dcsbkangyong		典韦	383542
SKILL	xianding		dcsbtaozhou		诸葛瑾	383568
SKILL	xianding		dcsbzijin		诸葛瑾	383713
SKILL	xianding		dcsbhoude		诸葛瑾	383759
SKILL	xianding		dcsbsushen		谋贾诩	383853
SKILL	xianding		dcsbrushi		waiting for PZ157	383883
SKILL	xianding		dcsbfumou		waiting for PZ157	383920
SKILL	xianding		dcshouzhi		关樾	384076
SKILL	xianding		dcfenhui		关樾	384138
SKILL	xianding		dcxingmen		关樾	384261
SKILL	xianding		dcjuewu		武关羽	384329
SKILL	xianding		dcwuyou		武关羽	384510
SKILL	xianding		dcyixian		武关羽	384711
SKILL	xianding		dcjijie		SP甄宓	384866
SKILL	xianding		dchuiji		SP甄宓	384921
SKILL	xianding		dczhimin		曹芳	385062
SKILL	xianding		dcjujian		曹芳	385163
SKILL	xianding		dcsbquanmou		谋司马懿	385232
SKILL	xianding		dcsbpingliao		谋司马懿	385435
SKILL	xianding		dcduanxie		陈武董袭	385571
SKILL	xianding		diaodu		吕范	385577
SKILL	xianding		diancai		吕范	385638
SKILL	xianding		zhengbi		崔琰毛玠	385656
SKILL	xianding		fengying		崔琰毛玠	385738
SKILL	xianding		qiaojian		傅干	385776
SKILL	xianding		xicha		队友之间：一张	386014
SKILL	xianding		dczhantao		胡遵	386097
SKILL	xianding		dcanjing		胡遵	386163
SKILL	xianding		dcjichun		诸葛梦雪	386194
SKILL	xianding		dchanying		诸葛梦雪	386283
SKILL	xianding		dclinghui		柏灵筠	386319
SKILL	xianding		dcxiace		柏灵筠	386360
SKILL	xianding		dcyuxin		柏灵筠	386448
SKILL	xianding		dczhangji		清河公主	386473
SKILL	xianding		dczengou		清河公主	386495
SKILL	xianding		dclingxi		曹宪	386573
SKILL	xianding		dczhifou		曹宪	386719
SKILL	xianding		dcsbronghuo		无 双 万 军 取 首	386920
SKILL	xianding		dcsbyingmou		无 双 万 军 取 首	386990
SKILL	xianding		dcsbmingshi		鲁肃	387136
SKILL	xianding		dcsbmengmou		鲁肃	387190
SKILL	xianding		dc_zj_a		张臶	387422
SKILL	xianding		dc_zj_b		张臶	387488
SKILL	xianding		dcqiongying		诸葛若雪	387523
SKILL	xianding		dcnuanhui		诸葛若雪	387584
SKILL	xianding		dcmiyi		曹轶	387715
SKILL	xianding		dcyinjun		曹轶	387842
SKILL	xianding		dclima		马伶俐	387885
SKILL	xianding		dcxiaoyin		马伶俐	387902
SKILL	xianding		dchuahuo		await game.delayx();	388105
SKILL	xianding		dcxiongmu		武陆逊	388166
SKILL	xianding		dczhangcai		武陆逊	388344
SKILL	xianding		dcruxian		武陆逊	388421
SKILL	xianding		dcshangyu		新杀许靖	388449
SKILL	xianding		dccaixia		新杀许靖	388645
SKILL	xianding		dcxingwu		十周年二乔	388718
SKILL	xianding		dcluoyan		十周年二乔	388812
SKILL	xianding		retianxiang_daxiaoqiao		十周年二乔	388839
SKILL	xianding		dcposuo		田尚衣	388844
SKILL	xianding		dcxiaoren		田尚衣	388942
SKILL	xianding		dclingyue		孙翎鸾	389054
SKILL	xianding		dcpandi		孙翎鸾	389092
SKILL	xianding		dctongye		新服灭霸	389428
SKILL	xianding		dcmianyao		新服灭霸	389528
SKILL	xianding		dcchangqu		新服灭霸	389591
SKILL	xianding		dcshiji		周不疑	389774
SKILL	xianding		dcsilun		周不疑	389876
SKILL	xianding		dcjianguo		杜预	390003
SKILL	xianding		dcdyqingshi		想让杜预两个技能自我联动写起来太累了，开摆	390132
SKILL	xianding		dcchanjuan		甘糜	390195
SKILL	xianding		dcxunbie		甘糜	390264
SKILL	xianding		dcguixiu		散装版糜夫人	390347
SKILL	xianding		dccunsi		散装版糜夫人	390378
SKILL	xianding		dcyongjue		散装版糜夫人	390401
SKILL	xianding		dcshushen		散装版甘夫人	390462
SKILL	xianding		dcshenzhi		散装版甘夫人	390512
SKILL	xianding		dczhaowen		阮籍	390536
SKILL	xianding		dcjiudun		阮籍	390700
SKILL	xianding		dcjincui		武诸葛	390779
SKILL	xianding		dcqingshi		[falls through]	390956
SKILL	xianding		dczhizhe		[falls through]	391110
SKILL	xianding		dccaizhuang		段巧笑	391268
SKILL	xianding		dchuayi		段巧笑	391384
SKILL	xianding		dchuizhi		张瑾云	391461
SKILL	xianding		dcjijiao		张瑾云	391500
SKILL	xianding		dcjianzheng		桓范	391630
SKILL	xianding		dcfumou		fumo!	391692
SKILL	xianding		dcctjiuxian		陈泰	391821
SKILL	xianding		dcchenyong		陈泰	391933
SKILL	xianding		dcquanshou		孙瑜	391952
SKILL	xianding		dcshexue		孙瑜	392035
SKILL	xianding		dcdanyi		郤正	392197
SKILL	xianding		dcwencan		郤正	392245
SKILL	xianding		dcwangyuan		芮姬	392330
SKILL	xianding		dclingyin		芮姬	392377
SKILL	xianding		dcliying		芮姬	392460
SKILL	xianding		dcyuandi		谢灵毓	392508
SKILL	xianding		dcxinyou		谢灵毓	392597
SKILL	xianding		dccansi		笮融	392651
SKILL	xianding		dcfozong		笮融	392714
SKILL	xianding		dcluochong		滕芳兰	392782
SKILL	xianding		dcaichen		滕芳兰	392890
SKILL	xianding		dczhaohan		杨彪	392953
SKILL	xianding		oldjinjie		杨彪	393026
SKILL	xianding		dcjinjie		杨彪	393103
SKILL	xianding		oldjue		杨彪	393204
SKILL	xianding		dcjue		杨彪	393229
SKILL	xianding		dcjianji		杨弘	393298
SKILL	xianding		dcyuanmo		杨弘	393399
SKILL	xianding		dcxialei		薛灵芸	393533
SKILL	xianding		dcanzhi		薛灵芸	393626
SKILL	xianding		dclianji		十周年王允	393704
SKILL	xianding		dcmoucheng		要顶掉原来的武器	393818
SKILL	xianding		dcwumei		周宣	393836
SKILL	xianding		dczhanmeng		周宣	394009
SKILL	xianding		dcjingzao		程秉	394255
SKILL	xianding		dcenyu		程秉	394356
SKILL	xianding		dclianzhi		董贵人	394393
SKILL	xianding		dclingfang		董贵人	394480
SKILL	xianding		dcfengying		董贵人	394512
SKILL	xianding		dcshouze		董贵人	394658
SKILL	xianding		dcmengchi		袁姬	394682
SKILL	xianding		dcfangdu		袁姬	394774
SKILL	xianding		dcjiexing		袁姬	394859
SKILL	xianding		olddcxiangmian		朱建平	394937
SKILL	xianding		dcxiangmian		朱建平	395040
SKILL	xianding		dctianji		朱建平	395149
SKILL	xianding		dctongguan		赵直	395178
SKILL	xianding		dcmengjie		赵直	395330
SKILL	xianding		dcpoyuan		刘晔	395504
SKILL	xianding		dchuace		刘晔	395591
SKILL	xianding		pilitoushiche		刘晔	395660
SKILL	xianding		dcyaoyi		路易	395683
SKILL	xianding		dcshoutan		路易	395779
SKILL	xianding		dcfuxue		路易	395870
SKILL	xianding		dcfengyan		丁尚涴	395967
SKILL	xianding		dcfudao		丁尚涴	396087
SKILL	xianding		dchuishu		全惠解	396203
SKILL	xianding		dcyishu		全惠解	396291
SKILL	xianding		dcligong		全惠解	396486
SKILL	xianding		dcfanyin		杜夔	396655
SKILL	xianding		dcpeiqi		杜夔	396786
SKILL	xianding		dcwanglu		张奋和大风车	396808
SKILL	xianding		dcxianzhu		张奋和大风车	396838
SKILL	xianding		dcchaixie		张奋和大风车	396953
SKILL	xianding		dagongche_skill		张奋和大风车	396995
SKILL	xianding		dcgeyuan		刘徽	397086
SKILL	xianding		dcjieshu		刘徽	397289
SKILL	xianding		dcgusuan		刘徽	397319
SKILL	xianding		dckaiji		王昶	397338
SKILL	xianding		dcpingxi		王昶	397420
SKILL	xianding		dczhongjie		赵昂	397462
SKILL	xianding		dcsushou		赵昂	397481
SKILL	xianding		caiyi		蓝曹华	397608
SKILL	xianding		guili		蓝曹华	397861
SKILL	xianding		dcsuifu		刘虞	397925
SKILL	xianding		dcpijing		刘虞	397961
SKILL	xianding		dclianyou		环怀瑾	397987
SKILL	xianding		dccili		环怀瑾	398127
SKILL	xianding		dczimu		环怀瑾	398222
SKILL	xianding		dcjinggong		黄祖	398251
SKILL	xianding		dcxiaojuan		黄祖	398300
SKILL	xianding		xiaowu		来莺儿	398345
SKILL	xianding		huaping		来莺儿	398418
SKILL	xianding		shawu		来莺儿	398486
SKILL	xianding		qianlong		曹髦	398542
SKILL	xianding		fensi		maixie_hp: true,	398629
SKILL	xianding		juetao		maixie_hp: true,	398664
SKILL	xianding		zhushi		maixie_hp: true,	398743
SKILL	xianding		renzheng		骆统	398765
SKILL	xianding		jinjian		骆统	398784
SKILL	xianding		tiqi		冯妤	398906
SKILL	xianding		baoshu		冯妤	398977
SKILL	xianding		tianyun		吴范	399053
SKILL	xianding		wfyuyan		吴范	399148
SKILL	xianding		xinzhoufu		张宝	399207
SKILL	xianding		xinzhoufu2		张宝	399258
SKILL	xianding		xinyingbing		张宝	399264
SKILL	xianding		syjiqiao		孙翊	399300
SKILL	xianding		syxiongyi		孙翊	399392
SKILL	xianding		yuqi		曹金玉	399440
SKILL	xianding		shanshen		曹金玉	399533
SKILL	xianding		xianjing		曹金玉	399604
SKILL	xianding		zhukou		周夷	399706
SKILL	xianding		mengqing		周夷	399751
SKILL	xianding		yuyun		周夷	399769
SKILL	xianding		zhiren		潘淑	399995
SKILL	xianding		yaner		潘淑	400092
SKILL	xianding		youyan		杨婉	400141
SKILL	xianding		zhuihuan		(!player.storage.counttrigger||!player.storage.counttrigger.youyan)&&	400270
SKILL	xianding		zhuihuan2_new		(!player.storage.counttrigger||!player.storage.counttrigger.youyan)&&	400342
SKILL	xianding		zhuihuan2		(!player.storage.counttrigger||!player.storage.counttrigger.youyan)&&	400389
SKILL	xianding		xingzuo		阮瑀	400415
SKILL	xianding		xingzuo2		阮瑀	400494
SKILL	xianding		miaoxian		阮瑀	400549
SKILL	xianding		bazhan		樊玉凤	400656
SKILL	xianding		jiaoying		樊玉凤	400818
SKILL	xianding		jiaoying2		樊玉凤	400866
SKILL	xianding		jiaoying3		樊玉凤	400880
SKILL	xianding		jiaoying3_draw		樊玉凤	400898
SKILL	xianding		pianchong		郭照	400933
SKILL	xianding		zunwei		郭照	401039
SKILL	xianding		rezhongjian		辛宪英	401202
SKILL	xianding		recaishi		辛宪英	401321
SKILL	xianding		shiyuan		刘辩	401404
SKILL	xianding		dushi		刘辩	401453
SKILL	xianding		dushi2		刘辩	401486
SKILL	xianding		yuwei		刘辩	401495
SKILL	xianding		refenyin		新岩泽(划掉)留赞	401506
SKILL	xianding		liji		新岩泽(划掉)留赞	401598
SKILL	xianding		xinlvli		文鸯	401644
SKILL	xianding		lvli		group:'lvli3',	401676
SKILL	xianding		lvli2		group:'lvli3',	401754
SKILL	xianding		lvli3		group:'lvli3',	401792
SKILL	xianding		lvli4		group:'lvli3',	401802
SKILL	xianding		lvli5		group:'lvli3',	401837
SKILL	xianding		lvli6		group:'lvli3',	401859
SKILL	xianding		choujue		group:'lvli3',	401884
SKILL	xianding		beishui		group:'lvli3',	401910
SKILL	xianding		qingjiao		group:'lvli3',	401935
SKILL	xianding		spzhuilie		王双	401988
SKILL	xianding		spzhuilie2		王双	402051
SKILL	xianding		manyi		花鬘	402065
SKILL	xianding		mansi		花鬘	402102
SKILL	xianding		souying		花鬘	402146
SKILL	xianding		zhanyuan		花鬘	402205
SKILL	xianding		hmxili		花鬘	402241
SKILL	xianding		wlcuorui		吴兰雷铜	402269
SKILL	xianding		kuiji		吴兰雷铜	402621
SKILL	xianding		pytianjiang		蒲元	402723
SKILL	xianding		pytianjiang_move		蒲元	402769
SKILL	xianding		pyzhuren		蒲元	402837
SKILL	xianding		pyzhuren_heart		player.addSkill('pyzhuren_destroy');	402899
SKILL	xianding		pyzhuren_diamond		player.addSkill('pyzhuren_destroy');	402942
SKILL	xianding		pyzhuren_club		player.addSkill('pyzhuren_destroy');	403013
SKILL	xianding		pyzhuren_spade		player.addSkill('pyzhuren_destroy');	403097
SKILL	xianding		pyzhuren_shandian		player.addSkill('pyzhuren_destroy');	403128
SKILL	xianding		gxlianhua		管辂和葛玄	403179
SKILL	xianding		zhafu		},	403257
SKILL	xianding		tuiyan		},	403354
SKILL	xianding		busuan		},	403366
SKILL	xianding		busuan_angelbeats		},	403414
SKILL	xianding		mingjie		},	403461
SKILL	xianding		guanchong		},	403495
SKILL	xianding		chanchu		},	403581
SKILL	yijiang		olbenxi		OL51	403674
SKILL	yijiang		olbingyi		顾雍	403874
SKILL	yijiang		xinzhaofu		孙体	403950
SKILL	yijiang		xinkuangbi		孙体	404009
SKILL	yijiang		rejingce		孙体	404090
SKILL	yijiang		rejueqing		孙体	404152
SKILL	yijiang		reshangshi		孙体	404221
SKILL	yijiang		reshangshi_2nd		孙体	404253
SKILL	yijiang		oldzhenlie		孙体	404285
SKILL	yijiang		oldmiji		孙体	404316
SKILL	yijiang		oldqianxi		孙体	404382
SKILL	yijiang		old_fuhun		孙体	404417
SKILL	yijiang		shiyong		孙体	404441
SKILL	yijiang		xindanshou		孙体	404458
SKILL	yijiang		xinbenxi		孙体	404586
SKILL	yijiang		xinyaoming		@ts-ignore	404825
SKILL	yijiang		xinfuli		@ts-ignore	405007
SKILL	yijiang		xindangxian		@ts-ignore	405044
SKILL	yijiang		xinjunxing		@ts-ignore	405090
SKILL	yijiang		xinzhige		@ts-ignore	405124
SKILL	yijiang		xinzongzuo		@ts-ignore	405193
SKILL	yijiang		xintaoluan		@ts-ignore	405234
SKILL	yijiang		xintaoluan2		@ts-ignore	405358
SKILL	yijiang		xincaishi		@ts-ignore	405426
SKILL	yijiang		xinzhongjian		@ts-ignore	405484
SKILL	yijiang		new_qingxian		@ts-ignore	405541
SKILL	yijiang		new_juexiang		@ts-ignore	405632
SKILL	yijiang		new_canyun		@ts-ignore	405682
SKILL	yijiang		qingxian_draw		@ts-ignore	405799
SKILL	yijiang		zhenjun		@ts-ignore	405813
SKILL	yijiang		rezhenjun		@ts-ignore	405884
SKILL	yijiang		fenli		@ts-ignore	405950
SKILL	yijiang		pingkou		@ts-ignore	406020
SKILL	yijiang		xinanguo		@ts-ignore	406057
SKILL	yijiang		pindi		@ts-ignore	406130
SKILL	yijiang		funan		group:'pindi_clear',	406220
SKILL	yijiang		jiexun		group:'pindi_clear',	406314
SKILL	yijiang		xinjiexun		group:'pindi_clear',	406377
SKILL	yijiang		zhuandui		group:'pindi_clear',	406439
SKILL	yijiang		tianbian		group:'pindi_clear',	406532
SKILL	yijiang		jianzheng		group:'pindi_clear',	406579
SKILL	yijiang		qingxian		group:'pindi_clear',	406648
SKILL	yijiang		juexiang		group:'pindi_clear',	406797
SKILL	yijiang		bizhuan		group:'pindi_clear',	407006
SKILL	yijiang		tongbo		group:'pindi_clear',	407043
SKILL	yijiang		shouxi		group:'pindi_clear',	407198
SKILL	yijiang		huimin		group:'pindi_clear',	407274
SKILL	yijiang		fuzhu		group:'pindi_clear',	407396
SKILL	yijiang		wengua		group:'pindi_clear',	407441
SKILL	yijiang		wengua2		group:'pindi_clear',	407445
SKILL	yijiang		daiyan		group:'pindi_clear',	407595
SKILL	yijiang		fumian		group:'pindi_clear',	407655
SKILL	yijiang		zhongjian		group:'pindi_clear',	407812
SKILL	yijiang		caishi		group:'pindi_clear',	407907
SKILL	yijiang		ttt		group:'pindi_clear',	407990
SKILL	yijiang		jyzongshi		group:'pindi_clear',	407999
SKILL	yijiang		xinsidi		group:'pindi_clear',	408048
SKILL	yijiang		xinsidi2		AI给出的神秘去重代码	408109
SKILL	yijiang		taoluan		AI给出的神秘去重代码	408152
SKILL	yijiang		taoluan2		AI给出的神秘去重代码	408271
SKILL	yijiang		jishe		AI给出的神秘去重代码	408330
SKILL	yijiang		jishe2		AI给出的神秘去重代码	408357
SKILL	yijiang		jishe3		AI给出的神秘去重代码	408368
SKILL	yijiang		lianhuo		AI给出的神秘去重代码	408402
SKILL	yijiang		huisheng		AI给出的神秘去重代码	408416
SKILL	yijiang		qinqing		AI给出的神秘去重代码	408524
SKILL	yijiang		guizao		AI给出的神秘去重代码	408617
SKILL	yijiang		jiyu		AI给出的神秘去重代码	408643
SKILL	yijiang		jiyu2		AI给出的神秘去重代码	408740
SKILL	yijiang		jiaozhao		AI给出的神秘去重代码	408749
SKILL	yijiang		jiaozhao2		AI给出的神秘去重代码	408877
SKILL	yijiang		jiaozhao3		AI给出的神秘去重代码	408909
SKILL	yijiang		xindanxin		AI给出的神秘去重代码	408987
SKILL	yijiang		danxin		AI给出的神秘去重代码	409017
SKILL	yijiang		zongzuo		AI给出的神秘去重代码	409069
SKILL	yijiang		zhige		player.update();	409110
SKILL	yijiang		kuangbi		player.update();	409167
SKILL	yijiang		fulin		player.update();	409259
SKILL	yijiang		fulin2		player.update();	409293
SKILL	yijiang		duliang		player.update();	409307
SKILL	yijiang		duliang2		player.update();	409367
SKILL	yijiang		xinfencheng		player.update();	409388
SKILL	yijiang		xinjuece		player.update();	409492
SKILL	yijiang		xinmieji		player.update();	409522
SKILL	yijiang		qianju		player.update();	409567
SKILL	yijiang		reqianju		player.update();	409574
SKILL	yijiang		reqingxi		player.update();	409581
SKILL	yijiang		reqingxi2		player.update();	409659
SKILL	yijiang		qingxi		player.update();	409708
SKILL	yijiang		jieyue		player.update();	409756
SKILL	yijiang		jinjiu		player.update();	409895
SKILL	yijiang		xinxianzhen		player.update();	409920
SKILL	yijiang		xinxianzhen2		player.update();	409924
SKILL	yijiang		xinxianzhen3		player.update();	409982
SKILL	yijiang		xianzhen		player.update();	410002
SKILL	yijiang		xianzhen2		player.update();	410066
SKILL	yijiang		xianzhen3		player.update();	410089
SKILL	yijiang		lihuo		player.update();	410099
SKILL	yijiang		lihuo2		player.update();	410135
SKILL	yijiang		lihuo3		player.update();	410172
SKILL	yijiang		chunlao		player.update();	410186
SKILL	yijiang		chunlao2		player.update();	410233
SKILL	yijiang		chunlao2_old		player.update();	410280
SKILL	yijiang		shenduan		priority:6,	410327
SKILL	yijiang		reshenduan		priority:6,	410418
SKILL	yijiang		reyonglve		priority:6,	410509
SKILL	yijiang		yonglve		priority:6,	410580
SKILL	yijiang		yonglve2		group:'yonglve2'	410655
SKILL	yijiang		benxi		group:'yonglve2'	410667
SKILL	yijiang		sidi		group:'yonglve2'	410708
SKILL	yijiang		sidi2		group:'yonglve2'	410736
SKILL	yijiang		sidi3		group:'yonglve2'	410820
SKILL	yijiang		zhongyong		group:'yonglve2'	410830
SKILL	yijiang		xinzhongyong		group:'yonglve2'	410881
SKILL	yijiang		dangxian		group:'yonglve2'	410968
SKILL	yijiang		longyin		group:'yonglve2'	410977
SKILL	yijiang		jigong		group:'yonglve2'	411088
SKILL	yijiang		jigong2		group:'yonglve2'	411112
SKILL	yijiang		shifei		group:'yonglve2'	411123
SKILL	yijiang		huaiyi		group:'yonglve2'	411226
SKILL	yijiang		yaoming		group:'yonglve2'	411341
SKILL	yijiang		anguo		group:'yonglve2'	411389
SKILL	yijiang		reyanzhu		group:'yonglve2'	411436
SKILL	yijiang		reyanzhu2		group:'yonglve2'	411497
SKILL	yijiang		rexingxue		group:'yonglve2'	411512
SKILL	yijiang		rezhaofu		group:'yonglve2'	411578
SKILL	yijiang		rezhaofu2		group:'yonglve2'	411583
SKILL	yijiang		zhaofu		group:'yonglve2'	411600
SKILL	yijiang		zhaofu2		group:'yonglve2'	411607
SKILL	yijiang		xingxue		group:'yonglve2'	411624
SKILL	yijiang		yanzhu		group:'yonglve2'	411667
SKILL	yijiang		shizhi		group:'yonglve2'	411723
SKILL	yijiang		wurong		group:'yonglve2'	411752
SKILL	yijiang		zhanjue		group:'yonglve2'	411929
SKILL	yijiang		zhanjue2		group:'yonglve2'	412080
SKILL	yijiang		zhanjue3		group:'yonglve2'	412089
SKILL	yijiang		zhanjue4		group:'yonglve2'	412102
SKILL	yijiang		qinwang		group:'yonglve2'	412133
SKILL	yijiang		qinwang1		group:'yonglve2'	412191
SKILL	yijiang		zuoding		group:'yonglve2'	412254
SKILL	yijiang		zuoding3		group:'zuoding3'	412299
SKILL	yijiang		huomo		group:'zuoding3'	412307
SKILL	yijiang		taoxi		group:'zuoding3'	412499
SKILL	yijiang		xingshuai		group:'zuoding3'	412713
SKILL	yijiang		mingjian		group:'zuoding3'	412773
SKILL	yijiang		mingjian2		group:'zuoding3'	412830
SKILL	yijiang		mingjian_old		group:'zuoding3'	412853
SKILL	yijiang		mingjian2_old		group:'zuoding3'	412890
SKILL	yijiang		huituo		group:'zuoding3'	412912
SKILL	yijiang		duodao		group:'zuoding3'	412967
SKILL	yijiang		reanjian		group:'zuoding3'	413029
SKILL	yijiang		reanjian2		group:'zuoding3'	413062
SKILL	yijiang		reanjian3		group:'zuoding3'	413095
SKILL	yijiang		reanjian4		group:'zuoding3'	413104
SKILL	yijiang		reduodao		group:'zuoding3'	413117
SKILL	yijiang		anjian		group:'zuoding3'	413179
SKILL	yijiang		xinpojun		group:'zuoding3'	413193
SKILL	yijiang		xinpojun2		group:'zuoding3'	413242
SKILL	yijiang		qiaoshi		group:'zuoding3'	413272
SKILL	yijiang		yanyu		group:'zuoding3'	413286
SKILL	yijiang		yanyu2		group:'zuoding3'	413310
SKILL	yijiang		youdi		group:'zuoding3'	413339
SKILL	yijiang		fuhun		group:'zuoding3'	413386
SKILL	yijiang		fencheng		group:'zuoding3'	413453
SKILL	yijiang		mieji		group:'zuoding3'	413526
SKILL	yijiang		junxing		group:'zuoding3'	413581
SKILL	yijiang		juece		group:'zuoding3'	413644
SKILL	yijiang		jiefan		group:'zuoding3'	413697
SKILL	yijiang		fuli		group:'zuoding3'	413757
SKILL	yijiang		qianxi		group:'zuoding3'	413792
SKILL	yijiang		qianxi2		group:'zuoding3'	413868
SKILL	yijiang		zhiman		trigger:{global:'phaseAfter'},	413891
SKILL	yijiang		sanyao		trigger:{global:'phaseAfter'},	413933
SKILL	yijiang		olsanyao		trigger:{global:'phaseAfter'},	413967
SKILL	yijiang		rezhiman		trigger:{global:'phaseAfter'},	414064
SKILL	yijiang		resanyao		trigger:{global:'phaseAfter'},	414109
SKILL	yijiang		reqiaoshui		trigger:{global:'phaseAfter'},	414188
SKILL	yijiang		qiaoshui		trigger:{global:'phaseAfter'},	414263
SKILL	yijiang		qiaoshui2		trigger:{global:'phaseAfter'},	414299
SKILL	yijiang		qiaoshui3		trigger:{global:'phaseAfter'},	414309
SKILL	yijiang		qiaoshui4		减少目标的流程	414444
SKILL	yijiang		jyzongshi_old		减少目标的流程	414458
SKILL	yijiang		shenxing		减少目标的流程	414481
SKILL	yijiang		bingyi		减少目标的流程	414575
SKILL	yijiang		xiantu		减少目标的流程	414633
SKILL	yijiang		qiangzhi		减少目标的流程	414713
SKILL	yijiang		qiangzhi_draw		减少目标的流程	414756
SKILL	yijiang		dingpin		减少目标的流程	414777
SKILL	yijiang		faen		减少目标的流程	414870
SKILL	yijiang		jiaojin		减少目标的流程	414910
SKILL	yijiang		chanhui		减少目标的流程	414947
SKILL	yijiang		rechanhui		减少目标的流程	415012
SKILL	yijiang		rejiaojin		减少目标的流程	415071
SKILL	yijiang		quanji		减少目标的流程	415119
SKILL	yijiang		zili		减少目标的流程	415187
SKILL	yijiang		paiyi		减少目标的流程	415212
SKILL	yijiang		xianzhou		减少目标的流程	415273
SKILL	yijiang		qieting		减少目标的流程	415356
SKILL	yijiang		oldzhuikong		减少目标的流程	415443
SKILL	yijiang		zhuikong		减少目标的流程	415447
SKILL	yijiang		oldqiuyuan		减少目标的流程	415499
SKILL	yijiang		qiuyuan		减少目标的流程	415529
SKILL	yijiang		gongji		减少目标的流程	415607
SKILL	yijiang		gongji2		减少目标的流程	415663
SKILL	yijiang		zhuiyi		减少目标的流程	415670
SKILL	yijiang		old_anxu		减少目标的流程	415712
SKILL	yijiang		anxu		减少目标的流程	415793
SKILL	yijiang		mingce		减少目标的流程	415866
SKILL	yijiang		xinxuanhuo		减少目标的流程	415946
SKILL	yijiang		zhichi		减少目标的流程	416037
SKILL	yijiang		zhichi2		减少目标的流程	416050
SKILL	yijiang		zongxuan		减少目标的流程	416080
SKILL	yijiang		zhiyan		减少目标的流程	416192
SKILL	yijiang		miji		减少目标的流程	416229
SKILL	yijiang		zhenlie		减少目标的流程	416414
SKILL	yijiang		xswuyan		吾彦...	416493
SKILL	yijiang		xinwuyan		吾彦...	416527
SKILL	yijiang		xinjujian		吾彦...	416560
SKILL	yijiang		jujian		吾彦...	416658
SKILL	yijiang		yizhong		吾彦...	416695
SKILL	yijiang		jueqing		吾彦...	416726
SKILL	yijiang		shangshi		吾彦...	416739
SKILL	yijiang		luoying		吾彦...	416770
SKILL	yijiang		jiushi		frequent:'check',	416872
SKILL	yijiang		jiushi1		frequent:'check',	416876
SKILL	yijiang		jiushi3		frequent:'check',	416987
SKILL	yijiang		zongshi		frequent:'check',	417005
SKILL	yijiang		zishou		frequent:'check',	417013
SKILL	yijiang		zishou2		frequent:'check',	417031
SKILL	yijiang		olddanshou		frequent:'check',	417040
SKILL	yijiang		danshou		priority:9,	417063
SKILL	yijiang		qice		priority:9,	417158
SKILL	yijiang		zhiyu		priority:9,	417288
SKILL	yijiang		xuanfeng		priority:9,	417316
SKILL	yijiang		jiangchi		priority:9,	417399
SKILL	yijiang		jiangchi2		priority:9,	417443
SKILL	yijiang		jiangchi3		priority:9,	417457
SKILL	yijiang		xinzhan		priority:9,	417466
SKILL	yijiang		huilei		priority:9,	417503
SKILL	yijiang		xinenyuan		priority:9,	417521
SKILL	yijiang		xinenyuan1		priority:9,	417525
SKILL	yijiang		xinenyuan2		priority:9,	417551
SKILL	yijiang		enyuan		priority:9,	417612
SKILL	yijiang		enyuan1		priority:9,	417618
SKILL	yijiang		enyuan2		priority:9,	417671
SKILL	yijiang		xuanhuo		priority:9,	417686
SKILL	yijiang		ganlu		priority:9,	417767
SKILL	yijiang		buyi		priority:9,	417840
SKILL	yijiang		pojun		priority:6,	417900
SKILL	yijiang		jingce		priority:6,	417924
SKILL	yijiang		xinjingce		priority:6,	417935
SKILL	yijiang		oldchengxiang		priority:6,	417946
SKILL	yijiang		chengxiang		priority:6,	417951
SKILL	yijiang		oldrenxin		给肌肉曹冲用的，修改称象亮出的牌	418168
SKILL	yijiang		renxin		priority:6,	418190
SKILL	yijiang		yuce		priority:6,	418229
SKILL	yijiang		xiansi		priority:6,	418291
SKILL	yijiang		xiansi2		priority:6,	418352
SKILL	yijiang		shibei		priority:6,	418441
SKILL	yijiang		shibei_old		priority:6,	418523
SKILL	yijiang		jianying		priority:6,	418555
SKILL	yijiang		zzhenggong		priority:6,	418671
SKILL	yijiang		zquanji		priority:6,	418715
SKILL	yijiang		zbaijiang		priority:6,	418743
SKILL	yijiang		zyexin		priority:6,	418758
SKILL	yijiang		zyexin2		priority:6,	418777
SKILL	yijiang		zzili		priority:6,	418818
SKILL	yijiang		zpaiyi		priority:6,	418834
SKILL	yingbian		oltousui		二成	418943
SKILL	yingbian		olchuming		二成	419018
SKILL	yingbian		bingxin		二成	419139
SKILL	yingbian		zhefu		二成	419289
SKILL	yingbian		yidu		二成	419330
SKILL	yingbian		xinwanyi		二成	419388
SKILL	yingbian		xinxuanbei		二成	419533
SKILL	yingbian		xiongshu		二成	419579
SKILL	yingbian		jianhui		二成	419696
SKILL	yingbian		huaiyuan		二成	419770
SKILL	yingbian		chongxin		二成	419953
SKILL	yingbian		dezhang		二成	419992
SKILL	yingbian		weishu		二成	420011
SKILL	yingbian		gaoling		二成	420088
SKILL	yingbian		qimei		二成	420110
SKILL	yingbian		ybzhuiji		二成	420231
SKILL	yingbian		canmou		二成	420290
SKILL	yingbian		congjian		二成	420338
SKILL	yingbian		wanyi		二成	420364
SKILL	yingbian		maihuo		二成	420415
SKILL	yingbian		xuanbei		二成	420501
SKILL	yingbian		xianwan		二成	420566
SKILL	yingbian		recaiwang		二成	420613
SKILL	yingbian		recaiwang_hand		二成	420618
SKILL	yingbian		recaiwang_equip		二成	420640
SKILL	yingbian		recaiwang_judge		二成	420658
SKILL	yingbian		caozhao		二成	420695
SKILL	yingbian		caozhao_info		二成	420821
SKILL	yingbian		olxibing		二成	420844
SKILL	yingbian		olxibing2		二成	420943
SKILL	yingbian		bolan		二成	420958
SKILL	yingbian		yifa		game.log(player,'获得了','#g【'+get.translation(result.control)+'】');	421136
SKILL	yingbian		yifa2		game.log(player,'获得了','#g【'+get.translation(result.control)+'】');	421151
SKILL	yingbian		buchen		game.log(player,'获得了','#g【'+get.translation(result.control)+'】');	421161
SKILL	yingbian		smyyingshi		game.log(player,'获得了','#g【'+get.translation(result.control)+'】');	421175
SKILL	yingbian		xiongzhi		return player.isPhaseUsing();	421262
SKILL	yingbian		quanbian		return player.isPhaseUsing();	421306
SKILL	yingbian		quanbian2		return player.isPhaseUsing();	421381
SKILL	yingbian		zhongyun		卫瓘	421400
SKILL	yingbian		zhongyun2		卫瓘	421437
SKILL	yingbian		shenpin		卫瓘	421489
SKILL	yingbian		chexuan		彻里吉	421569
SKILL	yingbian		qiangshou		彻里吉	421655
SKILL	yingbian		cheliji_sichengliangyu		彻里吉	421667
SKILL	yingbian		cheliji_tiejixuanyu		彻里吉	421682
SKILL	yingbian		cheliji_feilunzhanyu		彻里吉	421705
SKILL	yingbian		caiwang		司马伷和黄祖	421734
SKILL	yingbian		naxiang		司马伷和黄祖	421769
SKILL	yingbian		naxiang2		司马伷和黄祖	421799
SKILL	yingbian		qiaoyan		李肃	421806
SKILL	yingbian		xianzhu		李肃	421874
SKILL	yingbian		huirong		李肃	421941
SKILL	yingbian		ciwei		李肃	421987
SKILL	yingbian		ciwei_ai		李肃	422040
SKILL	yingbian		caiyuan		李肃	422080
SKILL	yingbian		zhuosheng		李肃	422107
SKILL	yingbian		xinquanbian		李肃	422284
SKILL	yingbian		xinquanbian_count		group:'xinquanbian_count',	422367
SKILL	yingbian		taoyin		group:'xinquanbian_count',	422401
SKILL	yingbian		yimie		group:'xinquanbian_count',	422436
SKILL	yingbian		yimie2		group:'xinquanbian_count',	422489
SKILL	yingbian		ruilve		group:'xinquanbian_count',	422502
SKILL	yingbian		ruilve2		group:'xinquanbian_count',	422507
SKILL	yingbian		tairan		group:'xinquanbian_count',	422563
SKILL	yingbian		tairan2		group:'xinquanbian_count',	422589
SKILL	yingbian		baoqie		group:'xinquanbian_count',	422626
SKILL	yingbian		jyishi		group:'xinquanbian_count',	422651
SKILL	yingbian		shiduo		group:'xinquanbian_count',	422713
SKILL	yingbian		tuishi		await player.gainPlayerCard(target, true, "h", handcardCount);	422764
SKILL	yingbian		tuishi2		await player.gainPlayerCard(target, true, "h", handcardCount);	422778
SKILL	yingbian		xinchoufa		await player.gainPlayerCard(target, true, "h", handcardCount);	422830
SKILL	yingbian		xinchoufa2		await player.gainPlayerCard(target, true, "h", handcardCount);	422855
SKILL	yingbian		choufa		await player.gainPlayerCard(target, true, "h", handcardCount);	422873
SKILL	yingbian		choufa2		await player.gainPlayerCard(target, true, "h", handcardCount);	422909
SKILL	yingbian		zhaoran		await player.gainPlayerCard(target, true, "h", handcardCount);	422927
SKILL	yingbian		zhaoran2		await player.gainPlayerCard(target, true, "h", handcardCount);	422942
SKILL	yingbian		zhaoran3		await player.gainPlayerCard(target, true, "h", handcardCount);	423034
SKILL	yingbian		chengwu		await player.gainPlayerCard(target, true, "h", handcardCount);	423052
SKILL	yingbian		shiren		await player.gainPlayerCard(target, true, "h", handcardCount);	423069
SKILL	yingbian		yanxi		await player.gainPlayerCard(target, true, "h", handcardCount);	423091
SKILL	yingbian		yanxi2		await player.gainPlayerCard(target, true, "h", handcardCount);	423200
SKILL	yingbian		sanchen		await player.gainPlayerCard(target, true, "h", handcardCount);	423217
SKILL	yingbian		zhaotao		await player.gainPlayerCard(target, true, "h", handcardCount);	423301
SKILL	yingbian		pozhu		await player.gainPlayerCard(target, true, "h", handcardCount);	423322
SKILL	yingbian		pozhu2		await player.gainPlayerCard(target, true, "h", handcardCount);	423336
SKILL	yingbian		xijue		await player.gainPlayerCard(target, true, "h", handcardCount);	423348
SKILL	yingbian		huishi		await player.gainPlayerCard(target, true, "h", handcardCount);	423491
SKILL	yingbian		qingleng		await player.gainPlayerCard(target, true, "h", handcardCount);	423541
SKILL	yingbian		xuanmu		await player.gainPlayerCard(target, true, "h", handcardCount);	423574
SKILL	yingbian		xuanmu2		await player.gainPlayerCard(target, true, "h", handcardCount);	423586
SKILL	yingbian		g_hidden_ai		await player.gainPlayerCard(target, true, "h", handcardCount);	423604
CHAR	guozhan	gz_liqueguosi	gz_liqueguosi	李傕郭汜	qun	423626
SKILL	guozhan	gz_liqueguosi	gz_xiongsuan	凶算		423628
CHAR	guozhan	gz_zuoci	gz_zuoci	gz_zuoci	qun	423723
SKILL	guozhan	gz_zuoci	fake_yigui	役鬼		423725
SKILL	guozhan	gz_zuoci	fake_jihun	汲魂		424109
CHAR	guozhan	gz_bianfuren	gz_bianfuren	卞夫人	wei	424167
SKILL	guozhan	gz_bianfuren	wanwei			424169
SKILL	guozhan	gz_bianfuren	gz_yuejian	约俭		424172
CHAR	guozhan	gz_xunyou	gz_xunyou	gz_xunyou	wei	424215
SKILL	guozhan	gz_xunyou	gz_qice	奇策		424217
SKILL	guozhan	gz_xunyou	zhiyu			424368
CHAR	guozhan	gz_lingtong	gz_lingtong	gz_lingtong	wu	424371
SKILL	guozhan	gz_lingtong	xuanlve	旋略		424373
SKILL	guozhan	gz_lingtong	yongjin			424416
CHAR	guozhan	gz_lvfan	gz_lvfan	吕范	wu	424419
SKILL	guozhan	gz_lvfan	gz_diaodu_best	调度		424421
SKILL	guozhan	gz_lvfan	gz_diancai	典财		424531
CHAR	guozhan	gz_masu	gz_masu	马谡	shu	424570
SKILL	guozhan	gz_masu	gz_sanyao	散谣		424572
SKILL	guozhan	gz_masu	gz_zhiman	制蛮		424584
CHAR	guozhan	gz_shamoke	gz_shamoke	沙摩柯	shu	424604
SKILL	guozhan	gz_shamoke	gzjili			424606
CHAR	guozhan	gz_shibing1wei	gz_shibing1wei	魏兵	wei	424609
CHAR	guozhan	gz_shibing2wei	gz_shibing2wei	魏兵	wei	424611
CHAR	guozhan	gz_shibing1shu	gz_shibing1shu	蜀兵	shu	424613
CHAR	guozhan	gz_shibing2shu	gz_shibing2shu	蜀兵	shu	424615
CHAR	guozhan	gz_shibing1wu	gz_shibing1wu	吴兵	wu	424617
CHAR	guozhan	gz_shibing2wu	gz_shibing2wu	吴兵	wu	424619
CHAR	guozhan	gz_shibing1qun	gz_shibing1qun	群兵	qun	424621
CHAR	guozhan	gz_shibing2qun	gz_shibing2qun	群兵	qun	424623
CHAR	guozhan	gz_shibing1jin	gz_shibing1jin	晋兵	jin	424625
CHAR	guozhan	gz_shibing2jin	gz_shibing2jin	晋兵	jin	424627
CHAR	guozhan	gz_shibing1ye	gz_shibing1ye	士兵	ye	424629
CHAR	guozhan	gz_shibing2ye	gz_shibing2ye	士兵	ye	424631
CHAR	guozhan	gz_shibing1key	gz_shibing1key	键兵	key	424633
CHAR	guozhan	gz_shibing2key	gz_shibing2key	键兵	key	424635
CHAR	guozhan	gz_caocao	gz_caocao	曹操	wei	424637
SKILL	guozhan	gz_caocao	gz_jianxiong	奸雄		424639
CHAR	guozhan	gz_simayi	gz_simayi	司马懿	wei	424709
SKILL	guozhan	gz_simayi	guicai			424711
SKILL	guozhan	gz_simayi	fankui			424714
CHAR	guozhan	gz_xiahoudun	gz_xiahoudun	夏侯惇	wei	424717
SKILL	guozhan	gz_xiahoudun	gz_ganglie	刚烈		424719
CHAR	guozhan	gz_zhangliao	gz_zhangliao	张辽	wei	424776
SKILL	guozhan	gz_zhangliao	gz_tuxi	突袭		424778
CHAR	guozhan	gz_xuzhu	gz_xuzhu	许褚	wei	424846
SKILL	guozhan	gz_xuzhu	gz_luoyi	裸衣		424848
CHAR	guozhan	gz_guojia	gz_guojia	郭嘉	wei	424935
SKILL	guozhan	gz_guojia	tiandu			424937
SKILL	guozhan	gz_guojia	gz_yiji	遗计		424940
CHAR	guozhan	gz_zhenji	gz_zhenji	甄宓	wei	425083
SKILL	guozhan	gz_zhenji	luoshen			425085
SKILL	guozhan	gz_zhenji	qingguo			425088
CHAR	guozhan	gz_xiahouyuan	gz_xiahouyuan	夏侯渊	wei	425091
SKILL	guozhan	gz_xiahouyuan	gz_shensu	神速		425093
CHAR	guozhan	gz_zhanghe	gz_zhanghe	张郃	wei	425160
SKILL	guozhan	gz_zhanghe	gz_qiaobian	巧变		425162
CHAR	guozhan	gz_xuhuang	gz_xuhuang	徐晃	wei	425294
SKILL	guozhan	gz_xuhuang	gz_duanliang	断粮		425296
CHAR	guozhan	gz_caoren	gz_caoren	曹仁	wei	425374
SKILL	guozhan	gz_caoren	gz_jushou	据守		425376
CHAR	guozhan	gz_dianwei	gz_dianwei	典韦	wei	425438
SKILL	guozhan	gz_dianwei	gz_qiangxi	强袭		425440
CHAR	guozhan	gz_xunyu	gz_xunyu	荀彧	wei	425504
SKILL	guozhan	gz_xunyu	gz_quhu	驱虎		425506
SKILL	guozhan	gz_xunyu	gz_jieming	节命		425606
CHAR	guozhan	gz_caopi	gz_caopi	曹丕	wei	425680
SKILL	guozhan	gz_caopi	gz_xingshang	行殇		425682
SKILL	guozhan	gz_caopi	gz_fangzhu	放逐		425702
CHAR	guozhan	gz_yuejin	gz_yuejin	乐进	wei	425837
SKILL	guozhan	gz_yuejin	gz_xiaoguo	骁果		425839
CHAR	guozhan	gz_liubei	gz_liubei	刘备	shu	425902
SKILL	guozhan	gz_liubei	gz_rende	仁德		425904
CHAR	guozhan	gz_guanyu	gz_guanyu	关羽	shu	426046
SKILL	guozhan	gz_guanyu	gz_wusheng	武圣		426048
CHAR	guozhan	gz_zhangfei	gz_zhangfei	张飞	shu	426119
SKILL	guozhan	gz_zhangfei	gz_paoxiao	咆哮		426121
CHAR	guozhan	gz_zhugeliang	gz_zhugeliang	诸葛亮	shu	426172
SKILL	guozhan	gz_zhugeliang	guanxing			426174
SKILL	guozhan	gz_zhugeliang	gz_kongcheng	空城		426177
CHAR	guozhan	gz_zhaoyun	gz_zhaoyun	赵云	shu	426274
SKILL	guozhan	gz_zhaoyun	gz_longdan	龙胆		426276
CHAR	guozhan	gz_machao	gz_machao	马超	shu	426440
SKILL	guozhan	gz_machao	gz_mashu	马术		426442
SKILL	guozhan	gz_machao	gz_tieji	铁骑		426454
CHAR	guozhan	gz_huangyueying	gz_huangyueying	黄月英	shu	426565
SKILL	guozhan	gz_huangyueying	gz_jizhi	集智		426567
SKILL	guozhan	gz_huangyueying	qicai			426588
CHAR	guozhan	gz_huangzhong	gz_huangzhong	黄忠	shu	426591
SKILL	guozhan	gz_huangzhong	gz_liegong	烈弓		426593
CHAR	guozhan	gz_weiyan	gz_weiyan	魏延	shu	426679
SKILL	guozhan	gz_weiyan	gz_kuanggu	狂骨		426681
CHAR	guozhan	gz_pangtong	gz_pangtong	庞统	shu	426729
SKILL	guozhan	gz_pangtong	gz_lianhuan	连环		426731
SKILL	guozhan	gz_pangtong	gz_niepan	涅槃		426864
CHAR	guozhan	gz_sp_zhugeliang	gz_sp_zhugeliang	gz_sp_zhugeliang	shu	426936
SKILL	guozhan	gz_sp_zhugeliang	huoji			426938
SKILL	guozhan	gz_sp_zhugeliang	bazhen			426941
SKILL	guozhan	gz_sp_zhugeliang	kanpo			426944
CHAR	guozhan	gz_liushan	gz_liushan	gz_liushan	shu	426947
SKILL	guozhan	gz_liushan	xiangle			426949
SKILL	guozhan	gz_liushan	fangquan			426952
CHAR	guozhan	gz_menghuo	gz_menghuo	gz_menghuo	shu	426955
SKILL	guozhan	gz_menghuo	huoshou			426957
SKILL	guozhan	gz_menghuo	rezaiqi			426960
CHAR	guozhan	gz_zhurong	gz_zhurong	gz_zhurong	shu	426963
SKILL	guozhan	gz_zhurong	juxiang			426965
SKILL	guozhan	gz_zhurong	lieren			426968
CHAR	guozhan	gz_ganfuren	gz_ganfuren	甘夫人	shu	426971
SKILL	guozhan	gz_ganfuren	gz_shushen	淑慎		426973
SKILL	guozhan	gz_ganfuren	shenzhi			427003
CHAR	guozhan	gz_sunquan	gz_sunquan	gz_sunquan	wu	427006
SKILL	guozhan	gz_sunquan	gz_zhiheng	制衡		427008
CHAR	guozhan	gz_ganning	gz_ganning	gz_ganning	wu	427048
SKILL	guozhan	gz_ganning	qixi			427050
CHAR	guozhan	gz_lvmeng	gz_lvmeng	gz_lvmeng	wu	427053
SKILL	guozhan	gz_lvmeng	gz_keji	克己		427055
SKILL	guozhan	gz_lvmeng	gz_mouduan	谋断		427086
CHAR	guozhan	gz_huanggai	gz_huanggai	gz_huanggai	wu	427117
SKILL	guozhan	gz_huanggai	gz_kurou	苦肉		427119
CHAR	guozhan	gz_zhouyu	gz_zhouyu	gz_zhouyu	wu	427156
SKILL	guozhan	gz_zhouyu	reyingzi			427158
SKILL	guozhan	gz_zhouyu	refanjian			427161
CHAR	guozhan	gz_daqiao	gz_daqiao	gz_daqiao	wu	427164
SKILL	guozhan	gz_daqiao	guose			427166
SKILL	guozhan	gz_daqiao	liuli			427169
CHAR	guozhan	gz_luxun	gz_luxun	gz_luxun	wu	427172
SKILL	guozhan	gz_luxun	gz_qianxun	谦逊		427174
SKILL	guozhan	gz_luxun	gz_duoshi	度势		427219
CHAR	guozhan	gz_sunshangxiang	gz_sunshangxiang	gz_sunshangxiang	wu	427239
SKILL	guozhan	gz_sunshangxiang	jieyin			427241
SKILL	guozhan	gz_sunshangxiang	gz_xiaoji	枭姬		427244
CHAR	guozhan	gz_sunjian	gz_sunjian	gz_sunjian	wu	427265
SKILL	guozhan	gz_sunjian	yinghun			427267
CHAR	guozhan	gz_xiaoqiao	gz_xiaoqiao	gz_xiaoqiao	wu	427270
SKILL	guozhan	gz_xiaoqiao	gz_tianxiang	天香		427272
SKILL	guozhan	gz_xiaoqiao	gz_hongyan	红颜		427380
CHAR	guozhan	gz_re_taishici	gz_re_taishici	太史慈	wu	427403
SKILL	guozhan	gz_re_taishici	tianyi			427405
SKILL	guozhan	gz_re_taishici	gz_hanzhan	酣战		427408
CHAR	guozhan	gz_zhoutai	gz_zhoutai	周泰	wu	427477
SKILL	guozhan	gz_zhoutai	buqu			427479
SKILL	guozhan	gz_zhoutai	new_fenji			427482
CHAR	guozhan	gz_re_lusu	gz_re_lusu	gz_re_lusu	wu	427485
SKILL	guozhan	gz_re_lusu	haoshi			427487
SKILL	guozhan	gz_re_lusu	dimeng			427490
CHAR	guozhan	gz_zhangzhang	gz_zhangzhang	gz_zhangzhang	wu	427493
SKILL	guozhan	gz_zhangzhang	zhijian			427495
SKILL	guozhan	gz_zhangzhang	guzheng			427498
CHAR	guozhan	gz_dingfeng	gz_dingfeng	gz_dingfeng	wu	427501
SKILL	guozhan	gz_dingfeng	gz_duanbing	短兵		427503
SKILL	guozhan	gz_dingfeng	fenxun			427545
CHAR	guozhan	gz_huatuo	gz_huatuo	gz_huatuo	qun	427548
SKILL	guozhan	gz_huatuo	new_chuli	除疠		427550
SKILL	guozhan	gz_huatuo	jijiu			427624
CHAR	guozhan	gz_lvbu	gz_lvbu	gz_lvbu	qun	427627
SKILL	guozhan	gz_lvbu	gz_wushuang	无双		427629
CHAR	guozhan	gz_diaochan	gz_diaochan	gz_diaochan	qun	427685
SKILL	guozhan	gz_diaochan	lijian			427687
SKILL	guozhan	gz_diaochan	biyue			427690
CHAR	guozhan	gz_re_yuanshao	gz_re_yuanshao	gz_re_yuanshao	qun	427693
SKILL	guozhan	gz_re_yuanshao	gz_luanji	乱击		427695
CHAR	guozhan	gz_yanwen	gz_yanwen	gz_yanwen	qun	427803
SKILL	guozhan	gz_yanwen	gz_shuangxiong	双雄		427805
CHAR	guozhan	gz_jiaxu	gz_jiaxu	gz_jiaxu	qun	427837
SKILL	guozhan	gz_jiaxu	wansha			427839
SKILL	guozhan	gz_jiaxu	luanwu			427842
SKILL	guozhan	gz_jiaxu	gz_weimu	帷幕		427845
CHAR	guozhan	gz_pangde	gz_pangde	庞德	qun	427893
SKILL	guozhan	gz_pangde	gz_pd_mashu			427895
SKILL	guozhan	gz_pangde	jianchu			427902
CHAR	guozhan	gz_zhangjiao	gz_zhangjiao	gz_zhangjiao	qun	427905
SKILL	guozhan	gz_zhangjiao	leiji			427907
SKILL	guozhan	gz_zhangjiao	guidao			427910
CHAR	guozhan	gz_caiwenji	gz_caiwenji	gz_caiwenji	qun	427913
SKILL	guozhan	gz_caiwenji	beige			427915
SKILL	guozhan	gz_caiwenji	gz_duanchang	断肠		427918
CHAR	guozhan	gz_mateng	gz_mateng	gz_mateng	qun	428016
SKILL	guozhan	gz_mateng	gz_mt_mashu			428018
SKILL	guozhan	gz_mateng	xiongyi			428025
CHAR	guozhan	gz_kongrong	gz_kongrong	gz_kongrong	qun	428028
SKILL	guozhan	gz_kongrong	gz_mingshi	名士		428030
SKILL	guozhan	gz_kongrong	lirang			428066
CHAR	guozhan	gz_jiling	gz_jiling	gz_jiling	qun	428069
SKILL	guozhan	gz_jiling	shuangren			428071
CHAR	guozhan	gz_tianfeng	gz_tianfeng	gz_tianfeng	qun	428074
SKILL	guozhan	gz_tianfeng	sijian			428076
SKILL	guozhan	gz_tianfeng	gz_suishi	随势		428079
CHAR	guozhan	gz_panfeng	gz_panfeng	gz_panfeng	qun	428128
SKILL	guozhan	gz_panfeng	gz_kuangfu	狂斧		428130
CHAR	guozhan	gz_zoushi	gz_zoushi	gz_zoushi	qun	428179
SKILL	guozhan	gz_zoushi	gz_huoshui	祸水		428181
SKILL	guozhan	gz_zoushi	gz_qingcheng	倾城		428247
CHAR	guozhan	gz_cuimao	gz_cuimao	崔琰毛玠	wei	428373
SKILL	guozhan	gz_cuimao	gz_zhengbi	征辟		428375
SKILL	guozhan	gz_cuimao	gz_fengying	奉迎		428578
CHAR	guozhan	gz_yujin	gz_yujin	于禁	wei	428640
SKILL	guozhan	gz_yujin	gz_jieyue	节钺		428642
CHAR	guozhan	gz_wangping	gz_wangping	王平	shu	428742
SKILL	guozhan	gz_wangping	jianglue	将略		428744
CHAR	guozhan	gz_fazheng	gz_fazheng	法正	shu	428908
SKILL	guozhan	gz_fazheng	gzxuanhuo	眩惑		428910
SKILL	guozhan	gz_fazheng	gzenyuan	恩怨		429016
CHAR	guozhan	gz_wuguotai	gz_wuguotai	gz_wuguotai	wu	429081
SKILL	guozhan	gz_wuguotai	gzbuyi	补益		429083
SKILL	guozhan	gz_wuguotai	ganlu			429130
CHAR	guozhan	gz_lukang	gz_lukang	陆抗	wu	429133
SKILL	guozhan	gz_lukang	fakejueyan	决堰		429135
SKILL	guozhan	gz_lukang	fakekeshou	恪守		429197
CHAR	guozhan	gz_yuanshu	gz_yuanshu	袁术	qun	429281
SKILL	guozhan	gz_yuanshu	gzweidi	伪帝		429283
SKILL	guozhan	gz_yuanshu	gzyongsi	庸肆		429385
CHAR	guozhan	gz_zhangxiu	gz_zhangxiu	张绣	qun	429481
SKILL	guozhan	gz_zhangxiu	gzfudi	附敌		429483
SKILL	guozhan	gz_zhangxiu	gzcongjian	从谏		429588
CHAR	guozhan	gz_zhonghui	gz_zhonghui	gz_zhonghui	ye	429620
SKILL	guozhan	gz_zhonghui	fakequanji	权计		429622
SKILL	guozhan	gz_zhonghui	fakepaiyi	排异		429663
CHAR	guozhan	gz_simazhao	gz_simazhao	gz_simazhao	ye	429755
SKILL	guozhan	gz_simazhao	gzzhaoxin	昭心		429757
SKILL	guozhan	gz_simazhao	gzsuzhi	夙智		429794
CHAR	guozhan	gz_gongsunyuan	gz_gongsunyuan	gz_gongsunyuan	ye	429873
SKILL	guozhan	gz_gongsunyuan	fakehuaiyi	怀异		429875
SKILL	guozhan	gz_gongsunyuan	fakezisui	恣睢		430046
CHAR	guozhan	gz_sunchen	gz_sunchen	gz_sunchen	ye	430124
SKILL	guozhan	gz_sunchen	fakeshilu	嗜戮		430126
SKILL	guozhan	gz_sunchen	fakexiongnve	凶虐		430292
CHAR	guozhan	gz_tangzi	gz_tangzi	唐咨	wu	430351
SKILL	guozhan	gz_tangzi	gzxingzhao	兴棹		430353
CHAR	guozhan	gz_mengda	gz_mengda	孟达	wei	430507
SKILL	guozhan	gz_mengda	qiuan			430509
SKILL	guozhan	gz_mengda	liangfan			430512
CHAR	guozhan	gz_liuqi	gz_liuqi	刘琦	qun	430515
SKILL	guozhan	gz_liuqi	gzwenji	问计		430517
SKILL	guozhan	gz_liuqi	gztunjiang	屯江		430659
CHAR	guozhan	gz_mifangfushiren	gz_mifangfushiren	糜芳傅士仁	shu	430694
SKILL	guozhan	gz_mifangfushiren	mffengshi			430696
CHAR	guozhan	gz_shixie	gz_shixie	士燮	qun	430699
SKILL	guozhan	gz_shixie	gzbiluan	避乱		430701
SKILL	guozhan	gz_shixie	gzrelixia	礼下		430714
CHAR	guozhan	gz_zhanglu	gz_zhanglu	张鲁	qun	430770
SKILL	guozhan	gz_zhanglu	gzrebushi	布施		430772
SKILL	guozhan	gz_zhanglu	gzremidao	米道		430850
CHAR	guozhan	gz_db_wenyang	gz_db_wenyang	文鸯	wei	430963
SKILL	guozhan	gz_db_wenyang	gz_quedi	却敌		430965
SKILL	guozhan	gz_db_wenyang	gz_zhuifeng	椎锋		431118
SKILL	guozhan	gz_db_wenyang	gz_chongjian	冲坚		431138
CHAR	guozhan	gz_dongzhao	gz_dongzhao	gz_dongzhao	wei	431303
SKILL	guozhan	gz_dongzhao	quanjin	劝进		431305
SKILL	guozhan	gz_dongzhao	zaoyun	凿运		431434
CHAR	guozhan	gz_re_xushu	gz_re_xushu	gz_re_xushu	shu	431502
SKILL	guozhan	gz_re_xushu	gzzhuhai	诛害		431504
SKILL	guozhan	gz_re_xushu	gzpozhen	破阵		431573
SKILL	guozhan	gz_re_xushu	gzjiancai	荐才		431639
CHAR	guozhan	gz_wujing	gz_wujing	gz_wujing	wu	431712
SKILL	guozhan	gz_wujing	donggui	调归		431714
SKILL	guozhan	gz_wujing	fengyang	风扬		431774
CHAR	guozhan	gz_yanbaihu	gz_yanbaihu	gz_yanbaihu	qun	431827
SKILL	guozhan	gz_yanbaihu	gzzhidao	雉盗		431829
SKILL	guozhan	gz_yanbaihu	gzyjili	寄篱		431855
CHAR	guozhan	gz_xuyou	gz_xuyou	gz_xuyou	wei	431912
SKILL	guozhan	gz_xuyou	gzchenglve	成略		431914
SKILL	guozhan	gz_xuyou	gzshicai	恃才		431980
CHAR	guozhan	gz_xiahouba	gz_xiahouba	gz_xiahouba	shu	432004
SKILL	guozhan	gz_xiahouba	gzbaolie	豹烈		432006
CHAR	guozhan	gz_panjun	gz_panjun	gz_panjun	wu	432084
SKILL	guozhan	gz_panjun	gzcongcha	聪察		432086
SKILL	guozhan	gz_panjun	xinfu_gongqing			432146
CHAR	guozhan	gz_huangzu	gz_huangzu	gz_huangzu	qun	432149
SKILL	guozhan	gz_huangzu	gzxishe	袭射		432151
CHAR	guozhan	gz_zhugeke	gz_zhugeke	gz_zhugeke	wu	432227
SKILL	guozhan	gz_zhugeke	aocai			432229
SKILL	guozhan	gz_zhugeke	gzduwu	黩武		432232
CHAR	guozhan	gz_wenqin	gz_wenqin	gz_wenqin	wei	432369
SKILL	guozhan	gz_wenqin	gzjinfa	矜伐		432371
CHAR	guozhan	gz_xf_sufei	gz_xf_sufei	gz_xf_sufei	wu	432445
SKILL	guozhan	gz_xf_sufei	gzlianpian	联翩		432447
CHAR	guozhan	gz_liuba	gz_liuba	gz_liuba	shu	432546
SKILL	guozhan	gz_liuba	gztongduo	统度		432548
SKILL	guozhan	gz_liuba	qingyin	清隐		432589
CHAR	guozhan	gz_pengyang	gz_pengyang	gz_pengyang	shu	432691
SKILL	guozhan	gz_pengyang	gztongling	通令		432693
SKILL	guozhan	gz_pengyang	gzjinyu	近谀		432771
CHAR	guozhan	gz_zhuling	gz_zhuling	gz_zhuling	wei	432854
SKILL	guozhan	gz_zhuling	gzjuejue	决绝		432856
SKILL	guozhan	gz_zhuling	gzfangyuan	方圆		432947
CHAR	guozhan	gz_wangyi	gz_wangyi	gz_wangyi	wei	433044
SKILL	guozhan	gz_wangyi	zhenlie			433046
SKILL	guozhan	gz_wangyi	miji			433049
CHAR	guozhan	gz_wangji	gz_wangji	gz_wangji	wei	433052
SKILL	guozhan	gz_wangji	fakeqizhi	奇制		433054
SKILL	guozhan	gz_wangji	fakejinqu	进趋		433103
CHAR	guozhan	gz_xurong	gz_xurong	gz_xurong	qun	433137
SKILL	guozhan	gz_xurong	gzxionghuo	凶镬		433139
CHAR	guozhan	gz_xianglang	gz_xianglang	gz_xianglang	shu	433223
SKILL	guozhan	gz_xianglang	gzkanji	勘集		433225
SKILL	guozhan	gz_xianglang	dcqianzheng			433282
CHAR	guozhan	gz_tengyin	gz_tengyin	gz_tengyin	wu	433285
SKILL	guozhan	gz_tengyin	gzchenjian	陈见		433287
SKILL	guozhan	gz_tengyin	gzxixiu	皙秀		433415
CHAR	guozhan	gz_re_panshu	gz_re_panshu	gz_re_panshu	wu	433475
SKILL	guozhan	gz_re_panshu	zhiren			433477
SKILL	guozhan	gz_re_panshu	gzyaner	燕尔		433480
CHAR	guozhan	gz_maliang	gz_maliang	gz_maliang	shu	433493
SKILL	guozhan	gz_maliang	xiemu			433495
SKILL	guozhan	gz_maliang	naman			433498
CHAR	guozhan	gz_caozhen	gz_caozhen	gz_caozhen	wei	433501
SKILL	guozhan	gz_caozhen	gzsidi	司敌		433503
CHAR	guozhan	gz_bulianshi	gz_bulianshi	gz_bulianshi	wu	433691
SKILL	guozhan	gz_bulianshi	old_anxu			433693
SKILL	guozhan	gz_bulianshi	zhuiyi			433696
CHAR	guozhan	gz_mazhong	gz_mazhong	gz_mazhong	shu	433699
SKILL	guozhan	gz_mazhong	twfuman			433701
CHAR	guozhan	gz_ol_lisu	gz_ol_lisu	李肃	qun	433704
SKILL	guozhan	gz_ol_lisu	qiaoyan			433706
SKILL	guozhan	gz_ol_lisu	xianzhu			433709
CHAR	guozhan	gz_jun_liubei	gz_jun_liubei	君刘备	shu	433712
SKILL	guozhan	gz_jun_liubei	zhangwu	章武		433714
SKILL	guozhan	gz_jun_liubei	jizhao	激诏		433845
SKILL	guozhan	gz_jun_liubei	shouyue	授钺		433905
CHAR	guozhan	gz_jun_zhangjiao	gz_jun_zhangjiao	君张角	qun	433927
SKILL	guozhan	gz_jun_zhangjiao	wuxin	悟心		433929
SKILL	guozhan	gz_jun_zhangjiao	hongfa	弘法		433966
SKILL	guozhan	gz_jun_zhangjiao	wendao	问道		434023
CHAR	guozhan	gz_jun_sunquan	gz_jun_sunquan	君孙权	wu	434094
SKILL	guozhan	gz_jun_sunquan	jiahe	嘉禾		434096
SKILL	guozhan	gz_jun_sunquan	lianzi	敛资		434118
SKILL	guozhan	gz_jun_sunquan	jubao	聚宝		434192
CHAR	guozhan	gz_lingcao	gz_lingcao	gz_lingcao	wu	434243
SKILL	guozhan	gz_lingcao	gzdujin	独进		434245
CHAR	guozhan	gz_lifeng	gz_lifeng	gz_lifeng	shu	434292
SKILL	guozhan	gz_lifeng	tunchu			434294
SKILL	guozhan	gz_lifeng	shuliang			434297
CHAR	guozhan	gz_beimihu	gz_beimihu	gz_beimihu	qun	434300
SKILL	guozhan	gz_beimihu	gzguishu	鬼术		434302
SKILL	guozhan	gz_beimihu	gzyuanyu	远域		434376
CHAR	guozhan	gz_jianggan	gz_jianggan	gz_jianggan	wei	434409
SKILL	guozhan	gz_jianggan	weicheng			434411
SKILL	guozhan	gz_jianggan	daoshu			434414
CHAR	guozhan	gz_mb_luxun	gz_mb_luxun	手杀陆逊	wu	434417
SKILL	guozhan	gz_mb_luxun	gz_mb_qianxun	谦逊		434419
SKILL	guozhan	gz_mb_luxun	gz_mb_duoshi	度势		434498
CHAR	guozhan	gz_huaxin	gz_huaxin	gz_huaxin	wei	434627
SKILL	guozhan	gz_huaxin	wanggui			434629
SKILL	guozhan	gz_huaxin	fakexibing	息兵		434632
CHAR	guozhan	gz_luyusheng	gz_luyusheng	gz_luyusheng	wu	434722
SKILL	guozhan	gz_luyusheng	fakezhente	贞特		434724
SKILL	guozhan	gz_luyusheng	fakezhiwei	至微		434741
CHAR	guozhan	gz_zongyu	gz_zongyu	gz_zongyu	shu	434887
SKILL	guozhan	gz_zongyu	zyqiao			434889
SKILL	guozhan	gz_zongyu	gzchengshang	承赏		434892
CHAR	guozhan	gz_miheng	gz_miheng	祢衡	qun	434945
SKILL	guozhan	gz_miheng	fakekuangcai	狂才		434947
SKILL	guozhan	gz_miheng	gzshejian	舌箭		434962
CHAR	guozhan	gz_fengxi	gz_fengxi	gz_fengxi	wu	435066
SKILL	guozhan	gz_fengxi	gzyusui	玉碎		435068
SKILL	guozhan	gz_fengxi	gzboyan	驳言		435133
CHAR	guozhan	gz_dengzhi	gz_dengzhi	邓芝	shu	435241
SKILL	guozhan	gz_dengzhi	gzjianliang	简亮		435243
SKILL	guozhan	gz_dengzhi	gzweimeng	危盟		435288
CHAR	guozhan	gz_re_nanhualaoxian	gz_re_nanhualaoxian	gz_re_nanhualaoxian	qun	435365
SKILL	guozhan	gz_re_nanhualaoxian	gzgongxiu	共修		435367
SKILL	guozhan	gz_re_nanhualaoxian	gztaidan	太丹		435384
SKILL	guozhan	gz_re_nanhualaoxian	gzjinghe_new	经合		435401
CHAR	guozhan	gz_zhouyi	gz_zhouyi	gz_zhouyi	wu	435450
SKILL	guozhan	gz_zhouyi	gzzhukou	逐寇		435452
SKILL	guozhan	gz_zhouyi	gzduannian	断念		435482
SKILL	guozhan	gz_zhouyi	gzlianyou	莲佑		435520
CHAR	guozhan	gz_re_xunchen	gz_re_xunchen	gz_re_xunchen	qun	435549
SKILL	guozhan	gz_re_xunchen	gzfenglve	锋略		435551
SKILL	guozhan	gz_re_xunchen	gzanyong	暗涌		435644
CHAR	guozhan	gz_lvlingqi	gz_lvlingqi	gz_lvlingqi	qun	435688
SKILL	guozhan	gz_lvlingqi	guowu			435690
SKILL	guozhan	gz_lvlingqi	gzshenwei	神威		435693
SKILL	guozhan	gz_lvlingqi	gzzhuangrong	妆戎		435718
CHAR	guozhan	gz_dc_yanghu	gz_dc_yanghu	gz_dc_yanghu	wei	435743
SKILL	guozhan	gz_dc_yanghu	gzdeshao	德劭		435745
SKILL	guozhan	gz_dc_yanghu	gzmingfa	明伐		435784
CHAR	guozhan	gz_jun_caocao	gz_jun_caocao	君曹操	wei	435831
SKILL	guozhan	gz_jun_caocao	jianan	建安		435833
SKILL	guozhan	gz_jun_caocao	huibian	挥鞭		435854
SKILL	guozhan	gz_jun_caocao	gzzongyu	总御		435914
CHAR	guozhan	gz_liaohua	gz_liaohua	gz_liaohua	shu	436041
SKILL	guozhan	gz_liaohua	gzdangxian	当先		436043
CHAR	guozhan	gz_zhugejin	gz_zhugejin	gz_zhugejin	wu	436096
SKILL	guozhan	gz_zhugejin	gzhuanshi	缓释		436098
SKILL	guozhan	gz_zhugejin	gzhongyuan	弘援		436169
SKILL	guozhan	gz_zhugejin	gzmingzhe	明哲		436237
CHAR	guozhan	gz_yangxiu	gz_yangxiu	gz_yangxiu	wei	436277
SKILL	guozhan	gz_yangxiu	gzdanlao			436279
SKILL	guozhan	gz_yangxiu	gzjilei			436292
CHAR	guozhan	gz_zumao	gz_zumao	gz_zumao	wu	436339
SKILL	guozhan	gz_zumao	yinbing			436341
SKILL	guozhan	gz_zumao	juedi			436344
CHAR	guozhan	gz_fuwan	gz_fuwan	gz_fuwan	qun	436347
SKILL	guozhan	gz_fuwan	gzmoukui	谋溃		436349
CHAR	guozhan	gz_chendao	gz_chendao	gz_chendao	shu	436419
SKILL	guozhan	gz_chendao	drlt_wanglie			436421
CHAR	guozhan	gz_tw_tianyu	gz_tw_tianyu	gz_tw_tianyu	wei	436424
SKILL	guozhan	gz_tw_tianyu	gzzhenxi	震袭		436426
SKILL	guozhan	gz_tw_tianyu	gzjiansu	俭素		436552
CHAR	guozhan	gz_tw_liufuren	gz_tw_liufuren	gz_tw_liufuren	qun	436662
SKILL	guozhan	gz_tw_liufuren	gzzhuidu	追妒		436664
SKILL	guozhan	gz_tw_liufuren	gzshigong	示恭		436726
CHAR	guozhan	gz_old_huaxiong	gz_old_huaxiong	华雄	qun	436808
SKILL	guozhan	gz_old_huaxiong	gzyaowu	耀武		436810
SKILL	guozhan	gz_old_huaxiong	gzshiyong	恃勇		436867
CHAR	guozhan	gz_tw_xiahoushang	gz_tw_xiahoushang	gz_tw_xiahoushang	wei	436896
SKILL	guozhan	gz_tw_xiahoushang	gztanfeng	探锋		436898
CHAR	guozhan	gz_xf_huangquan	gz_xf_huangquan	gz_xf_huangquan	wei	437003
SKILL	guozhan	gz_xf_huangquan	gzdianhu	点虎		437005
SKILL	guozhan	gz_xf_huangquan	gzjianji	谏计		437066
CHAR	guozhan	gz_guohuai	gz_guohuai	gz_guohuai	wei	437101
SKILL	guozhan	gz_guohuai	gzduanshi	断势		437103
SKILL	guozhan	gz_guohuai	gzjingce	精策		437156
CHAR	guozhan	gz_guanqiujian	gz_guanqiujian	gz_guanqiujian	wei	437203
SKILL	guozhan	gz_guanqiujian	gzzhengrong	征荣		437205
SKILL	guozhan	gz_guanqiujian	gzhongju	鸿举		437249
CHAR	guozhan	gz_zhujun	gz_zhujun	gz_zhujun	qun	437307
SKILL	guozhan	gz_zhujun	gzgongjian	攻坚		437309
SKILL	guozhan	gz_zhujun	gzkuimang	溃蟒		437428
CHAR	guozhan	gz_chengong	gz_chengong	gz_chengong	qun	437451
SKILL	guozhan	gz_chengong	gzyinpan	引叛		437453
SKILL	guozhan	gz_chengong	gzxingmou	兴谋		437543
CHAR	guozhan	gz_re_xugong	gz_re_xugong	gz_re_xugong	wu	437563
SKILL	guozhan	gz_re_xugong	gzbiaozhao	表召		437565
SKILL	guozhan	gz_re_xugong	gzyechou	业仇		437634
CHAR	guozhan	gz_key_ushio	gz_key_ushio	冈崎汐	key	437720
SKILL	guozhan	gz_key_ushio	ushio_huanxin	幻心		437722
SKILL	guozhan	gz_key_ushio	ushio_xilv	汐旅		437753
CHAR	guozhan	gz_wangling	gz_wangling	王凌	wei	437767
SKILL	guozhan	gz_wangling	fakemibei	秘备		437769
CHAR	guozhan	gz_yanyan	gz_yanyan	gz_yanyan	shu	437934
SKILL	guozhan	gz_yanyan	fakejuzhan	拒战		437936
CHAR	guozhan	gz_xin_zhuran	gz_xin_zhuran	朱然	wu	438039
SKILL	guozhan	gz_xin_zhuran	fakedanshou	胆守		438041
CHAR	guozhan	gz_gaoshun	gz_gaoshun	gz_gaoshun	qun	438152
SKILL	guozhan	gz_gaoshun	fakexunxi	迅析		438154
SKILL	guozhan	gz_gaoshun	fakehuanjia	擐甲		438175
CHAR	guozhan	gz_re_xusheng	gz_re_xusheng	界徐盛	wu	438411
SKILL	guozhan	gz_re_xusheng	repojun			438413
CHAR	guozhan	gz_ol_zhonghui	gz_ol_zhonghui	OL钟会	wei	438416
SKILL	guozhan	gz_ol_zhonghui	gz_ol_quanji	权计		438418
SKILL	guozhan	gz_ol_zhonghui	gz_ol_paiyi	排异		438484
SKILL	guozhan	gz_ol_zhonghui	gz_yaopan	邀叛		438553
CHAR	guozhan	gz_ol_wuyi	gz_ol_wuyi	OL吴懿	shu	438637
SKILL	guozhan	gz_ol_wuyi	gz_ol_benxi	奔袭		438639
SKILL	guozhan	gz_ol_wuyi	gz_ol_zhuanzheng	转征		438676
CHAR	guozhan	gz_chengpu	gz_chengpu	OL程普	wu	438734
SKILL	guozhan	gz_chengpu	gz_ol_daohuo	蹈火		438736
SKILL	guozhan	gz_chengpu	gz_ol_chunlao	醇醪		438838
CHAR	guozhan	gz_ol_xuyou	gz_ol_xuyou	OL许攸	qun	438931
SKILL	guozhan	gz_ol_xuyou	gz_ol_chenglve	成略		438933
SKILL	guozhan	gz_ol_xuyou	gz_ol_fushi	附势		439073
CHAR	guozhan	gz_luzhi	gz_luzhi	鲁芝	wei	439112
SKILL	guozhan	gz_luzhi	gz_qingzhong	清忠		439114
SKILL	guozhan	gz_luzhi	gz_weijing	卫境		439176
CHAR	guozhan	gz_ol_wangrong	gz_ol_wangrong	王荣	qun	439275
SKILL	guozhan	gz_ol_wangrong	olfengzi			439277
SKILL	guozhan	gz_ol_wangrong	oljizhan			439280
SKILL	guozhan	gz_ol_wangrong	olfusong			439283
CHAR	guozhan	gz_re_lvbu	gz_re_lvbu	gz_re_lvbu	qun	439286
SKILL	guozhan	gz_re_lvbu	wushuang			439288
SKILL	guozhan	gz_re_lvbu	new_liyu			439291
CHAR	guozhan	gz_mayunlu	gz_mayunlu	gz_mayunlu	shu	439294
SKILL	guozhan	gz_mayunlu	gz_mashu	马术		439296
SKILL	guozhan	gz_mayunlu	gzfengpo	凤魄		439308
CHAR	guozhan	gz_re_lidian	gz_re_lidian	gz_re_lidian	wei	439354
SKILL	guozhan	gz_re_lidian	xunxun			439356
SKILL	guozhan	gz_re_lidian	wangxi			439359
CHAR	guozhan	gz_zangba	gz_zangba	gz_zangba	wei	439362
SKILL	guozhan	gz_zangba	gz_hengjiang	横江		439364
CHAR	guozhan	gz_madai	gz_madai	gz_madai	shu	439443
SKILL	guozhan	gz_madai	gz_md_mashu			439445
SKILL	guozhan	gz_madai	qianxi			439452
CHAR	guozhan	gz_mifuren	gz_mifuren	gz_mifuren	shu	439455
SKILL	guozhan	gz_mifuren	gz_guixiu	闺秀		439457
SKILL	guozhan	gz_mifuren	gz_cunsi	存嗣		439484
CHAR	guozhan	gz_sunce	gz_sunce	gz_sunce	wu	439552
SKILL	guozhan	gz_sunce	jiang			439554
SKILL	guozhan	gz_sunce	yingyang	鹰扬		439557
SKILL	guozhan	gz_sunce	baka_hunshang	魂殇		439638
CHAR	guozhan	gz_chendong	gz_chendong	gz_chendong	wu	439687
SKILL	guozhan	gz_chendong	duanxie			439689
SKILL	guozhan	gz_chendong	fake_fenming	奋命		439692
CHAR	guozhan	gz_sp_dongzhuo	gz_sp_dongzhuo	gz_sp_dongzhuo	qun	439730
SKILL	guozhan	gz_sp_dongzhuo	hengzheng			439732
SKILL	guozhan	gz_sp_dongzhuo	fake_baoling	暴凌		439735
CHAR	guozhan	gz_zhangren	gz_zhangren	gz_zhangren	qun	439757
SKILL	guozhan	gz_zhangren	chuanxin			439759
SKILL	guozhan	gz_zhangren	gz_fengshi	锋矢		439762
CHAR	guozhan	gz_shen_zhaoyun	gz_shen_zhaoyun	神赵云	shen	439786
SKILL	guozhan	gz_shen_zhaoyun	gz_juejing	绝境		439788
SKILL	guozhan	gz_shen_zhaoyun	gz_longhun	龙魂		439827
CHAR	guozhan	gz_shen_guanyu	gz_shen_guanyu	神关羽	shen	440060
SKILL	guozhan	gz_shen_guanyu	gz_wushen	武神		440062
SKILL	guozhan	gz_shen_guanyu	gz_wuhun	()		440122
CHAR	guozhan	gz_shen_lvmeng	gz_shen_lvmeng	神吕蒙	shen	440175
SKILL	guozhan	gz_shen_lvmeng	gz_shelie	涉猎		440177
SKILL	guozhan	gz_shen_lvmeng	gz_gongxin	攻心		440243
CHAR	guozhan	gz_shen_lvbu	gz_shen_lvbu	神吕布	shen	440312
SKILL	guozhan	gz_shen_lvbu	gz_wuqian	无前		440314
SKILL	guozhan	gz_shen_lvbu	gz_shenfen	神愤		440443
CHAR	guozhan	gz_shen_caocao	gz_shen_caocao	神曹操	shen	440500
SKILL	guozhan	gz_shen_caocao	gz_guixin	归心		440502
SKILL	guozhan	gz_shen_caocao	gz_feiying	飞影		440523
CHAR	guozhan	gz_shen_zhouyu	gz_shen_zhouyu	神周瑜	shen	440535
SKILL	guozhan	gz_shen_zhouyu	gz_qinyin	琴音		440537
SKILL	guozhan	gz_shen_zhouyu	gz_yeyan	业炎		440623
CHAR	guozhan	gz_shen_simayi	gz_shen_simayi	神司马懿	shen	440654
SKILL	guozhan	gz_shen_simayi	gz_jilve	极略		440656
SKILL	guozhan	gz_shen_simayi	gz_lianpo	连破		440734
CHAR	guozhan	gz_shen_luxun	gz_shen_luxun	神陆逊	shen	440752
SKILL	guozhan	gz_shen_luxun	gz_junlve	军略		440754
SKILL	guozhan	gz_shen_luxun	gz_cuike	摧克		440780
SKILL	guozhan	gz_shen_luxun	gz_zhanhuo	绽火		440814
CHAR	guozhan	gz_shen_ganning	gz_shen_ganning	神甘宁	shen	440897
SKILL	guozhan	gz_shen_ganning	gz_poxi	魄袭		440899
SKILL	guozhan	gz_shen_ganning	gz_gn_jieying	劫营		440907
CHAR	guozhan	gz_shen_zhangliao	gz_shen_zhangliao	神张辽	shen	441075
SKILL	guozhan	gz_shen_zhangliao	gz_duorui	夺锐		441077
SKILL	guozhan	gz_shen_zhangliao	gz_zhiti	止啼		441210
CHAR	guozhan	gz_shen_liubei	gz_shen_liubei	神刘备	shen	441235
SKILL	guozhan	gz_shen_liubei	gz_longnu	龙怒		441237
SKILL	guozhan	gz_shen_liubei	gz_jieying	结营		441354
CHAR	guozhan	gz_shen_zhugeliang	gz_shen_zhugeliang	神诸葛亮	shen	441439
SKILL	guozhan	gz_shen_zhugeliang	gz_qixing	七星		441441
SKILL	guozhan	gz_shen_zhugeliang	gz_kuangfeng	狂风		441557
SKILL	guozhan	gz_shen_zhugeliang	gz_dawu	大雾		441667
CHAR	guozhan	gz_zhugedan	gz_zhugedan	诸葛诞	ye	441802
SKILL	guozhan	gz_zhugedan	gz_gongao	功獒		441804
CHAR	guozhan	gz_pot_weiyan	gz_pot_weiyan	魏延	ye	441834
SKILL	guozhan	gz_pot_weiyan	gz_new_kuanggu	狂骨		441836
CHAR	guozhan	gz_sb_lvbu	gz_sb_lvbu	吕布	ye	441869
SKILL	guozhan	gz_sb_lvbu	gz_wuchang	无常		441871
SKILL	guozhan	gz_sb_lvbu	gz_liyu	利驭		442007
CHAR	guozhan	gz_yl_yuanshu	gz_yl_yuanshu	袁术	ye	442088
SKILL	guozhan	gz_yl_yuanshu	gz_new_yongsi	庸肆		442090
SKILL	guozhan	gz_yl_yuanshu	gz_new_weidi	伪帝		442150
CHAR	guozhan	gz_jsrg_liuyan	gz_jsrg_liuyan	刘焉	ye	442233
SKILL	guozhan	gz_jsrg_liuyan	gz_tushe	图射		442235
SKILL	guozhan	gz_jsrg_liuyan	gz_limu	立牧		442259
CHAR	guozhan	gz_yangwan	gz_yangwan	gz_yangwan	shu	442353
SKILL	guozhan	gz_yangwan	gzyouyan	诱言		442355
SKILL	guozhan	gz_yangwan	gzzhuihuan	追还		442420
CHAR	guozhan	gz_shichangshi	gz_shichangshi	十常侍	qun	442517
SKILL	guozhan	gz_shichangshi	gz_danggu	党锢		442519
SKILL	guozhan	gz_shichangshi	gz_mowang	殁亡		442654
CHAR	guozhan	gz_scs_zhangrang	gz_scs_zhangrang	gz_scs_zhangrang	qun	442777
SKILL	guozhan	gz_scs_zhangrang	gz_taoluan	滔乱		442779
CHAR	guozhan	gz_scs_zhaozhong	gz_scs_zhaozhong	gz_scs_zhaozhong	qun	442852
SKILL	guozhan	gz_scs_zhaozhong	gz_chiyan	鸱咽		442854
CHAR	guozhan	gz_scs_sunzhang	gz_scs_sunzhang	gz_scs_sunzhang	qun	442952
SKILL	guozhan	gz_scs_sunzhang	gz_zimou	自谋		442954
CHAR	guozhan	gz_scs_bilan	gz_scs_bilan	gz_scs_bilan	qun	442995
SKILL	guozhan	gz_scs_bilan	gz_picai	庀材		442997
CHAR	guozhan	gz_scs_xiayun	gz_scs_xiayun	gz_scs_xiayun	qun	443063
SKILL	guozhan	gz_scs_xiayun	gz_yaozhuo	谣诼		443065
CHAR	guozhan	gz_scs_hankui	gz_scs_hankui	gz_scs_hankui	qun	443148
SKILL	guozhan	gz_scs_hankui	gz_xiaolu	宵赂		443150
CHAR	guozhan	gz_scs_lisong	gz_scs_lisong	gz_scs_lisong	qun	443222
SKILL	guozhan	gz_scs_lisong	gz_kuiji	窥机		443224
CHAR	guozhan	gz_scs_duangui	gz_scs_duangui	gz_scs_duangui	qun	443312
SKILL	guozhan	gz_scs_duangui	gz_chihe	叱吓		443314
CHAR	guozhan	gz_scs_guosheng	gz_scs_guosheng	gz_scs_guosheng	qun	443358
SKILL	guozhan	gz_scs_guosheng	gz_niqu	逆取		443360
CHAR	guozhan	gz_scs_gaowang	gz_scs_gaowang	gz_scs_gaowang	qun	443384
SKILL	guozhan	gz_scs_gaowang	gz_miaoyu	妙语		443386
CHAR	guozhan	gz_gaolan	gz_gaolan	高览	qun	443426
SKILL	guozhan	gz_gaolan	gz_jungong	峻攻		443428
SKILL	guozhan	gz_gaolan	gz_dengli	等力		443483
CHAR	guozhan	gz_caoang	gz_caoang	曹昂	wei	443524
SKILL	guozhan	gz_caoang	kaikang			443526
CHAR	guozhan	gz_zhangxingcai	gz_zhangxingcai	张星彩	shu	443529
SKILL	guozhan	gz_zhangxingcai	shenxian			443531
SKILL	guozhan	gz_zhangxingcai	gz_qiangwu	枪舞		443534
CHAR	guozhan	gz_quyi	gz_quyi	麴义	qun	443631
SKILL	guozhan	gz_quyi	fuqi			443633
SKILL	guozhan	gz_quyi	jiaozi			443636
CHAR	guozhan	gz_ws_caoying	gz_ws_caoying	曹婴	wei	443639
SKILL	guozhan	gz_ws_caoying	gz_lingren	凌人		443641
SKILL	guozhan	gz_ws_caoying	gz_fujian	伏间		443700
CHAR	guozhan	gz_ws_guansuo	gz_ws_guansuo	关索	shu	443734
SKILL	guozhan	gz_ws_guansuo	gz_zhengnan	征南		443736
CHAR	guozhan	gz_zhangxuan	gz_zhangxuan	张嫙	wu	443771
SKILL	guozhan	gz_zhangxuan	gz_tongli	同礼		443773
SKILL	guozhan	gz_zhangxuan	gz_shezang	奢葬		443826
CHAR	guozhan	gz_zhangyao	gz_zhangyao	张媱	wu	443850
SKILL	guozhan	gz_zhangyao	gz_yuanyu	怨语		443852
SKILL	guozhan	gz_zhangyao	gz_xiyan	夕颜		443897
CHAR	guozhan	gz_guanyinping	gz_guanyinping	关银屏	shu	443981
SKILL	guozhan	gz_guanyinping	xueji			443983
SKILL	guozhan	gz_guanyinping	gz_huxiao	虎啸		443986
CHAR	guozhan	gz_xinxianying	gz_xinxianying	辛宪英	wei	444069
SKILL	guozhan	gz_xinxianying	gz_caishi	才识		444071
CHAR	guozhan	gz_yj_zhanghe	gz_yj_zhanghe	张郃	qun	444166
SKILL	guozhan	gz_yj_zhanghe	gz_zhilve	知略		444168
CHAR	guozhan	gz_mizhu	gz_mizhu	糜竺	shu	444258
SKILL	guozhan	gz_mizhu	gz_ziyuan	资援		444260
SKILL	guozhan	gz_mizhu	gz_jugu	巨贾		444356
CHAR	guozhan	gz_caochun	gz_caochun	曹纯	wei	444381
SKILL	guozhan	gz_caochun	gz_shanjia	缮甲		444383
CHAR	guozhan	gz_jun_jin_simayi	gz_jun_jin_simayi	君司马懿	jin	444418
SKILL	guozhan	gz_jun_jin_simayi	gz_jiaping	嘉平		444420
SKILL	guozhan	gz_jun_jin_simayi	gz_guikuang	诡诳		444552
SKILL	guozhan	gz_jun_jin_simayi	gz_shujuan	舒卷		444604
CHAR	guozhan	gz_simaliang	gz_simaliang	司马亮	jin	444683
SKILL	guozhan	gz_simaliang	gz_gongzhi	共执		444685
SKILL	guozhan	gz_simaliang	gz_sheju	慑惧		444708
CHAR	guozhan	gz_wangjun	gz_wangjun	王濬	jin	444729
SKILL	guozhan	gz_wangjun	gz_chengliu	乘流		444731
CHAR	guozhan	gz_malong	gz_malong	马隆	jin	444791
SKILL	guozhan	gz_malong	gz_zhuanzhan	转战		444793
SKILL	guozhan	gz_malong	gz_xunji	勋济		444813
CHAR	guozhan	gz_simalun	gz_simalun	司马伦	jin	444878
SKILL	guozhan	gz_simalun	gz_zhulan	助澜		444880
SKILL	guozhan	gz_simalun	gz_luanchang	乱常		444913
CHAR	guozhan	gz_jin_guohuai	gz_jin_guohuai	郭槐	jin	444955
SKILL	guozhan	gz_jin_guohuai	gz_zhefu	哲妇		444957
SKILL	guozhan	gz_jin_guohuai	gz_yidu	遗毒		445006
CHAR	guozhan	gz_wenyang	gz_wenyang	文鸯	jin	445071
SKILL	guozhan	gz_wenyang	gz_duanqiu	断虬		445073
CHAR	guozhan	gz_bailingyun	gz_bailingyun	柏夫人	jin	445200
SKILL	guozhan	gz_bailingyun	gz_xiace	黠策		445202
SKILL	guozhan	gz_bailingyun	gz_limeng	离梦		445285
SKILL	guozhan	gz_bailingyun	gz_xiejian	挟奸		445394
SKILL	guozhan	gz_bailingyun	gz_yinsha	引杀		445441
CHAR	guozhan	gz_yangjun	gz_yangjun	杨骏	jin	445537
SKILL	guozhan	gz_yangjun	gz_neiji	内忌		445539
CHAR	guozhan	gz_wangxiang	gz_wangxiang	王祥	jin	445647
SKILL	guozhan	gz_wangxiang	gz_bingxin	冰心		445649
CHAR	guozhan	gz_jin_zhangchunhua	gz_jin_zhangchunhua	gz_jin_zhangchunhua	jin	445804
SKILL	guozhan	gz_jin_zhangchunhua	gzhuishi	慧识		445806
SKILL	guozhan	gz_jin_zhangchunhua	fakeqingleng	清冷		445875
CHAR	guozhan	gz_new_jin_zhangchunhua	gz_new_jin_zhangchunhua	绶张春华	jin	445988
SKILL	guozhan	gz_new_jin_zhangchunhua	gz_ejue	扼绝		445990
SKILL	guozhan	gz_new_jin_zhangchunhua	gz_shangshi	伤逝		446010
CHAR	guozhan	gz_jin_simayi	gz_jin_simayi	gz_jin_simayi	jin	446029
SKILL	guozhan	gz_jin_simayi	fakequanbian	权变		446031
SKILL	guozhan	gz_jin_simayi	smyyingshi			446088
SKILL	guozhan	gz_jin_simayi	fakezhouting	骤霆		446091
CHAR	guozhan	gz_new_jin_simayi	gz_new_jin_simayi	绶司马懿	jin	446135
SKILL	guozhan	gz_new_jin_simayi	gz_yingshi	鹰视		446137
SKILL	guozhan	gz_new_jin_simayi	gz_shunfu	瞬覆		446184
CHAR	guozhan	gz_jin_wangyuanji	gz_jin_wangyuanji	gz_jin_wangyuanji	jin	446229
CHAR	guozhan	gz_jin_simazhao	gz_jin_simazhao	gz_jin_simazhao	jin	446231
CHAR	guozhan	gz_jin_xiahouhui	gz_jin_xiahouhui	gz_jin_xiahouhui	jin	446233
SKILL	guozhan	gz_jin_xiahouhui	fakebaoqie	宝箧		446235
SKILL	guozhan	gz_jin_xiahouhui	jyishi			446328
SKILL	guozhan	gz_jin_xiahouhui	shiduo			446331
CHAR	guozhan	gz_jin_simashi	gz_jin_simashi	gz_jin_simashi	jin	446334
CHAR	guozhan	gz_duyu	gz_duyu	gz_duyu	jin	446336
CHAR	guozhan	gz_zhanghuyuechen	gz_zhanghuyuechen	gz_zhanghuyuechen	jin	446338
CHAR	guozhan	gz_jin_yanghuiyu	gz_jin_yanghuiyu	gz_jin_yanghuiyu	jin	446340
CHAR	guozhan	gz_simazhou	gz_simazhou	gz_simazhou	jin	446342
CHAR	guozhan	gz_shibao	gz_shibao	gz_shibao	jin	446344
CHAR	guozhan	gz_weiguan	gz_weiguan	gz_weiguan	jin	446346
CHAR	guozhan	gz_zhongyan	gz_zhongyan	gz_zhongyan	jin	446348
SKILL	guozhan	gz_zhongyan	gzbolan	博览		446350
SKILL	guozhan	gz_zhongyan	yifa			446447
CHAR	guozhan	gz_yangyan	gz_yangyan	gz_yangyan	jin	446450
SKILL	guozhan	gz_yangyan	gzxuanbei	选备		446452
SKILL	guozhan	gz_yangyan	xianwan			446545
CHAR	guozhan	gz_zuofen	gz_zuofen	gz_zuofen	jin	446548
SKILL	guozhan	gz_zuofen	gzzhaosong	诏颂		446550
SKILL	guozhan	gz_zuofen	gzlisi	离思		446659
CHAR	guozhan	gz_xuangongzhu	gz_xuangongzhu	gz_xuangongzhu	jin	446683
SKILL	guozhan	gz_xuangongzhu	fakeqimei	齐眉		446685
SKILL	guozhan	gz_xuangongzhu	ybzhuiji			446808
CHAR	guozhan	gz_xinchang	gz_xinchang	gz_xinchang	jin	446811
SKILL	guozhan	gz_xinchang	fakecanmou	参谋		446813
SKILL	guozhan	gz_xinchang	congjian			446892
CHAR	guozhan	gz_yangzhi	gz_yangzhi	gz_yangzhi	jin	446895
SKILL	guozhan	gz_yangzhi	gzwanyi	婉嫕		446897
SKILL	guozhan	gz_yangzhi	gzmaihuo	埋祸		446969
CHAR	guozhan	gz_jin_jiachong	gz_jin_jiachong	贾充	jin	447055
CHAR	guozhan	gz_jin_yanghu	gz_jin_yanghu	羊祜	jin	447057
CHAR	guozhan	gz_sp_duyu	gz_sp_duyu	gz_sp_duyu	qun	447059
SKILL	guozhan	gz_sp_duyu	gz_wuku	武库		447061
SKILL	guozhan	gz_sp_duyu	gz_miewu	灭吴		447091
CHAR	guozhan	gz_pk_sp_duyu	gz_pk_sp_duyu	杜预	qun	447216
SKILL	guozhan	gz_pk_sp_duyu	fakezhufu	注傅		447218
CHAR	guozhan	gz_caoying	gz_caoying	手杀曹婴	wei	447512
SKILL	guozhan	gz_caoying	xinfu_lingren			447514
SKILL	guozhan	gz_caoying	xinfu_fujian			447517
CHAR	guozhan	gz_guansuo	gz_guansuo	手杀关索	shu	447520
SKILL	guozhan	gz_guansuo	zhengnan			447522
SKILL	guozhan	gz_guansuo	xiefang			447525
CHAR	guozhan	gz_dengai	gz_dengai	gz_dengai	wei	447528
SKILL	guozhan	gz_dengai	tuntian			447530
SKILL	guozhan	gz_dengai	ziliang	资粮		447533
SKILL	guozhan	gz_dengai	gz_jixi	急袭		447569
CHAR	guozhan	gz_caohong	gz_caohong	gz_caohong	wei	447584
SKILL	guozhan	gz_caohong	fake_huyuan	护援		447586
SKILL	guozhan	gz_caohong	heyi	鹤翼		447673
CHAR	guozhan	gz_jiangfei	gz_jiangfei	gz_jiangfei	shu	447697
SKILL	guozhan	gz_jiangfei	gz_shengxi	生息		447699
SKILL	guozhan	gz_jiangfei	gz_shoucheng	守成		447718
CHAR	guozhan	gz_jiangwei	gz_jiangwei	gz_jiangwei	shu	447773
SKILL	guozhan	gz_jiangwei	tiaoxin			447775
SKILL	guozhan	gz_jiangwei	yizhi	遗志		447778
SKILL	guozhan	gz_jiangwei	tianfu	天覆		447795
CHAR	guozhan	gz_xusheng	gz_xusheng	gz_xusheng	wu	447812
SKILL	guozhan	gz_xusheng	gz_yicheng_new	疑城		447814
CHAR	guozhan	gz_jiangqing	gz_jiangqing	gz_jiangqing	wu	447840
SKILL	guozhan	gz_jiangqing	gz_shangyi	尚义		447842
SKILL	guozhan	gz_jiangqing	niaoxiang	鸟翔		447896
CHAR	guozhan	gz_hetaihou	gz_hetaihou	gz_hetaihou	qun	447938
SKILL	guozhan	gz_hetaihou	zhendu			447940
SKILL	guozhan	gz_hetaihou	qiluan			447943
CHAR	guozhan	gz_yuji	gz_yuji	于吉	qun	447946
SKILL	guozhan	gz_yuji	qianhuan	千幻		447948
SKILL	gz_native_rest		gzfengpo	凤魄		448087
SKILL	gz_native_rest		gz_ol_chenglve	成略		448133
SKILL	gz_native_rest		gz_ol_fushi	附势		448273
SKILL	gz_native_rest		gz_ol_zezhu	择主		448312
SKILL	gz_native_rest		gz_ol_chenggong	逞功		448348
SKILL	gz_native_rest		gz_ol_daohuo	蹈火		448407
SKILL	gz_native_rest		gz_ol_chunlao	醇醪		448509
SKILL	gz_native_rest		gz_ol_benxi	奔袭		448602
SKILL	gz_native_rest		gz_ol_zhuanzheng	转征		448639
SKILL	gz_native_rest		gz_mb_qianxun	谦逊		448697
SKILL	gz_native_rest		gz_mb_duoshi	度势		448776
SKILL	gz_native_rest		gz_ol_quanji	权计		448905
SKILL	gz_native_rest		gz_ol_paiyi	排异		448971
SKILL	gz_native_rest		gz_yaopan	邀叛		449040
SKILL	gz_native_rest		gzguishu	鬼术		449124
SKILL	gz_native_rest		gzyuanyu	远域		449198
SKILL	gz_native_rest		gzmoukui	谋溃		449231
SKILL	gz_native_rest		gzjinghe_new	经合		449301
SKILL	gz_native_rest		gzdujin	独进		449350
SKILL	gz_native_rest		gzqizhi	奇制		449397
SKILL	gz_native_rest		gzjinqu	进趋		449407
SKILL	gz_native_rest		gzxionghuo	凶镬		449441
SKILL	gz_native_rest		gzkanji	勘集		449525
SKILL	gz_native_rest		gzchenjian	陈见		449582
SKILL	gz_native_rest		gzxixiu	皙秀		449710
SKILL	gz_native_rest		gzyaner	燕尔		449770
SKILL	gz_native_rest		gzsidi	司敌		449783
SKILL	gz_native_rest		gzshushen_new	gzshushen_new		449971
SKILL	gz_native_rest		gzyicheng_new	gzyicheng_new		449999
SKILL	gz_native_rest		gzduoshi	gzduoshi		450022
SKILL	gz_native_rest		gzhengjiang	gzhengjiang		450039
SKILL	gz_native_rest		gzchengshang	承赏		450107
SKILL	gz_native_rest		fakexiaoguo	fakexiaoguo		450160
SKILL	gz_native_rest		fakeduanbing	fakeduanbing		450218
SKILL	gz_native_rest		fakeduoshi	度势		450260
SKILL	gz_native_rest		fakehanzhan	fakehanzhan		450364
SKILL	gz_native_rest		fakeshuangxiong	fakeshuangxiong		450436
SKILL	gz_native_rest		fakeyicheng	疑城		450467
SKILL	gz_native_rest		fakefenming	fakefenming		450493
SKILL	gz_native_rest		fakebaoling	fakebaoling		450531
SKILL	gz_native_rest		fakebenghuai	fakebenghuai		450553
SKILL	gz_native_rest		fakediaodu	调度		450588
SKILL	gz_native_rest		fakeyigui	fakeyigui		450631
SKILL	gz_native_rest		fakejihun	fakejihun		450970
SKILL	gz_native_rest		fakejueyan	决堰		451022
SKILL	gz_native_rest		fakejizhi	集智		451084
SKILL	gz_native_rest		fakequanji	权计		451097
SKILL	gz_native_rest		fakepaiyi	排异		451138
SKILL	gz_native_rest		fakeshilu	嗜戮		451230
SKILL	gz_native_rest		fakexiongnve	凶虐		451396
SKILL	gz_native_rest		fakehuaiyi	怀异		451455
SKILL	gz_native_rest		fakezisui	恣睢		451626
SKILL	gz_native_rest		fakejujian	举荐		451704
SKILL	gz_native_rest		fakexibing	息兵		451748
SKILL	gz_native_rest		fakechengshang	承赏		451838
SKILL	gz_native_rest		fakezhente	贞特		451947
SKILL	gz_native_rest		fakezhiwei	至微		451964
SKILL	gz_native_rest		fakekuangcai	狂才		452110
SKILL	gz_native_rest		faketunchu	屯储		452125
SKILL	gz_native_rest		fakeshuliang	输粮		452188
SKILL	gz_native_rest		fakedujin	独进		452224
SKILL	gz_native_rest		fakezhufu	注傅		452271
SKILL	gz_native_rest		fakeguishu	鬼术		452565
SKILL	gz_native_rest		fakeyuanyu	远域		452574
SKILL	gz_native_rest		fakemibei	秘备		452610
SKILL	gz_native_rest		fakeqizhi	奇制		452775
SKILL	gz_native_rest		fakejinqu	进趋		452824
SKILL	gz_native_rest		fakejuzhan	拒战		452858
SKILL	gz_native_rest		fakedanshou	胆守		452961
SKILL	gz_native_rest		fakexunxi	迅析		453072
SKILL	gz_native_rest		fakehuanjia	擐甲		453093
SKILL	gz_native_rest		fakehuyuan	fakehuyuan		453329
SKILL	gz_native_rest		fakekeshou	恪守		453411
SKILL	gz_native_rest		gzdiaodu	调度		453495
SKILL	gz_native_rest		gzdiaodu_backports	gzdiaodu_backports		453601
SKILL	gz_native_rest		gzqiance	谦策		453710
SKILL	gz_native_rest		gzjujian	举荐		453736
SKILL	gz_native_rest		gztongling	通令		453760
SKILL	gz_native_rest		gzjinyu	近谀		453838
SKILL	gz_native_rest		gzrehuaiyi	怀异		453921
SKILL	gz_native_rest		gzrezisui	恣睢		454117
SKILL	gz_native_rest		gztaidan	太丹		454158
SKILL	gz_native_rest		gztaidan_taipingyaoshu	太丹		454175
SKILL	gz_native_rest		gzrejinghe	经合		454223
SKILL	gz_native_rest		gzrebushi	布施		454334
SKILL	gz_native_rest		gzremidao	米道		454412
SKILL	gz_native_rest		gzbiaozhao	表召		454525
SKILL	gz_native_rest		gzyechou	业仇		454594
SKILL	gz_native_rest		gzyinpan	引叛		454680
SKILL	gz_native_rest		gzxingmou	兴谋		454770
SKILL	gz_native_rest		gzgongjian	攻坚		454790
SKILL	gz_native_rest		gzkuimang	溃蟒		454909
SKILL	gz_native_rest		gzzhengrong	征荣		454932
SKILL	gz_native_rest		gzhongju	鸿举		454976
SKILL	gz_native_rest		gzduanshi	断势		455034
SKILL	gz_native_rest		gzjingce	精策		455087
SKILL	gz_native_rest		gzdianhu	点虎		455134
SKILL	gz_native_rest		gzjianji	谏计		455195
SKILL	gz_native_rest		gzyouyan	诱言		455230
SKILL	gz_native_rest		gzzhuihuan	追还		455295
SKILL	gz_native_rest		gzzhenxi	震袭		455392
SKILL	gz_native_rest		gzjiansu	俭素		455518
SKILL	gz_native_rest		gzzhuidu	追妒		455628
SKILL	gz_native_rest		gzshigong	示恭		455690
SKILL	gz_native_rest		gzyaowu	耀武		455772
SKILL	gz_native_rest		gzshiyong	恃勇		455829
SKILL	gz_native_rest		gztanfeng	探锋		455858
SKILL	gz_native_rest		gzdeshao	德劭		455963
SKILL	gz_native_rest		gzmingfa	明伐		456002
SKILL	gz_native_rest		gzdanlao	gzdanlao		456049
SKILL	gz_native_rest		gzjilei	gzjilei		456062
SKILL	gz_native_rest		gzhuanshi	缓释		456109
SKILL	gz_native_rest		gzhongyuan	弘援		456180
SKILL	gz_native_rest		gzmingzhe	明哲		456248
SKILL	gz_native_rest		gzdangxian	当先		456288
SKILL	gz_native_rest		gzluoyi	gzluoyi		456341
SKILL	gz_native_rest		gzqiangxi	强袭		456393
SKILL	gz_native_rest		gztianxiang	gztianxiang		456405
SKILL	gz_native_rest		gzhongyan	gzhongyan		456512
SKILL	gz_native_rest		gzliegong	gzliegong		456535
SKILL	gz_native_rest		gzkuangfu	gzkuangfu		456601
SKILL	gz_native_rest		gzwushuang	gzwushuang		456650
SKILL	gz_native_rest		gzshensu	gzshensu		456710
SKILL	gz_native_rest		gzshenwei	神威		456761
SKILL	gz_native_rest		gzzhuangrong	妆戎		456786
SKILL	gz_native_rest		wushuang_lvlingqi	wushuang_lvlingqi		456811
SKILL	gz_native_rest		gzfenglve	锋略		456817
SKILL	gz_native_rest		gzfenglve_zongheng	锋略·纵横		456910
SKILL	gz_native_rest		gzanyong	暗涌		456974
SKILL	gz_native_rest		gzzhukou	逐寇		457018
SKILL	gz_native_rest		gzduannian	断念		457048
SKILL	gz_native_rest		gzlianyou	莲佑		457086
SKILL	gz_native_rest		gzxinghuo	兴火		457115
SKILL	gz_native_rest		gzgongxiu	共修		457130
SKILL	gz_native_rest		gzgongxiu2	gzgongxiu2		457147
SKILL	gz_native_rest		gzjinghe	经合		457193
SKILL	gz_native_rest		gzshilu	嗜戮		457298
SKILL	gz_native_rest		gzxiongnve	凶虐		457387
SKILL	gz_native_rest		gzjianliang	简亮		457611
SKILL	gz_native_rest		gzweimeng	危盟		457656
SKILL	gz_native_rest		huoshui	huoshui		457733
SKILL	gz_native_rest		huoshui_norespond	huoshui_norespond		457754
SKILL	gz_native_rest		huoshui_mingzhi	huoshui_mingzhi		457789
SKILL	gz_native_rest		qingcheng	qingcheng		457805
SKILL	gz_native_rest		qingcheng_ai	qingcheng_ai		457813
SKILL	gz_native_rest		gzjuejue	决绝		457829
SKILL	gz_native_rest		gzfangyuan	方圆		457920
SKILL	gz_native_rest		daming	达命		458017
SKILL	gz_native_rest		xiaoni	嚣逆		458185
SKILL	gz_native_rest		gztongduo	统度		458307
SKILL	gz_native_rest		qingyin	清隐		458348
SKILL	gz_native_rest		gzlianpian	联翩		458450
SKILL	gz_native_rest		gzyusui	玉碎		458549
SKILL	gz_native_rest		gzboyan	驳言		458614
SKILL	gz_native_rest		gzjinfa	矜伐		458722
SKILL	gz_native_rest		gzduwu	黩武		458796
SKILL	gz_native_rest		gzxishe	袭射		458933
SKILL	gz_native_rest		gzhuaiyi	怀异		459009
SKILL	gz_native_rest		gzzisui	恣睢		459113
SKILL	gz_native_rest		gzcongcha	聪察		459143
SKILL	gz_native_rest		gzcongcha_ai	gzcongcha_ai		459203
SKILL	gz_native_rest		gzcongcha2	聪察		459239
SKILL	gz_native_rest		gzzhaoxin	昭心		459268
SKILL	gz_native_rest		gzsuzhi	夙智		459305
SKILL	gz_native_rest		gzfankui	gzfankui		459384
SKILL	gz_native_rest		gzbaolie	豹烈		459393
SKILL	gz_native_rest		gzchenglve	成略		459471
SKILL	gz_native_rest		gzshicai	恃才		459537
SKILL	gz_native_rest		gzzhuhai	诛害		459561
SKILL	gz_native_rest		gzzhuhai2	gzzhuhai2		459630
SKILL	gz_native_rest		quanjin	劝进		459655
SKILL	gz_native_rest		zaoyun	凿运		459784
SKILL	gz_native_rest		zaoyun2	zaoyun2		459852
SKILL	gz_native_rest		gzzhidao	雉盗		459868
SKILL	gz_native_rest		gzzhidao2	雉盗		459894
SKILL	gz_native_rest		gzyjili	寄篱		459932
SKILL	gz_native_rest		gzyjili2	寄篱		459989
SKILL	gz_native_rest		donggui	调归		460028
SKILL	gz_native_rest		donggui2	donggui2		460088
SKILL	gz_native_rest		fengyang	风扬		460094
SKILL	gz_native_rest		fengyang_old	风扬		460147
SKILL	gz_native_rest		gzrekuangcai	狂才		460185
SKILL	gz_native_rest		gzkuangcai	狂才		460217
SKILL	gz_native_rest		gzshejian	舌箭		460307
SKILL	gz_native_rest		gzpozhen	破阵		460411
SKILL	gz_native_rest		gzpozhen2	gzpozhen2		460477
SKILL	gz_native_rest		gzjiancai	荐才		460496
SKILL	gz_native_rest		gzxingzhao	兴棹		460569
SKILL	gz_native_rest		gzwenji	问计		460723
SKILL	gz_native_rest		gztunjiang	屯江		460865
SKILL	gz_native_rest		gzbushi	布施		460900
SKILL	gz_native_rest		gzbushi_old	gzbushi_old		460952
SKILL	gz_native_rest		gzmidao	米道		461011
SKILL	gz_native_rest		gzmidao2	gzmidao2		461197
SKILL	gz_native_rest		gzbiluan	避乱		461221
SKILL	gz_native_rest		gzrelixia	礼下		461234
SKILL	gz_native_rest		gzlixia	礼下		461290
SKILL	gz_native_rest		yigui	役鬼		461384
SKILL	gz_native_rest		yigui_init	役鬼		461676
SKILL	gz_native_rest		yigui_refrain	役鬼		461707
SKILL	gz_native_rest		yigui_shan	役鬼		461721
SKILL	gz_native_rest		yigui_wuxie	役鬼		461800
SKILL	gz_native_rest		yigui_gzshan	役鬼		461872
SKILL	gz_native_rest		yigui_gzwuxie	役鬼		461971
SKILL	gz_native_rest		jihun	汲魂		462079
SKILL	gz_native_rest		gzbuyi	补益		462107
SKILL	gz_native_rest		keshou	恪守		462154
SKILL	gz_native_rest		zhuwei	筑围		462230
SKILL	gz_native_rest		gzweidi	伪帝		462293
SKILL	gz_native_rest		gzyongsi	庸肆		462395
SKILL	gz_native_rest		gzfudi	附敌		462491
SKILL	gz_native_rest		gzcongjian	从谏		462596
SKILL	gz_native_rest		g_jianan	五子良将纛		462628
SKILL	gz_native_rest		jianan_eff	jianan_eff		462799
SKILL	gz_native_rest		jianan_tuxi	jianan_tuxi		462807
SKILL	gz_native_rest		jianan_qiaobian	jianan_qiaobian		462813
SKILL	gz_native_rest		jianan_xiaoguo	jianan_xiaoguo		462819
SKILL	gz_native_rest		jianan_jieyue	jianan_jieyue		462825
SKILL	gz_native_rest		jianan_duanliang	jianan_duanliang		462831
SKILL	gz_native_rest		wuziliangjiangdao	五子良将纛		462837
SKILL	gz_native_rest		gzzhengbi	gzzhengbi		462854
SKILL	gz_native_rest		gzfengying	gzfengying		463066
SKILL	gz_native_rest		junling4_eff	junling4_eff		463132
SKILL	gz_native_rest		junling5_eff	junling5_eff		463151
SKILL	gz_native_rest		gzjieyue	gzjieyue		463180
SKILL	gz_native_rest		jianglue	将略		463273
SKILL	gz_native_rest		gzxuanhuo	眩惑		463437
SKILL	gz_native_rest		fz_new_paoxiao	fz_new_paoxiao		463543
SKILL	gz_native_rest		fz_new_tieji	fz_new_tieji		463552
SKILL	gz_native_rest		fz_wusheng	fz_wusheng		463561
SKILL	gz_native_rest		fz_liegong	fz_liegong		463570
SKILL	gz_native_rest		fz_xinkuanggu	fz_xinkuanggu		463579
SKILL	gz_native_rest		fz_new_longdan	龙胆		463588
SKILL	gz_native_rest		gzenyuan	恩怨		463748
SKILL	gz_native_rest		gzjushou	gzjushou		463813
SKILL	gz_native_rest		new_duanliang	new_duanliang		463868
SKILL	gz_native_rest		new_shushen	淑慎		463935
SKILL	gz_native_rest		new_luanji	new_luanji		463974
SKILL	gz_native_rest		new_qingcheng	new_qingcheng		464083
SKILL	gz_native_rest		new_kongcheng	new_kongcheng		464198
SKILL	gz_native_rest		new_keji	new_keji		464290
SKILL	gz_native_rest		keji_add	克己		464320
SKILL	gz_native_rest		new_mouduan	new_mouduan		464333
SKILL	gz_native_rest		new_longdan	new_longdan		464364
SKILL	gz_native_rest		gzpaoxiao	gzpaoxiao		464530
SKILL	gz_native_rest		new_kurou	new_kurou		464578
SKILL	gz_native_rest		kurou_effect	苦肉		464612
SKILL	gz_native_rest		new_chuli	除疠		464626
SKILL	gz_native_rest		baka_hunshang	baka_hunshang		464700
SKILL	gz_native_rest		baka_yinghun	baka_yinghun		464749
SKILL	gz_native_rest		baka_yingzi	baka_yingzi		464758
SKILL	gz_native_rest		gzyiji	gzyiji		464784
SKILL	gz_native_rest		gzjieming	gzjieming		464902
SKILL	gz_native_rest		gzfangzhu	gzfangzhu		464973
SKILL	gz_native_rest		fengyin_main	封印[主将]		465085
SKILL	gz_native_rest		fengyin_vice	封印[副将]		465115
SKILL	gz_native_rest		new_tieji	new_tieji		465145
SKILL	gz_native_rest		hmkyuanyu	远域		465245
SKILL	gz_native_rest		hmkguishu	鬼术		465289
SKILL	gz_native_rest		_mingzhisuodingji	亮将		465372
SKILL	gz_native_rest		_viewnext	_viewnext		465451
SKILL	gz_native_rest		_aozhan_judge	_aozhan_judge		465476
SKILL	gz_native_rest		_guozhan_marks	标记		465559
SKILL	gz_native_rest		xianqu_mark	先驱		465645
SKILL	gz_native_rest		zhulianbihe_mark	珠联璧合		465700
SKILL	gz_native_rest		yinyang_mark	阴阳鱼		465708
SKILL	gz_native_rest		_zhulianbihe_mark_tao	珠联		465716
SKILL	gz_native_rest		_yinyang_mark_add	阴阳鱼		465737
SKILL	gz_native_rest		yinyang_add	阴阳鱼		465756
SKILL	gz_native_rest		yexinjia_mark	yexinjia_mark		465769
SKILL	gz_native_rest		yexinjia_friend	yexinjia_friend		465779
SKILL	gz_native_rest		_lianheng	合纵		465791
SKILL	gz_native_rest		qianhuan	qianhuan		465884
SKILL	gz_native_rest		gzsanyao	gzsanyao		466005
SKILL	gz_native_rest		gzzhiman	gzzhiman		466017
SKILL	gz_native_rest		gzdiancai	gzdiancai		466038
SKILL	gz_native_rest		xuanlve	旋略		466073
SKILL	gz_native_rest		jiahe_damage	缘江烽火图		466116
SKILL	gz_native_rest		jiahe_put	烽火		466142
SKILL	gz_native_rest		jiahe_skill	缘江烽火图		466217
SKILL	gz_native_rest		jiahe_reyingzi	英姿		466333
SKILL	gz_native_rest		jiahe_haoshi	好施		466342
SKILL	gz_native_rest		jiahe_shelie	涉猎		466351
SKILL	gz_native_rest		jiahe_duoshi	度势		466360
SKILL	gz_native_rest		yuanjiangfenghuotu	缘江烽火图		466369
SKILL	gz_native_rest		gzqice	gzqice		466398
SKILL	gz_native_normal		gz_jianxiong	奸雄		468623
SKILL	gz_native_normal		gz_ganglie	刚烈		468693
SKILL	gz_native_normal		gz_tuxi	突袭		468750
SKILL	gz_native_normal		gz_luoyi	裸衣		468818
SKILL	gz_native_normal		gz_yiji	遗计		468905
SKILL	gz_native_normal		gz_shensu	神速		469048
SKILL	gz_native_normal		gz_qiaobian	巧变		469115
SKILL	gz_native_normal		gz_duanliang	断粮		469247
SKILL	gz_native_normal		gz_jushou	据守		469325
SKILL	gz_native_normal		gz_qiangxi	强袭		469387
SKILL	gz_native_normal		gz_quhu	驱虎		469451
SKILL	gz_native_normal		gz_jieming	节命		469551
SKILL	gz_native_normal		gz_xingshang	行殇		469625
SKILL	gz_native_normal		gz_fangzhu	放逐		469645
SKILL	gz_native_normal		gz_xiaoguo	骁果		469780
SKILL	gz_native_normal		gz_rende	仁德		469843
SKILL	gz_native_normal		gz_wusheng	武圣		469985
SKILL	gz_native_normal		gz_paoxiao	咆哮		470056
SKILL	gz_native_normal		gz_kongcheng	空城		470107
SKILL	gz_native_normal		gz_longdan	龙胆		470204
SKILL	gz_native_normal		gz_tieji	铁骑		470368
SKILL	gz_native_normal		gz_mashu	马术		470479
SKILL	gz_native_normal		gz_md_mashu	gz_md_mashu		470491
SKILL	gz_native_normal		gz_mt_mashu	gz_mt_mashu		470499
SKILL	gz_native_normal		gz_pd_mashu	gz_pd_mashu		470507
SKILL	gz_native_normal		gz_jizhi	集智		470515
SKILL	gz_native_normal		gz_liegong	烈弓		470536
SKILL	gz_native_normal		gz_kuanggu	狂骨		470622
SKILL	gz_native_normal		gz_lianhuan	连环		470670
SKILL	gz_native_normal		gz_niepan	涅槃		470803
SKILL	gz_native_normal		gz_shushen	淑慎		470875
SKILL	gz_native_normal		gz_zhiheng	制衡		470905
SKILL	gz_native_normal		gz_keji	克己		470945
SKILL	gz_native_normal		gz_mouduan	谋断		470976
SKILL	gz_native_normal		gz_kurou	苦肉		471007
SKILL	gz_native_normal		gz_qianxun	谦逊		471044
SKILL	gz_native_normal		gz_duoshi	度势		471089
SKILL	gz_native_normal		gz_xiaoji	枭姬		471109
SKILL	gz_native_normal		gz_tianxiang	天香		471130
SKILL	gz_native_normal		gz_hongyan	红颜		471238
SKILL	gz_native_normal		gz_hanzhan	酣战		471261
SKILL	gz_native_normal		gz_duanbing	短兵		471330
SKILL	gz_native_normal		gz_wushuang	无双		471372
SKILL	gz_native_normal		gz_luanji	乱击		471428
SKILL	gz_native_normal		gz_shuangxiong	双雄		471536
SKILL	gz_native_normal		gz_weimu	帷幕		471568
SKILL	gz_native_normal		gz_duanchang	断肠		471616
SKILL	gz_native_normal		gz_mingshi	名士		471714
SKILL	gz_native_normal		gz_suishi	随势		471750
SKILL	gz_native_normal		gz_kuangfu	狂斧		471799
SKILL	gz_native_normal		gz_huoshui	祸水		471848
SKILL	gz_native_normal		qingcheng	qingcheng		471914
SKILL	gz_native_normal		gz_qingcheng	倾城		471936
SKILL	gz_native_zhen		gz_jixi	急袭		472062
SKILL	gz_native_zhen		ziliang	资粮		472077
SKILL	gz_native_zhen		fake_huyuan	护援		472113
SKILL	gz_native_zhen		heyi	鹤翼		472200
SKILL	gz_native_zhen		gz_shengxi	生息		472224
SKILL	gz_native_zhen		gz_shoucheng	守成		472243
SKILL	gz_native_zhen		yizhi	遗志		472298
SKILL	gz_native_zhen		tianfu	天覆		472315
SKILL	gz_native_zhen		yicheng	疑城		472332
SKILL	gz_native_zhen		gz_yicheng_new	疑城		472352
SKILL	gz_native_zhen		gz_shangyi	尚义		472378
SKILL	gz_native_zhen		niaoxiang	鸟翔		472432
SKILL	gz_native_zhen		qianhuan	千幻		472474
SKILL	gz_native_shi		gz_hengjiang	横江		472608
SKILL	gz_native_shi		gz_guixiu	闺秀		472687
SKILL	gz_native_shi		gz_cunsi	存嗣		472714
SKILL	gz_native_shi		yingyang	鹰扬		472782
SKILL	gz_native_shi		baka_hunshang	魂殇		472863
SKILL	gz_native_shi		baka_yinghun	英魂		472912
SKILL	gz_native_shi		baka_yingzi	英姿		472921
SKILL	gz_native_shi		fake_fenming	奋命		472947
SKILL	gz_native_shi		fake_baoling	暴凌		472985
SKILL	gz_native_shi		fake_benghuai	崩坏		473007
SKILL	gz_native_shi		gz_fengshi	锋矢		473043
SKILL	gz_native_bian		gz_xiongsuan	凶算		473067
SKILL	gz_native_bian		fake_yigui	役鬼		473162
SKILL	gz_native_bian		fake_jihun	汲魂		473546
SKILL	gz_native_bian		gz_yuejian	约俭		473604
SKILL	gz_native_bian		gz_qice	奇策		473647
SKILL	gz_native_quan		gz_zhengbi	征辟		473962
SKILL	gz_native_quan		gz_fengying	奉迎		474165
SKILL	gz_native_quan		gz_jieyue	节钺		474227
SKILL	gz_native_yingbian		gz_wuku	武库		474327
SKILL	gz_native_yingbian		gz_miewu	灭吴		474357
SKILL	gz_native_yingbian		gz_yingshi	鹰视		474482
SKILL	gz_native_yingbian		gz_ejue	扼绝		474529
SKILL	gz_native_yingbian		gz_shangshi	伤逝		474549
SKILL	gz_native_yingbian		gz_yimie	夷灭		474568
SKILL	gz_native_yingbian		gz_ruilve	睿略		474628
SKILL	gz_native_yingbian		gz_zhaoran	昭然		474698
SKILL	gz_native_yingbian		gz_beiluan	备乱		474760
SKILL	gz_native_yingbian		gz_pojing	迫境		474816
SKILL	gz_native_yingbian		gz_gongzhi	共执		474924
SKILL	gz_native_yingbian		gz_sheju	慑惧		474947
SKILL	gz_native_yingbian		gz_zhulan	助澜		474968
SKILL	gz_native_yingbian		gz_luanchang	乱常		475001
SKILL	gz_native_yingbian		gz_zhuosheng	擢升		475043
SKILL	gz_native_yingbian		gz_ciwei	慈威		475089
SKILL	gz_native_yingbian		gz_caiyuan	才媛		475140
SKILL	gz_native_yingbian		gz_yanxi	宴戏		475167
SKILL	gz_native_yingbian		gz_shiren	识人		475249
SKILL	gz_native_yingbian		gz_chengxi	乘隙		475295
SKILL	gz_native_yingbian		gz_jiantong	监统		475363
SKILL	gz_native_yingbian		gz_chujue	除绝		475418
SKILL	gz_native_yingbian		gz_jianzhi	奸志		475451
SKILL	gz_native_yingbian		gz_zhefu	哲妇		475500
SKILL	gz_native_yingbian		gz_yidu	遗毒		475549
SKILL	gz_native_yingbian		gz_chengliu	乘流		475614
SKILL	gz_native_yingbian		gz_zhuanzhan	转战		475674
SKILL	gz_native_yingbian		gz_xunji	勋济		475694
SKILL	gz_native_yingbian		gz_sanchen	三陈		475759
SKILL	gz_native_yingbian		gz_pozhu	破竹		475832
SKILL	gz_native_yingbian		gz_huaiyuan	怀远		475902
SKILL	gz_native_yingbian		gz_fushou	付授		475983
SKILL	gz_native_yingbian		gz_xijue	袭爵		476168
SKILL	gz_native_yingbian		gz_lvxian	履险		476301
SKILL	gz_native_yingbian		gz_yingwei	盈威		476361
SKILL	gz_native_yingbian		gz_jiaping	嘉平		476402
SKILL	gz_native_yingbian		bahuangsishiling	八荒死士令		476529
SKILL	gz_native_yingbian		gz_shunfu	瞬覆		476559
SKILL	gz_native_yingbian		gz_guikuang	诡诳		476604
SKILL	gz_native_yingbian		gz_shujuan	舒卷		476656
SKILL	gz_native_yingbian		gz_duanqiu	断虬		476735
SKILL	gz_native_yingbian		gz_xiace	黠策		476862
SKILL	gz_native_yingbian		gz_limeng	离梦		476945
SKILL	gz_native_yingbian		gz_xiejian	挟奸		477052
SKILL	gz_native_yingbian		gz_yinsha	引杀		477099
SKILL	gz_native_yingbian		gz_neiji	内忌		477195
SKILL	gz_native_yingbian		gz_bingxin	冰心		477303
SKILL	gz_native_yingbian		fakexiongshu	凶竖		477458
SKILL	gz_native_yingbian		fakejianhui	奸回		477516
SKILL	gz_native_yingbian		fakechongxin	崇信		477574
SKILL	gz_native_yingbian		fakeweirong	卫戎		477619
SKILL	gz_native_yingbian		fakequanbian	权变		477773
SKILL	gz_native_yingbian		fakezhouting	骤霆		477830
SKILL	gz_native_yingbian		fakexuanbei	选备		477874
SKILL	gz_native_yingbian		fakeqingleng	清冷		477968
SKILL	gz_native_yingbian		fakexijue	袭爵		478081
SKILL	gz_native_yingbian		fakeqimei	齐眉		478189
SKILL	gz_native_yingbian		fakebaoqie	宝箧		478312
SKILL	gz_native_yingbian		fakeciwei	慈威		478405
SKILL	gz_native_yingbian		fakehuirong	慧容		478485
SKILL	gz_native_yingbian		fakeyanxi	宴戏		478566
SKILL	gz_native_yingbian		fakeshiren	识人		478659
SKILL	gz_native_yingbian		fakecanmou	参谋		478731
SKILL	gz_native_yingbian		fakezhuosheng	擢升		478810
SKILL	gz_native_yingbian		fakejuhou	拒后		478990
SKILL	gz_native_yingbian		gznaxiang	纳降		479039
SKILL	gz_native_yingbian		fakecaiwang	才望		479048
SKILL	gz_native_yingbian		fakenaxiang	纳降		479268
SKILL	gz_native_yingbian		gzwanyi	婉嫕		479394
SKILL	gz_native_yingbian		gzwanyi2	gzwanyi2		479466
SKILL	gz_native_yingbian		gzmaihuo	埋祸		479472
SKILL	gz_native_yingbian		gzcaiyuan	才媛		479558
SKILL	gz_native_yingbian		gzzhaosong	诏颂		479585
SKILL	gz_native_yingbian		gzlisi	离思		479694
SKILL	gz_native_yingbian		gzxuanbei	选备		479718
SKILL	gz_native_yingbian		gzyimie	夷灭		479811
SKILL	gz_native_yingbian		gztairan	泰然		479826
SKILL	gz_native_yingbian		gzsanchen	三陈		479911
SKILL	gz_native_yingbian		gzpozhu	破竹		479996
SKILL	gz_native_yingbian		gzbolan	博览		480023
SKILL	gz_native_yingbian		gzchoufa	筹伐		480120
SKILL	gz_native_yingbian		gzhuishi	慧识		480145
SKILL	gz_native_yingbian		gzqingleng	清冷		480214
SKILL	gz_native_yingbian		gzquanbian	权变		480251
SKILL	gz_native_yingbian		gzzhuosheng	擢升		480325
SKILL	gz_native_yingbian		gzzhuosheng2	擢升		480344
SKILL	gz_native_wushuang		gz_juejing	绝境		480496
SKILL	gz_native_wushuang		gz_longhun	龙魂		480535
SKILL	gz_native_wushuang		gz_wushen	武神		480768
SKILL	gz_native_wushuang		gz_wuhun	gz_wuhun		480828
SKILL	gz_native_wushuang		gz_shelie	涉猎		480879
SKILL	gz_native_wushuang		gz_gongxin	攻心		480945
SKILL	gz_native_wushuang		gz_wuqian	无前		481014
SKILL	gz_native_wushuang		gz_shenfen	神愤		481143
SKILL	gz_native_wushuang		gz_guixin	归心		481200
SKILL	gz_native_wushuang		gz_feiying	飞影		481221
SKILL	gz_native_wushuang		gz_qinyin	琴音		481233
SKILL	gz_native_wushuang		gz_yeyan	业炎		481319
SKILL	gz_native_wushuang		gz_jilve	极略		481350
SKILL	gz_native_wushuang		gz_lianpo	连破		481428
SKILL	gz_native_wushuang		gz_junlve	军略		481446
SKILL	gz_native_wushuang		gz_cuike	摧克		481472
SKILL	gz_native_wushuang		gz_zhanhuo	绽火		481506
SKILL	gz_native_wushuang		gz_poxi	魄袭		481589
SKILL	gz_native_wushuang		gz_gn_jieying	劫营		481598
SKILL	gz_native_wushuang		gz_duorui	夺锐		481766
SKILL	gz_native_wushuang		gz_zhiti	止啼		481899
SKILL	gz_native_wushuang		gz_longnu	龙怒		481924
SKILL	gz_native_wushuang		gz_jieying	结营		482041
SKILL	gz_native_wushuang		gz_qixing	七星		482126
SKILL	gz_native_wushuang		gz_kuangfeng	狂风		482242
SKILL	gz_native_wushuang		gz_dawu	大雾		482352
SKILL	gz_native_wushuang		gz_yuanyu	怨语		482487
SKILL	gz_native_wushuang		gz_xiyan	夕颜		482532
SKILL	gz_native_wushuang		gz_shanjia	缮甲		482616
SKILL	gz_native_wushuang		gz_ziyuan	资援		482651
SKILL	gz_native_wushuang		gz_jugu	巨贾		482747
SKILL	gz_native_wushuang		gz_zhilve	知略		482772
SKILL	gz_native_wushuang		gz_danggu	党锢		482862
SKILL	gz_native_wushuang		gz_mowang	殁亡		482997
SKILL	gz_native_wushuang		gz_taoluan	滔乱		483120
SKILL	gz_native_wushuang		gz_chiyan	鸱咽		483193
SKILL	gz_native_wushuang		gz_zimou	自谋		483291
SKILL	gz_native_wushuang		gz_picai	庀材		483332
SKILL	gz_native_wushuang		gz_yaozhuo	谣诼		483398
SKILL	gz_native_wushuang		gz_xiaolu	宵赂		483481
SKILL	gz_native_wushuang		gz_kuiji	窥机		483553
SKILL	gz_native_wushuang		gz_chihe	叱吓		483641
SKILL	gz_native_wushuang		gz_niqu	逆取		483685
SKILL	gz_native_wushuang		gz_miaoyu	妙语		483709
SKILL	gz_native_wushuang		gz_tushe	图射		483749
SKILL	gz_native_wushuang		gz_limu	立牧		483773
SKILL	gz_native_wushuang		gz_new_yongsi	庸肆		483867
SKILL	gz_native_wushuang		gz_new_weidi	伪帝		483927
SKILL	gz_native_wushuang		gz_wuchang	无常		484010
SKILL	gz_native_wushuang		gz_liyu	利驭		484146
SKILL	gz_native_wushuang		gz_new_kuanggu	狂骨		484227
SKILL	gz_native_wushuang		gz_gongao	功獒		484260
SKILL	gz_native_wushuang		gz_caishi	才识		484290
SKILL	gz_native_wushuang		gz_huxiao	虎啸		484385
SKILL	gz_native_wushuang		gz_tongli	同礼		484468
SKILL	gz_native_wushuang		gz_shezang	奢葬		484521
SKILL	gz_native_wushuang		gz_zhengnan	征南		484545
SKILL	gz_native_wushuang		gz_lingren	凌人		484580
SKILL	gz_native_wushuang		gz_fujian	伏间		484639
SKILL	gz_native_wushuang		gz_qingzhong	清忠		484673
SKILL	gz_native_wushuang		gz_weijing	卫境		484735
SKILL	gz_native_wushuang		gz_qiangwu	枪舞		484834
SKILL	gz_native_wushuang		gz_jungong	峻攻		484931
SKILL	gz_native_wushuang		gz_dengli	等力		484986
SKILL	gz_native_wushuang		gz_quedi	却敌		485027
SKILL	gz_native_wushuang		gz_zhuifeng	椎锋		485180
SKILL	gz_native_wushuang		gz_chongjian	冲坚		485200
